Date,Open,High,Low,Close,Adj Close,Volume
1995-03-24,1.006243,1.013017,1.002366,1.006243,0.358718,6029
1995-03-27,null,null,null,null,null,null
1995-03-28,1.027527,1.027527,1.027527,1.027527,0.366306,0
1995-03-29,null,null,null,null,null,null
1995-03-30,null,null,null,null,null,null
1995-03-31,1.035263,1.037197,1.020753,1.035263,0.369064,5990
1995-04-03,null,null,null,null,null,null
1995-04-04,null,null,null,null,null,null
1995-04-05,null,null,null,null,null,null
1995-04-06,null,null,null,null,null,null
1995-04-07,null,null,null,null,null,null
1995-04-10,null,null,null,null,null,null
1995-04-11,null,null,null,null,null,null
1995-04-12,null,null,null,null,null,null
1995-04-13,null,null,null,null,null,null
1995-04-14,null,null,null,null,null,null
1995-04-17,1.064292,1.064292,1.064292,1.064292,0.379412,0
1995-04-18,null,null,null,null,null,null
1995-04-19,null,null,null,null,null,null
1995-04-20,null,null,null,null,null,null
1995-04-21,null,null,null,null,null,null
1995-04-24,null,null,null,null,null,null
1995-04-25,1.040103,1.040103,1.040103,1.040103,0.370789,0
1995-04-26,null,null,null,null,null,null
1995-04-27,null,null,null,null,null,null
1995-04-28,null,null,null,null,null,null
1995-05-01,0.996564,0.996564,0.996564,0.996564,0.355268,0
1995-05-02,null,null,null,null,null,null
1995-05-03,null,null,null,null,null,null
1995-05-04,null,null,null,null,null,null
1995-05-05,null,null,null,null,null,null
1995-05-08,null,null,null,null,null,null
1995-05-09,null,null,null,null,null,null
1995-05-10,null,null,null,null,null,null
1995-05-11,null,null,null,null,null,null
1995-05-12,null,null,null,null,null,null
1995-05-15,null,null,null,null,null,null
1995-05-16,null,null,null,null,null,null
1995-05-17,null,null,null,null,null,null
1995-05-18,null,null,null,null,null,null
1995-05-19,null,null,null,null,null,null
1995-05-22,null,null,null,null,null,null
1995-05-23,null,null,null,null,null,null
1995-05-24,null,null,null,null,null,null
1995-05-25,null,null,null,null,null,null
1995-05-26,null,null,null,null,null,null
1995-05-29,null,null,null,null,null,null
1995-05-30,null,null,null,null,null,null
1995-05-31,null,null,null,null,null,null
1995-06-01,null,null,null,null,null,null
1995-06-02,null,null,null,null,null,null
1995-06-05,null,null,null,null,null,null
1995-06-06,null,null,null,null,null,null
1995-06-07,null,null,null,null,null,null
1995-06-08,null,null,null,null,null,null
1995-06-09,null,null,null,null,null,null
1995-06-12,null,null,null,null,null,null
1995-06-13,null,null,null,null,null,null
1995-06-14,null,null,null,null,null,null
1995-06-15,null,null,null,null,null,null
1995-06-16,null,null,null,null,null,null
1995-06-19,null,null,null,null,null,null
1995-06-20,null,null,null,null,null,null
1995-06-21,null,null,null,null,null,null
1995-06-22,null,null,null,null,null,null
1995-06-23,null,null,null,null,null,null
1995-06-26,null,null,null,null,null,null
1995-06-27,null,null,null,null,null,null
1995-06-28,null,null,null,null,null,null
1995-06-29,null,null,null,null,null,null
1995-06-30,null,null,null,null,null,null
1995-07-03,null,null,null,null,null,null
1995-07-04,null,null,null,null,null,null
1995-07-05,null,null,null,null,null,null
1995-07-06,null,null,null,null,null,null
1995-07-07,null,null,null,null,null,null
1995-07-10,null,null,null,null,null,null
1995-07-11,null,null,null,null,null,null
1995-07-12,null,null,null,null,null,null
1995-07-13,null,null,null,null,null,null
1995-07-14,null,null,null,null,null,null
1995-07-17,null,null,null,null,null,null
1995-07-18,null,null,null,null,null,null
1995-07-19,null,null,null,null,null,null
1995-07-20,null,null,null,null,null,null
1995-07-21,null,null,null,null,null,null
1995-07-24,null,null,null,null,null,null
1995-07-25,null,null,null,null,null,null
1995-07-26,null,null,null,null,null,null
1995-07-27,null,null,null,null,null,null
1995-07-28,null,null,null,null,null,null
1995-07-31,null,null,null,null,null,null
1995-08-01,null,null,null,null,null,null
1995-08-02,0.938515,0.938515,0.938515,0.938515,0.334574,4503
1995-08-03,0.935609,0.939477,0.934638,0.935609,0.333538,579957
1995-08-04,0.936581,0.943354,0.935609,0.936581,0.333884,474101
1995-08-07,0.946251,0.953025,0.931741,0.946251,0.337332,463965
1995-08-08,0.948185,0.955930,0.934638,0.948185,0.338021,450452
1995-08-09,0.948185,0.950119,0.934638,0.948185,0.338021,412163
1995-08-10,0.957864,0.957864,0.940449,0.957864,0.341472,484236
1995-08-11,0.955930,0.964638,0.950119,0.955930,0.340782,597975
1995-08-14,0.955930,0.955930,0.955930,0.955930,0.340782,0
1995-08-15,0.955930,0.955930,0.955930,0.955930,0.340782,0
1995-08-16,0.957864,0.965601,0.957864,0.957864,0.341472,407659
1995-08-17,0.965601,0.965601,0.953996,0.965601,0.344230,590092
1995-08-18,0.948185,0.963667,0.946251,0.948185,0.338021,432434
1995-08-21,0.944317,0.963667,0.930770,0.944317,0.336642,384010
1995-08-22,0.942383,0.948185,0.932704,0.942383,0.335953,334460
1995-08-23,0.946251,0.948185,0.928836,0.946251,0.337332,222973
1995-08-24,null,null,null,null,null,null
1995-08-25,0.915288,0.936581,0.909486,0.915288,0.326294,227477
1995-08-28,0.879486,0.909486,0.861107,0.879486,0.313530,404281
1995-08-29,0.852400,0.873683,0.847560,0.852400,0.303874,784913
1995-08-30,0.841758,0.866910,0.841758,0.841758,0.300081,467343
1995-08-31,0.814663,0.848531,0.812729,0.814663,0.290421,843472
1995-09-01,0.841758,0.841758,0.812729,0.841758,0.300081,816444
1995-09-04,0.841758,0.858202,0.839824,0.841758,0.300081,333334
1995-09-05,0.836918,0.848531,0.835947,0.836918,0.298355,458335
1995-09-06,0.851428,0.855296,0.834984,0.851428,0.303528,190315
1995-09-07,0.862070,0.866910,0.841758,0.862070,0.307322,484236
1995-09-08,0.848531,0.859173,0.846588,0.848531,0.302495,228604
1995-09-11,0.827239,0.848531,0.822408,0.827239,0.294905,244370
1995-09-12,0.830144,0.848531,0.818531,0.830144,0.295940,248874
1995-09-13,0.847560,0.847560,0.822408,0.847560,0.302149,903157
1995-09-14,0.832078,0.845626,0.828210,0.832078,0.296630,582210
1995-09-15,0.840786,0.841758,0.816597,0.840786,0.299734,4217363
1995-09-18,0.853362,0.856268,0.839824,0.853362,0.304217,286036
1995-09-19,0.851428,0.854334,0.849494,0.851428,0.303528,511263
1995-09-20,0.854334,0.855296,0.851428,0.854334,0.304564,190315
1995-09-21,0.835947,0.851428,0.832078,0.835947,0.298009,104729
1995-09-22,0.824342,0.851428,0.814663,0.824342,0.293872,468470
1995-09-25,0.800153,0.822408,0.774030,0.800153,0.285249,409911
1995-09-26,0.822408,0.831116,0.806927,0.822408,0.293182,384010
1995-09-27,0.826276,0.839824,0.814663,0.826276,0.294561,291667
1995-09-28,0.800153,0.812729,0.779832,0.800153,0.285249,477479
1995-09-29,0.810795,0.810795,0.754680,0.810795,0.289043,608111
1995-10-02,0.795313,0.813700,0.793379,0.809823,0.288696,100224
1995-10-03,0.787577,0.816597,0.787577,0.816597,0.291111,238739
1995-10-04,0.799181,0.811757,0.799181,0.803050,0.286281,161036
1995-10-05,0.793379,0.810795,0.793379,0.796285,0.283870,61936
1995-10-06,0.790474,0.803050,0.786605,0.797247,0.284213,156531
1995-10-09,0.796285,0.803050,0.789511,0.789511,0.281455,180180
1995-10-10,0.786605,0.801115,0.754680,0.768218,0.273864,251127
1995-10-11,0.781766,0.781766,0.758548,0.780803,0.278351,217343
1995-10-12,0.792408,0.797247,0.779832,0.792408,0.282488,1363745
1995-10-13,0.791445,0.830144,0.791445,0.804021,0.286628,479731
1995-10-16,0.791445,0.830144,0.791445,0.791445,0.282144,336713
1995-10-17,0.776926,0.809823,0.766284,0.783700,0.279383,336713
1995-10-18,0.783700,0.806927,0.783700,0.783700,0.279383,353604
1995-10-19,0.786605,0.799181,0.777898,0.777898,0.277315,134008
1995-10-20,0.774030,0.774992,0.756614,0.768218,0.273864,335586
1995-10-23,0.748869,0.764350,0.717906,0.746935,0.266277,681309
1995-10-24,0.754680,0.777898,0.746935,0.764350,0.272485,227477
1995-10-25,0.793379,0.793379,0.757585,0.759511,0.270760,176802
1995-10-26,0.756614,0.791445,0.756614,0.774030,0.275936,257883
1995-10-27,0.764350,0.779832,0.757585,0.772095,0.275246,207208
1995-10-30,0.774030,0.779832,0.768218,0.774030,0.275936,225226
1995-10-31,0.774030,0.803050,0.768218,0.803050,0.286281,372749
1995-11-01,0.774030,0.803050,0.768218,0.803050,0.286281,1
1995-11-02,0.813700,0.832078,0.813700,0.828210,0.295251,11
1995-11-03,0.853362,0.859173,0.841758,0.845626,0.301460,11
1995-11-06,0.797247,0.812729,0.790474,0.795313,0.283523,8
1995-11-07,null,null,null,null,null,null
1995-11-08,0.777898,0.782737,0.775964,0.777898,0.277315,1
1995-11-09,0.774030,0.846588,0.772095,0.782737,0.279040,7
1995-11-10,0.774030,0.774030,0.756614,0.766284,0.273175,4
1995-11-13,0.756614,0.768218,0.754680,0.768218,0.273864,3
1995-11-14,0.762416,0.777898,0.754680,0.764350,0.272485,2
1995-11-15,0.772095,0.772095,0.751774,0.763388,0.272142,5
1995-11-16,0.764350,0.803050,0.764350,0.767256,0.273521,1
1995-11-17,0.775964,0.791445,0.768218,0.784671,0.279730,5
1995-11-20,0.791445,0.792408,0.780803,0.788540,0.281109,1
1995-11-21,null,null,null,null,null,null
1995-11-22,0.781766,0.792408,0.760482,0.785634,0.280073,5
1995-11-23,0.771124,0.784671,0.771124,0.773058,0.275590,1
1995-11-24,0.779832,0.779832,0.757585,0.765322,0.272832,1
1995-11-27,0.783700,0.783700,0.754680,0.754680,0.269038,1
1995-11-28,null,null,null,null,null,null
1995-11-29,0.758548,0.764350,0.745001,0.746935,0.266277,1
1995-11-30,0.754680,0.764350,0.735321,0.764350,0.272485,5
1995-12-01,0.774030,0.774030,0.746935,0.773058,0.275590,6
1995-12-04,null,null,null,null,null,null
1995-12-05,0.757585,0.770153,0.750803,0.763388,0.272142,5
1995-12-06,0.764350,0.770153,0.758548,0.770153,0.274554,5
1995-12-07,0.772095,0.779832,0.753708,0.761445,0.271450,5
1995-12-08,0.761445,0.761445,0.761445,0.761445,0.271450,0
1995-12-11,null,null,null,null,null,null
1995-12-12,0.756614,0.783700,0.756614,0.782737,0.279040,6
1995-12-13,0.769190,0.783700,0.769190,0.781766,0.278694,7
1995-12-14,0.767256,0.810795,0.765322,0.799181,0.284902,1505638
1995-12-15,0.791445,0.809823,0.789511,0.809823,0.288696,469596
1995-12-18,0.794342,0.804993,0.793379,0.799181,0.284902,298424
1995-12-19,0.794342,0.831116,0.794342,0.828210,0.295251,457208
1995-12-20,0.818531,0.845626,0.772095,0.772095,0.275246,537164
1995-12-21,0.793379,0.818531,0.785634,0.803050,0.286281,307433
1995-12-22,0.804993,0.829173,0.793379,0.828210,0.295251,260135
1995-12-25,0.828210,0.828210,0.828210,0.828210,0.295251,0
1995-12-26,0.828210,0.828210,0.828210,0.828210,0.295251,0
1995-12-27,0.827239,0.827239,0.811757,0.825305,0.294215,147523
1995-12-28,0.812729,0.836918,0.812729,0.836918,0.298355,253378
1995-12-29,0.832078,0.836918,0.800153,0.836918,0.298355,211711
1996-01-01,0.836918,0.836918,0.836918,0.836918,0.298355,0
1996-01-02,0.845626,0.847560,0.822408,0.847560,0.302149,156531
1996-01-03,0.832078,0.849494,0.832078,0.832078,0.296630,208333
1996-01-04,0.815634,0.845626,0.815634,0.845626,0.301460,102477
1996-01-05,0.824342,0.839824,0.808861,0.813700,0.290078,113738
1996-01-08,0.808861,0.816597,0.803050,0.816597,0.291111,108107
1996-01-09,0.812729,0.820465,0.801115,0.817568,0.291457,384010
1996-01-10,0.804021,0.812729,0.796285,0.810795,0.289043,380632
1996-01-11,0.800153,0.811757,0.791445,0.794342,0.283177,263513
1996-01-12,0.793379,0.812729,0.793379,0.812729,0.289732,271396
1996-01-15,0.810795,0.818531,0.807889,0.809823,0.288696,1207213
1996-01-16,0.816597,0.845626,0.803050,0.845626,0.301460,808562
1996-01-17,0.845626,0.845626,0.807889,0.807889,0.288007,331082
1996-01-18,0.870778,0.874655,0.841758,0.861107,0.306978,86711
1996-01-19,0.870778,0.909486,0.870778,0.909486,0.324225,896400
1996-01-22,0.883363,0.894976,0.861107,0.888193,0.316634,434686
1996-01-23,0.868844,0.887231,0.856268,0.873683,0.311462,329956
1996-01-24,0.883363,0.904646,0.873683,0.883363,0.314912,435812
1996-01-25,0.883363,0.894976,0.874655,0.875617,0.312151,349099
1996-01-26,0.869815,0.870778,0.859173,0.861107,0.306978,363739
1996-01-29,0.865947,0.866910,0.857239,0.861107,0.306978,227477
1996-01-30,0.870778,0.880457,0.864976,0.880457,0.313877,426803
1996-01-31,0.880457,0.909486,0.864976,0.909486,0.324225,590092
1996-02-01,0.911420,0.938515,0.909486,0.922062,0.328708,653155
1996-02-02,0.923033,0.927873,0.911420,0.917231,0.326986,390767
1996-02-05,0.921099,0.928836,0.903684,0.920128,0.328019,337838
1996-02-06,0.899807,0.957864,0.899807,0.932704,0.332502,822076
1996-02-07,0.938515,0.942383,0.923996,0.929807,0.331470,247748
1996-02-08,0.928836,0.940449,0.928836,0.938515,0.334574,306307
1996-02-09,0.938515,0.944317,0.932704,0.934638,0.333192,694822
1996-02-12,0.919165,0.941412,0.919165,0.938515,0.334574,643020
1996-02-13,0.938515,0.947223,0.928836,0.947223,0.337678,630632
1996-02-14,0.926902,0.928836,0.915288,0.915288,0.326294,676804
1996-02-15,0.891277,0.909486,0.880457,0.909486,0.324225,701579
1996-02-16,0.894976,0.904646,0.851428,0.854334,0.304564,427929
1996-02-19,0.857239,0.861107,0.799181,0.814663,0.290421,559687
1996-02-20,null,null,null,null,null,null
1996-02-21,0.805955,0.809823,0.783700,0.783700,0.279383,273649
1996-02-22,null,null,null,null,null,null
1996-02-23,0.793379,0.807889,0.785634,0.795313,0.283523,614867
1996-02-26,0.793379,0.810795,0.793379,0.798219,0.284559,611489
1996-02-27,0.802149,0.832078,0.793379,0.805955,0.287317,443695
1996-02-28,0.843692,0.864004,0.815634,0.860136,0.306632,287163
1996-02-29,0.863041,0.876589,0.834013,0.874655,0.311808,316442
1996-03-01,0.870778,0.870778,0.844654,0.865947,0.308704,156531
1996-03-04,0.845626,0.868844,0.845626,0.857239,0.305600,155406
1996-03-05,0.854334,0.876589,0.854334,0.876589,0.312498,291667
1996-03-06,0.856268,0.866910,0.817568,0.851428,0.303528,264640
1996-03-07,0.827239,0.861107,0.827239,0.843692,0.300770,212838
1996-03-08,0.844654,0.844654,0.797247,0.804993,0.286974,322073
1996-03-11,0.803050,0.803050,0.783700,0.802149,0.285960,716219
1996-03-12,0.816597,0.816597,0.791445,0.801115,0.285592,356983
1996-03-13,0.804993,0.812729,0.785634,0.796285,0.283870,135135
1996-03-14,0.787577,0.835947,0.787577,0.821437,0.292836,141891
1996-03-15,0.816597,0.816597,0.790474,0.804021,0.286628,4110381
1996-03-18,0.798219,0.806927,0.791445,0.798219,0.284559,109234
1996-03-19,0.787577,0.806927,0.787577,0.794342,0.283177,130630
1996-03-20,0.793379,0.797247,0.783700,0.796285,0.283870,119369
1996-03-21,0.794342,0.799181,0.783700,0.794342,0.283177,104729
1996-03-22,0.787577,0.802149,0.781766,0.783700,0.279383,139639
1996-03-25,0.777898,0.800153,0.777898,0.795313,0.283523,128378
1996-03-26,0.789511,0.793379,0.777898,0.777898,0.277315,218469
1996-03-27,0.778869,0.787577,0.774030,0.786605,0.280419,750003
1996-03-28,0.774992,0.797247,0.755643,0.767256,0.273521,479731
1996-03-29,0.774030,0.801115,0.765322,0.801115,0.285592,1924559
1996-04-01,0.803050,0.803050,0.777898,0.797247,0.284213,190315
1996-04-02,0.793379,0.803050,0.785634,0.802149,0.285960,158784
1996-04-03,0.797247,0.810795,0.796285,0.810795,0.289043,149774
1996-04-04,0.783700,0.816597,0.783700,0.812729,0.289732,174549
1996-04-05,0.816597,0.816597,0.798219,0.800153,0.285249,68693
1996-04-08,0.800153,0.800153,0.800153,0.800153,0.285249,0
1996-04-09,0.793379,0.830144,0.793379,0.817568,0.291457,265766
1996-04-10,0.831116,0.832078,0.812729,0.820465,0.292490,486488
1996-04-11,0.822408,0.833050,0.807889,0.808861,0.288353,527028
1996-04-12,0.820465,0.830144,0.803050,0.815634,0.290768,225226
1996-04-15,0.828210,0.841758,0.828210,0.829173,0.295594,534911
1996-04-16,0.828210,0.849494,0.827239,0.849494,0.302838,424551
1996-04-17,0.849494,0.856268,0.826276,0.856268,0.305253,559687
1996-04-18,0.827239,0.854334,0.824342,0.852400,0.303874,250000
1996-04-19,0.869815,0.869815,0.832078,0.857239,0.305600,917797
1996-04-22,0.872712,0.917231,0.870778,0.882391,0.314566,469596
1996-04-23,0.899807,0.913354,0.877551,0.899807,0.320775,845724
1996-04-24,0.888193,0.909486,0.870778,0.882391,0.314566,335586
1996-04-25,0.882391,0.882391,0.882391,0.882391,0.314566,0
1996-04-26,0.905618,0.905618,0.883363,0.903684,0.322157,685814
1996-04-29,0.884325,0.901750,0.884325,0.894004,0.318706,346848
1996-04-30,0.902712,0.913354,0.884325,0.913354,0.325604,472974
1996-05-01,0.913354,0.913354,0.913354,0.913354,0.325604,0
1996-05-02,0.899807,0.967535,0.899807,0.967535,0.344919,677931
1996-05-03,0.929807,0.957864,0.923996,0.957864,0.341472,477479
1996-05-06,0.929807,0.942383,0.919165,0.931741,0.332159,265766
1996-05-07,0.945289,0.948185,0.921099,0.921099,0.328365,262388
1996-05-08,0.920128,0.928836,0.905618,0.912392,0.325261,461713
1996-05-09,0.902712,0.928836,0.902712,0.928836,0.331123,889644
1996-05-10,0.926902,0.928836,0.909486,0.927873,0.330780,140766
1996-05-13,0.912392,0.928836,0.912392,0.928836,0.331123,2011271
1996-05-14,0.948185,0.948185,0.921099,0.938515,0.334574,153153
1996-05-15,0.927873,0.928836,0.903684,0.903684,0.322157,1310817
1996-05-16,0.901750,0.916260,0.896910,0.896910,0.319742,212838
1996-05-17,0.899807,0.928836,0.890127,0.925939,0.330090,2011271
1996-05-20,0.896910,0.903684,0.885297,0.894004,0.318706,450452
1996-05-21,0.889165,0.926902,0.889165,0.926902,0.330434,264640
1996-05-22,0.919165,0.919165,0.890127,0.891277,0.317734,165541
1996-05-23,0.893042,0.909486,0.893042,0.902712,0.321810,1125
1996-05-24,0.894976,0.899807,0.874655,0.874655,0.311808,242117
1996-05-27,0.871749,0.909486,0.864976,0.874655,0.311808,127252
1996-05-28,0.877551,0.881420,0.851428,0.867881,0.309393,175675
1996-05-29,0.835947,0.869815,0.835947,0.844654,0.301113,426803
1996-05-30,0.850466,0.850466,0.806927,0.806927,0.287664,457208
1996-05-31,0.806927,0.839824,0.806927,0.839824,0.299391,403154
1996-06-03,0.828210,0.830144,0.774030,0.811757,0.289385,1088969
1996-06-04,0.794342,0.826276,0.794342,0.826276,0.294561,505632
1996-06-05,0.824342,0.837881,0.812729,0.837881,0.298698,203829
1996-06-06,0.812729,0.840786,0.812729,0.828210,0.295251,2069829
1996-06-07,0.834984,0.835947,0.812729,0.825305,0.294215,121622
1996-06-10,0.835947,0.835947,0.813700,0.818531,0.291800,92342
1996-06-11,0.828210,0.828210,0.793379,0.798219,0.284559,300676
1996-06-12,0.799181,0.810795,0.793379,0.793379,0.282834,222973
1996-06-13,0.793379,0.804993,0.785634,0.791445,0.282144,222973
1996-06-14,0.790474,0.793379,0.784671,0.786605,0.280419,369370
1996-06-17,0.785634,0.793379,0.781766,0.793379,0.282834,194820
1996-06-18,0.802149,0.808861,0.794342,0.795313,0.283523,264640
1996-06-19,0.817568,0.828210,0.784671,0.784671,0.279730,2578841
1996-06-20,0.808861,0.812729,0.785634,0.795313,0.283523,2666680
1996-06-21,0.787577,0.836918,0.775964,0.785634,0.280073,4905431
1996-06-24,0.781766,0.804993,0.774030,0.782737,0.279040,247748
1996-06-25,0.778869,0.799181,0.777898,0.790474,0.281798,318695
1996-06-26,0.786605,0.810795,0.780803,0.781766,0.278694,210586
1996-06-27,0.780803,0.802149,0.778869,0.802149,0.285960,218469
1996-06-28,0.793379,0.821437,0.788540,0.796285,0.283870,304055
1996-07-01,0.839824,0.839824,0.797247,0.797247,0.284213,197072
1996-07-02,0.793379,0.809823,0.785634,0.785634,0.280073,172297
1996-07-03,0.779832,0.808861,0.779832,0.808861,0.288353,238739
1996-07-04,0.795313,0.820465,0.792408,0.804993,0.286974,182432
1996-07-05,0.803050,0.812729,0.785634,0.786605,0.280419,156531
1996-07-08,0.785634,0.810795,0.783700,0.805955,0.287317,146396
1996-07-09,0.808861,0.808861,0.789511,0.808861,0.288353,135135
1996-07-10,0.801115,0.806927,0.793379,0.805955,0.287317,305180
1996-07-11,0.797247,0.821437,0.797247,0.821437,0.292836,264640
1996-07-12,0.815634,0.822408,0.804021,0.805955,0.287317,287163
1996-07-15,0.808861,0.808861,0.783700,0.783700,0.279383,143018
1996-07-16,0.786605,0.786605,0.745001,0.745001,0.265587,469596
1996-07-17,0.766284,0.791445,0.762416,0.762416,0.271796,476353
1996-07-18,0.766284,0.772095,0.756614,0.772095,0.275246,263513
1996-07-19,0.772095,0.775964,0.743067,0.747906,0.266623,397523
1996-07-22,0.764350,0.771124,0.741133,0.753708,0.268691,240992
1996-07-23,0.752737,0.768218,0.749840,0.761445,0.271450,177928
1996-07-24,0.778869,0.778869,0.729519,0.735321,0.262137,363739
1996-07-25,0.735321,0.755643,0.725651,0.735321,0.262137,333334
1996-07-26,0.735321,0.745001,0.715972,0.725651,0.258689,326577
1996-07-29,0.742095,0.742095,0.715972,0.715972,0.255239,273649
1996-07-30,0.725651,0.735321,0.686952,0.717906,0.255928,240992
1996-07-31,0.697594,0.734359,0.696622,0.725651,0.258689,238739
1996-08-01,0.735321,0.736293,0.706301,0.710170,0.253170,326577
1996-08-02,0.727585,0.736293,0.727585,0.733387,0.261447,82206
1996-08-05,0.738227,0.743067,0.732425,0.735321,0.262137,240992
1996-08-06,0.736293,0.748869,0.727585,0.747906,0.266623,184685
1996-08-07,0.746935,0.746935,0.725651,0.745001,0.265587,157657
1996-08-08,0.741133,0.753708,0.741133,0.751774,0.268002,149774
1996-08-09,0.752737,0.752737,0.735321,0.735321,0.262137,324325
1996-08-12,0.745001,0.745001,0.721783,0.735321,0.262137,174549
1996-08-13,0.735321,0.735321,0.712104,0.712104,0.253860,176802
1996-08-14,0.712104,0.734359,0.706301,0.734359,0.261794,85585
1996-08-15,0.734359,0.734359,0.734359,0.734359,0.261794,0
1996-08-16,0.737264,0.743067,0.735321,0.738227,0.263173,623876
1996-08-19,0.721783,0.737264,0.708235,0.715009,0.254895,138513
1996-08-20,0.701462,0.735321,0.701462,0.724680,0.258343,208333
1996-08-21,0.717906,0.732425,0.717906,0.723717,0.258000,185810
1996-08-22,0.711141,0.718877,0.703396,0.711141,0.253517,273649
1996-08-23,0.708235,0.719849,0.700490,0.719849,0.256621,271396
1996-08-26,0.715972,0.715972,0.698556,0.708235,0.252481,97972
1996-08-27,0.701462,0.705330,0.689848,0.694688,0.247651,250000
1996-08-28,0.686952,0.686952,0.669536,0.671470,0.239374,640768
1996-08-29,0.676310,0.677272,0.654055,0.660828,0.235580,441442
1996-08-30,0.657923,0.668565,0.644375,0.648244,0.231094,246622
1996-09-02,0.638573,0.648244,0.625026,0.638573,0.227647,406533
1996-09-03,0.624054,0.629865,0.615346,0.623092,0.222128,281532
1996-09-04,0.622120,0.648244,0.622120,0.632762,0.225575,421172
1996-09-05,0.626960,0.653083,0.619224,0.625026,0.222817,5238766
1996-09-06,0.648244,0.648244,0.628894,0.643413,0.229372,329956
1996-09-09,0.652121,0.686952,0.644375,0.682112,0.243168,342343
1996-09-10,0.683075,0.702433,0.683075,0.702433,0.250412,599101
1996-09-11,0.706301,0.708235,0.677272,0.677272,0.241443,301802
1996-09-12,0.670499,0.689848,0.670499,0.674367,0.240407,337838
1996-09-13,0.696622,0.720811,0.694688,0.720811,0.256964,301802
1996-09-16,0.715972,0.735321,0.701462,0.715972,0.255239,504506
1996-09-17,0.724680,0.733387,0.702433,0.715972,0.255239,162162
1996-09-18,0.661791,0.715972,0.661791,0.687914,0.245236,219594
1996-09-19,0.686952,0.696622,0.669536,0.675338,0.240753,329956
1996-09-20,0.663725,0.682112,0.661791,0.667602,0.237995,2729744
1996-09-23,0.667602,0.667602,0.667602,0.667602,0.237995,0
1996-09-24,0.659857,0.664697,0.625997,0.636639,0.226957,1432439
1996-09-25,0.609544,0.636639,0.609544,0.636639,0.226957,4408806
1996-09-26,0.641470,0.648244,0.625026,0.625026,0.222817,756759
1996-09-27,0.641470,0.648244,0.640507,0.648244,0.231094,1042797
1996-09-30,0.659857,0.667602,0.645347,0.655989,0.233855,1194825
1996-10-01,0.653083,0.661791,0.647281,0.658894,0.234891,542794
1996-10-02,0.655017,0.655017,0.638573,0.642441,0.229026,280406
1996-10-03,0.653083,0.657923,0.648244,0.648244,0.231094,254505
1996-10-04,0.653083,0.656951,0.637602,0.642441,0.229026,442569
1996-10-07,0.633734,0.641470,0.628894,0.635668,0.226611,204955
1996-10-08,0.633734,0.639536,0.623092,0.630828,0.224886,333334
1996-10-09,0.624054,0.646309,0.624054,0.632762,0.225575,181307
1996-10-10,0.628894,0.630828,0.609544,0.609544,0.217298,371622
1996-10-11,0.611478,0.628894,0.611478,0.616318,0.219713,177928
1996-10-14,0.624054,0.624054,0.607610,0.613412,0.218677,131756
1996-10-15,0.610516,0.617289,0.595997,0.608582,0.216955,407659
1996-10-16,0.599874,0.613412,0.580515,0.588261,0.209711,417794
1996-10-17,0.576647,0.594063,0.571808,0.592129,0.211090,337838
1996-10-18,0.593100,0.609544,0.592129,0.607610,0.216609,343469
1996-10-21,0.610516,0.614384,0.591166,0.595034,0.212125,257883
1996-10-22,0.594063,0.603742,0.594063,0.596968,0.212815,184685
1996-10-23,0.590195,0.605676,0.590195,0.597931,0.213158,282658
1996-10-24,0.604705,0.615346,0.600836,0.606639,0.216262,337838
1996-10-25,0.606639,0.636639,0.605676,0.634705,0.226268,387388
1996-10-28,0.625997,0.625997,0.612450,0.613412,0.218677,212838
1996-10-29,0.604705,0.610516,0.599874,0.603742,0.215230,84459
1996-10-30,0.599874,0.609544,0.592129,0.592129,0.211090,144144
1996-10-31,0.599874,0.613412,0.590195,0.590195,0.210400,104729
1996-11-01,0.590195,0.590195,0.590195,0.590195,0.210400,0
1996-11-04,0.599874,0.623092,0.599874,0.621158,0.221438,173424
1996-11-05,0.608582,0.625026,0.608582,0.625026,0.222817,106982
1996-11-06,0.624054,0.636639,0.619224,0.636639,0.226957,259010
1996-11-07,0.630828,0.634705,0.616318,0.634705,0.226268,122747
1996-11-08,0.628894,0.634705,0.626960,0.629865,0.224542,91216
1996-11-11,0.613412,0.628894,0.613412,0.622120,0.221781,176802
1996-11-12,0.611478,0.626960,0.611478,0.623092,0.222128,138513
1996-11-13,0.659857,0.665659,0.641470,0.654055,0.233166,402028
1996-11-14,0.648244,0.665659,0.648244,0.665659,0.237303,470723
1996-11-15,0.663725,0.667602,0.654055,0.654055,0.233166,1056311
1996-11-18,0.677272,0.688886,0.667602,0.677272,0.241443,316442
1996-11-19,0.677272,0.690820,0.668565,0.688886,0.245583,823202
1996-11-20,0.695660,0.701462,0.685018,0.690820,0.246272,467343
1996-11-21,0.697594,0.698556,0.683075,0.695660,0.247998,397523
1996-11-22,0.696622,0.696622,0.667602,0.671470,0.239374,760139
1996-11-25,0.686952,0.695660,0.675338,0.685018,0.244204,586713
1996-11-26,0.686952,0.688886,0.657923,0.657923,0.234545,375000
1996-11-27,0.662762,0.669536,0.651149,0.652121,0.232476,286036
1996-11-28,0.651149,0.651149,0.638573,0.648244,0.231094,375000
1996-11-29,0.650178,0.668565,0.650178,0.652121,0.232476,438064
1996-12-02,0.669536,0.675338,0.657923,0.675338,0.240753,288289
1996-12-03,0.667602,0.695660,0.667602,0.691782,0.246615,1002256
1996-12-04,0.693725,0.696622,0.687914,0.690820,0.246272,194820
1996-12-05,0.683075,0.714038,0.683075,0.710170,0.253170,872751
1996-12-06,0.712104,0.715972,0.696622,0.706301,0.251791,836715
1996-12-09,0.714038,0.714038,0.701462,0.706301,0.251791,243244
1996-12-10,0.709198,0.731453,0.708235,0.721783,0.257310,673426
1996-12-11,0.719849,0.719849,0.707264,0.715972,0.255239,577705
1996-12-12,0.704367,0.715972,0.702433,0.704367,0.251102,248874
1996-12-13,0.694688,0.721783,0.694688,0.721783,0.257310,306307
1996-12-16,0.712104,0.744029,0.702433,0.744029,0.265241,1174555
1996-12-17,0.741133,0.745001,0.731453,0.736293,0.262483,619372
1996-12-18,0.737264,0.737264,0.725651,0.725651,0.258689,253378
1996-12-19,0.723717,0.733387,0.722745,0.733387,0.261447,286036
1996-12-20,0.735321,0.735321,0.716943,0.725651,0.258689,128378
1996-12-23,0.722745,0.727585,0.715972,0.722745,0.257653,56305
1996-12-24,0.722745,0.722745,0.722745,0.722745,0.257653,0
1996-12-25,0.722745,0.722745,0.722745,0.722745,0.257653,0
1996-12-26,0.722745,0.722745,0.722745,0.722745,0.257653,0
1996-12-27,0.723717,0.727585,0.710170,0.727585,0.259379,74323
1996-12-30,0.715009,0.723717,0.704367,0.717906,0.255928,54053
1996-12-31,0.702433,0.725651,0.702433,0.706301,0.251791,132883
1997-01-01,0.706301,0.706301,0.706301,0.706301,0.251791,0
1997-01-02,0.703396,0.710170,0.703396,0.706301,0.251791,87837
1997-01-03,0.698556,0.719849,0.686952,0.710170,0.253170,94594
1997-01-06,0.710170,0.710170,0.710170,0.710170,0.253170,0
1997-01-07,0.697594,0.706301,0.696622,0.698556,0.249030,85585
1997-01-08,0.704367,0.704367,0.686952,0.689848,0.245926,139639
1997-01-09,0.685980,0.715972,0.685980,0.715972,0.255239,340091
1997-01-10,0.733387,0.756614,0.709198,0.741133,0.264209,1605864
1997-01-13,0.735321,0.771124,0.735321,0.767452,0.273591,641894
1997-01-14,0.772095,0.812729,0.758548,0.788343,0.281039,736489
1997-01-15,0.803050,0.861107,0.785634,0.792408,0.282488,1074329
1997-01-16,0.761445,0.811757,0.761445,0.790866,0.281938,655408
1997-01-17,0.794342,0.806927,0.785634,0.787960,0.280902,727480
1997-01-20,0.783700,0.812729,0.783700,0.796285,0.283870,635137
1997-01-21,0.779832,0.804021,0.770153,0.774805,0.276212,565317
1997-01-22,0.781766,0.812729,0.781766,0.810991,0.289112,592345
1997-01-23,0.812729,0.864004,0.803050,0.855885,0.305117,1022527
1997-01-24,0.853362,0.861107,0.814663,0.843496,0.300700,605858
1997-01-27,0.803050,0.848531,0.803050,0.831116,0.296287,387388
1997-01-28,0.830144,0.834013,0.820465,0.831882,0.296560,472974
1997-01-29,0.841758,0.841758,0.822408,0.841366,0.299941,569822
1997-01-30,0.822408,0.851428,0.822408,0.850269,0.303115,585588
1997-01-31,0.836918,0.870778,0.836918,0.854913,0.304770,574327
1997-02-03,0.838852,0.886259,0.838852,0.880457,0.313877,632885
1997-02-04,0.870778,0.907552,0.870778,0.904263,0.322363,1076581
1997-02-05,0.899807,0.932704,0.894004,0.928256,0.330917,1225231
1997-02-06,0.928836,0.934638,0.899807,0.905038,0.322640,659913
1997-02-07,0.909486,0.934638,0.909486,0.930190,0.331606,565317
1997-02-10,0.933675,0.938515,0.909486,0.914709,0.326087,585588
1997-02-11,0.902712,0.916260,0.899807,0.903104,0.321950,569822
1997-02-12,0.896910,0.908514,0.861107,0.866910,0.309047,900905
1997-02-13,0.866910,0.890127,0.832078,0.837694,0.298632,560812
1997-02-14,0.835947,0.849494,0.806927,0.834209,0.297389,1006761
1997-02-17,0.832078,0.851428,0.814663,0.850849,0.303322,247748
1997-02-18,0.851428,0.869815,0.851428,0.851428,0.303528,387388
1997-02-19,0.832078,0.868844,0.832078,0.845626,0.301460,209459
1997-02-20,0.841758,0.861107,0.841758,0.851428,0.303528,268018
1997-02-21,0.861107,0.870778,0.841758,0.855296,0.304907,218469
1997-02-24,0.870778,0.870778,0.803050,0.803050,0.286281,200450
1997-02-25,0.814663,0.844654,0.808861,0.830144,0.295940,355857
1997-02-26,0.823371,0.840786,0.808861,0.808861,0.288353,227477
1997-02-27,0.812729,0.831116,0.793379,0.793379,0.282834,227477
1997-02-28,0.793379,0.859173,0.789511,0.832078,0.296630,344596
1997-03-03,0.851428,0.851428,0.820465,0.835947,0.298009,189189
1997-03-04,0.822408,0.847560,0.822408,0.840786,0.299734,315315
1997-03-05,0.833050,0.833050,0.803050,0.812729,0.289732,209459
1997-03-06,0.815634,0.851428,0.815634,0.835947,0.298009,254505
1997-03-07,0.829173,0.843692,0.829173,0.837881,0.298698,351352
1997-03-10,0.829173,0.847560,0.826276,0.839824,0.299391,367119
1997-03-11,0.834013,0.847560,0.828210,0.835947,0.298009,209459
1997-03-12,0.823371,0.824342,0.803050,0.804993,0.286974,322073
1997-03-13,0.804993,0.804993,0.783700,0.789511,0.281455,468470
1997-03-14,0.783700,0.810795,0.783700,0.810795,0.289043,304055
1997-03-17,0.805955,0.805955,0.772095,0.774030,0.275936,306307
1997-03-18,0.771124,0.780803,0.754680,0.772095,0.275246,576579
1997-03-19,0.757585,0.789511,0.757585,0.774030,0.275936,432434
1997-03-20,0.772095,0.795313,0.771124,0.771124,0.274900,518020
1997-03-21,0.756614,0.774030,0.737264,0.761445,0.271450,304055
1997-03-24,0.745972,0.756614,0.737264,0.737264,0.262829,209459
1997-03-25,0.740161,0.756614,0.731453,0.735321,0.262137,225226
1997-03-26,0.745001,0.745001,0.731453,0.733387,0.261447,308559
1997-03-27,0.733387,0.739198,0.725651,0.737264,0.262829,574327
1997-03-28,0.725651,0.743067,0.725651,0.735321,0.262137,247748
1997-03-31,0.735321,0.735321,0.735321,0.735321,0.262137,0
1997-04-01,0.727585,0.754680,0.712104,0.754680,0.269038,346848
1997-04-02,0.746935,0.754680,0.746935,0.752737,0.268345,101351
1997-04-03,0.742095,0.748869,0.732425,0.748869,0.266966,132883
1997-04-04,0.752737,0.752737,0.741133,0.745001,0.265587,123873
1997-04-07,0.746935,0.770153,0.746935,0.770153,0.274554,119369
1997-04-08,0.745972,0.764350,0.744029,0.761445,0.271450,87837
1997-04-09,0.762416,0.771124,0.754680,0.770153,0.274554,403154
1997-04-10,0.756614,0.756614,0.737264,0.745972,0.265934,162162
1997-04-11,0.745001,0.755643,0.745001,0.750803,0.267656,389640
1997-04-14,0.748869,0.754680,0.738227,0.750803,0.267656,254505
1997-04-15,0.740161,0.777898,0.740161,0.777898,0.277315,454957
1997-04-16,0.779832,0.795313,0.777898,0.795313,0.283523,720723
1997-04-17,0.799181,0.853362,0.797247,0.845626,0.301460,2103613
1997-04-18,0.861107,0.878523,0.814663,0.819503,0.292147,1450457
1997-04-21,0.823371,0.865947,0.818531,0.826276,0.294561,659913
1997-04-22,0.826276,0.838852,0.826276,0.829173,0.295594,164414
1997-04-23,0.825305,0.837881,0.825305,0.832078,0.296630,121622
1997-04-24,0.812729,0.834013,0.812729,0.818531,0.291800,132883
1997-04-25,0.818531,0.818531,0.818531,0.818531,0.291800,0
1997-04-28,0.812729,0.835947,0.800153,0.800153,0.285249,164414
1997-04-29,0.783700,0.812729,0.783700,0.804993,0.286974,725228
1997-04-30,0.790474,0.836918,0.790474,0.829173,0.295594,344596
1997-05-01,0.829173,0.829173,0.829173,0.829173,0.295594,0
1997-05-02,0.823371,0.849494,0.823371,0.847560,0.302149,479731
1997-05-05,0.847560,0.851428,0.841758,0.847560,0.302149,274775
1997-05-06,0.843692,0.853362,0.843692,0.853362,0.304217,481984
1997-05-07,0.851428,0.870778,0.843692,0.870778,0.310426,963968
1997-05-08,0.864976,0.870778,0.857239,0.870778,0.310426,322073
1997-05-09,0.874655,0.887231,0.870778,0.885297,0.315602,1340096
1997-05-12,0.872712,0.890127,0.868844,0.870778,0.310426,254505
1997-05-13,0.870778,0.884325,0.870778,0.875617,0.312151,360361
1997-05-14,0.870778,0.883363,0.867881,0.880457,0.313877,563065
1997-05-15,0.872712,0.885297,0.841758,0.874655,0.311808,565317
1997-05-16,0.876589,0.898844,0.858202,0.889165,0.316981,3045061
1997-05-19,0.866910,0.880457,0.841758,0.841758,0.300081,772525
1997-05-20,0.840786,0.841758,0.794342,0.798219,0.284559,2114875
1997-05-21,0.789511,0.830144,0.789511,0.822408,0.293182,1369375
1997-05-22,0.813700,0.843692,0.813700,0.841758,0.300081,1033788
1997-05-23,0.833050,0.839824,0.820465,0.820465,0.292490,409911
1997-05-26,0.793379,0.839824,0.793379,0.828210,0.295251,340091
1997-05-27,0.807889,0.827239,0.806927,0.818531,0.291800,331082
1997-05-28,0.817568,0.832078,0.814663,0.822408,0.293182,2042803
1997-05-29,0.815634,0.832078,0.813700,0.826276,0.294561,195946
1997-05-30,0.805955,0.824342,0.805955,0.807889,0.288007,2630643
1997-06-02,0.799181,0.824342,0.799181,0.823371,0.293526,324325
1997-06-03,0.818531,0.830144,0.816597,0.830144,0.295940,288289
1997-06-04,0.817568,0.822408,0.812729,0.821437,0.292836,175675
1997-06-05,0.817568,0.835947,0.810795,0.828210,0.295251,193693
1997-06-06,0.816597,0.835947,0.816597,0.828210,0.295251,1364872
1997-06-09,0.819503,0.834013,0.819503,0.832078,0.296630,180180
1997-06-10,0.816597,0.834013,0.816597,0.834013,0.297320,195946
1997-06-11,0.816597,0.884325,0.814663,0.884325,0.315255,409911
1997-06-12,0.859173,0.870778,0.841758,0.857239,0.305600,488741
1997-06-13,0.857239,0.886259,0.851428,0.886259,0.315945,1229735
1997-06-16,0.872712,0.873683,0.854334,0.861107,0.306978,1713972
1997-06-17,0.851428,0.890127,0.851428,0.864976,0.308358,545047
1997-06-18,0.859173,0.872712,0.859173,0.869815,0.310083,324325
1997-06-19,0.870778,0.876589,0.854334,0.861107,0.306978,457208
1997-06-20,0.861107,0.869815,0.852400,0.864976,0.308358,234234
1997-06-23,0.856268,0.863041,0.847560,0.859173,0.306289,335586
1997-06-24,0.842720,0.884325,0.842720,0.880457,0.313877,1072076
1997-06-25,0.873683,0.924967,0.872712,0.924967,0.329744,1795054
1997-06-26,0.904646,0.935609,0.898844,0.935609,0.333538,1880639
1997-06-27,0.928836,1.000432,0.928836,0.988827,0.352510,3873893
1997-06-30,1.010111,1.014951,0.939477,0.948185,0.338021,1608116
1997-07-01,0.942383,0.955930,0.928836,0.955930,0.340782,891896
1997-07-02,0.972374,1.044942,0.972374,1.044942,0.372514,4695969
1997-07-03,1.025593,1.102029,1.015913,1.102029,0.392865,5459488
1997-07-04,1.101057,1.137822,1.066226,1.137822,0.405625,2416679
1997-07-07,1.141699,1.201682,1.112671,1.201682,0.428391,2335597
1997-07-08,1.165889,1.180399,1.132992,1.153304,0.411145,3045061
1997-07-09,1.151370,1.230711,1.151370,1.209428,0.431152,3963984
1997-07-10,1.199748,1.216201,1.170719,1.199748,0.427702,1777035
1997-07-11,1.159115,1.315855,1.159115,1.279090,0.455986,4650925
1997-07-14,1.427122,1.427122,1.306176,1.427122,0.508759,5425704
1997-07-15,1.441632,1.566447,1.426151,1.565475,0.558080,7592382
1997-07-16,1.567418,1.711573,1.412603,1.548060,0.551872,12367182
1997-07-17,1.510332,1.664166,1.501624,1.640369,0.584780,7500038
1997-07-18,1.683516,1.683516,1.606117,1.646751,0.587055,4331103
1997-07-21,1.599344,1.673846,1.598372,1.673846,0.596714,1930189
1997-07-22,1.568381,1.635137,1.568381,1.623533,0.578778,3295061
1997-07-23,1.590636,1.644817,1.590636,1.644817,0.586365,2173434
1997-07-24,1.619656,1.673846,1.612891,1.650619,0.588434,2092352
1997-07-25,1.644817,1.780273,1.644817,1.772528,0.631893,2344606
1997-07-28,1.745442,1.911861,1.738668,1.892503,0.674664,3108124
1997-07-29,1.869285,1.906050,1.838322,1.867351,0.665697,3635153
1997-07-30,1.878964,1.915729,1.870256,1.914758,0.682597,2121631
1997-07-31,1.935079,2.051186,1.917664,1.983458,0.707088,3168935
1997-08-01,1.909918,1.935079,1.899276,1.909918,0.680872,2360372
1997-08-04,1.877030,1.890569,1.734800,1.823812,0.650176,1941451
1997-08-05,1.811236,1.864445,1.800594,1.853804,0.660868,2768031
1997-08-06,1.757046,1.925400,1.757046,1.925400,0.686391,1930189
1997-08-07,1.948627,1.973778,1.906050,1.954429,0.696740,1340096
1997-08-08,1.933145,1.964108,1.932174,1.954429,0.696740,1139644
1997-08-11,1.904116,1.944758,1.904116,1.925400,0.686391,288289
1997-08-12,1.935079,1.954429,1.929277,1.945721,0.693636,279279
1997-08-13,1.915729,1.934108,1.861549,1.884766,0.671906,1004509
1997-08-14,1.869285,1.894446,1.869285,1.877030,0.669148,738741
1997-08-15,1.877030,1.877030,1.877030,1.877030,0.669148,0
1997-08-18,1.838322,1.906050,1.838322,1.896380,0.676046,1069824
1997-08-19,1.904116,1.944758,1.901211,1.944758,0.693292,713967
1997-08-20,1.954429,1.973778,1.935079,1.950561,0.695361,520272
1997-08-21,1.962174,2.073441,1.962174,2.027959,0.722953,1096852
1997-08-22,2.024091,2.064733,1.990231,1.992165,0.710192,581083
1997-08-25,1.976684,2.005713,1.973778,1.993128,0.710536,353604
1997-08-26,1.983458,1.993128,1.950561,1.956363,0.697429,306307
1997-08-27,1.938947,1.972816,1.937013,1.964108,0.700190,423424
1997-08-28,1.956363,1.977647,1.954429,1.977647,0.705017,608111
1997-08-29,1.967976,2.031836,1.959268,2.031836,0.724335,583335
1997-09-01,2.022157,2.068601,2.022157,2.045375,0.729161,513515
1997-09-02,2.064733,2.064733,2.022157,2.027959,0.722953,673426
1997-09-03,2.053120,2.064733,1.995062,2.012478,0.717434,876129
1997-09-04,1.997005,2.012478,1.989260,1.993128,0.710536,648651
1997-09-05,1.993128,2.026025,1.993128,2.016355,0.718816,554056
1997-09-08,2.006675,2.058922,2.006675,2.050214,0.730887,984238
1997-09-09,2.051186,2.121811,2.047309,2.120848,0.756067,1653161
1997-09-10,2.122782,2.186642,2.120848,2.186642,0.779522,2186948
1997-09-11,2.167293,2.167293,2.114074,2.132453,0.760204,711715
1997-09-12,2.111169,2.157613,2.097621,2.097621,0.747787,684687
1997-09-15,2.111169,2.167293,2.099564,2.167293,0.772624,826580
1997-09-16,2.141160,2.196313,2.128584,2.188576,0.780211,1371628
1997-09-17,2.176963,2.238889,2.176963,2.223407,0.792629,1189195
1997-09-18,2.225342,2.268880,2.178897,2.255333,0.804010,1072076
1997-09-19,2.264041,2.360798,2.264041,2.331769,0.831259,2060821
1997-09-22,2.399497,2.428526,2.361760,2.362732,0.842297,10623929
1997-09-23,2.397563,2.547529,2.352090,2.354024,0.839193,3927947
1997-09-24,2.312419,2.351119,2.283390,2.312419,0.824361,2353615
1997-09-25,2.319193,2.319193,2.284362,2.305646,0.821946,828832
1997-09-26,2.268880,2.296938,2.264041,2.281456,0.813323,1317573
1997-09-29,2.246625,2.264041,2.213728,2.215662,0.789867,1563070
1997-09-30,2.215662,2.351119,2.205992,2.348222,0.837124,1869378
1997-10-01,2.282428,2.282428,2.170189,2.269843,0.809183,1416674
1997-10-02,2.244691,2.331769,2.244691,2.306617,0.822292,2076587
1997-10-03,2.302740,2.418847,2.255333,2.372402,0.845744,1533791
1997-10-06,2.380148,2.409176,2.283390,2.283390,0.814012,804058
1997-10-07,2.293070,2.351119,2.264041,2.295004,0.818152,824327
1997-10-08,2.324995,2.341448,2.293070,2.308551,0.822982,1277033
1997-10-09,2.284362,2.320156,2.186642,2.244691,0.800216,1655413
1997-10-10,2.259201,2.301777,2.211794,2.301777,0.820567,878382
1997-10-13,2.322090,2.394658,2.319193,2.367572,0.844022,691444
1997-10-14,2.438196,2.525274,2.430460,2.515604,0.896794,1864874
1997-10-15,2.486575,2.699439,2.479801,2.652023,0.945427,2414427
1997-10-16,2.709109,2.784574,2.644287,2.665570,0.950256,1873882
1997-10-17,2.660731,2.680080,2.563982,2.573653,0.917488,1849108
1997-10-20,2.572690,2.572690,2.518501,2.533019,0.903003,1270276
1997-10-21,2.533982,2.548501,2.522378,2.536888,0.904382,954959
1997-10-22,2.529151,2.608484,2.529151,2.608484,0.929906,1391898
1997-10-23,2.563982,2.612361,2.531085,2.595908,0.925422,826580
1997-10-24,2.602682,2.618163,2.540756,2.540756,0.905761,2009019
1997-10-27,2.573653,2.573653,2.467225,2.485612,0.886103,970725
1997-10-28,2.262107,2.360798,2.113103,2.360798,0.841607,4450474
1997-10-29,2.438196,2.491415,2.360798,2.491415,0.888172,2270281
1997-10-30,2.361760,2.438196,2.264041,2.366600,0.843676,1659918
1997-10-31,2.370468,2.399497,2.289202,2.289202,0.816084,1418925
1997-11-03,2.418847,2.418847,2.316287,2.349185,0.837467,1130636
1997-11-04,2.370468,2.387884,2.296938,2.316287,0.825739,1240997
1997-11-05,2.360798,2.402403,2.333703,2.402403,0.856439,1475232
1997-11-06,2.378213,2.380148,2.312419,2.380148,0.848506,1180185
1997-11-07,2.302740,2.312419,2.262107,2.271786,0.809875,1153159
1997-11-10,2.238889,2.302740,2.238889,2.278560,0.812290,461713
1997-11-11,2.267909,2.302740,2.252427,2.300806,0.820221,621624
1997-11-12,2.291136,2.291136,2.205992,2.232115,0.795733,898652
1997-11-13,2.207926,2.262107,2.205992,2.248559,0.801595,520272
1997-11-14,2.219539,2.293070,2.219539,2.249531,0.801942,797301
1997-11-17,2.300806,2.338543,2.300806,2.308551,0.822982,1006761
1997-11-18,2.322090,2.360798,2.302740,2.360798,0.841607,1184690
1997-11-19,2.303712,2.360798,2.303712,2.360798,0.841607,1506763
1997-11-20,2.341448,2.513670,2.341448,2.418847,0.862302,1063068
1997-11-21,2.494320,2.540756,2.440131,2.440131,0.869889,3736505
1997-11-24,2.766561,2.821170,2.457145,2.536772,0.904341,9882935
1997-11-25,2.589099,2.691480,2.557253,2.686934,0.957872,8042835
1997-11-26,2.730161,2.793861,2.632326,2.639153,0.940839,10581137
1997-11-27,2.700589,2.700589,2.593653,2.605026,0.928673,5376154
1997-11-28,2.593653,2.605026,2.539044,2.575453,0.918131,3927947
1997-12-01,2.575453,2.623226,2.573180,2.600480,0.927052,2871636
1997-12-02,2.575453,2.609580,2.559526,2.586826,0.922185,2993259
1997-12-03,2.548153,2.584553,2.514026,2.536772,0.904341,2459471
1997-12-04,2.525399,2.557253,2.479899,2.493545,0.888931,5220748
1997-12-05,2.466245,2.554972,2.461699,2.532226,0.902720,4268040
1997-12-08,2.532226,2.532226,2.532226,2.532226,0.902720,0
1997-12-09,2.495826,2.552699,2.493545,2.529945,0.901907,4781556
1997-12-10,2.525399,2.598199,2.502645,2.561799,0.913263,6882919
1997-12-11,2.523126,2.598199,2.516299,2.598199,0.926239,4736511
1997-12-12,2.582280,2.775661,2.582280,2.673832,0.953202,5189216
1997-12-15,2.664180,2.752915,2.664180,2.748361,0.979771,4759034
1997-12-16,2.780215,2.821170,2.764288,2.793861,0.995991,5927958
1997-12-17,2.791588,2.843915,2.789315,2.821170,1.005727,6171203
1997-12-18,2.930369,2.946296,2.816615,2.882596,1.027625,9155453
1997-12-19,2.864396,2.866669,2.775661,2.807524,1.000862,13036105
1997-12-22,2.752915,2.912169,2.752915,2.903069,1.034923,3256773
1997-12-23,2.912169,2.934923,2.871215,2.909896,1.037357,3529297
1997-12-24,2.909896,2.909896,2.909896,2.909896,1.037357,0
1997-12-25,2.909896,2.909896,2.909896,2.909896,1.037357,0
1997-12-26,2.909896,2.909896,2.909896,2.909896,1.037357,0
1997-12-29,2.921269,3.194285,2.916723,3.078259,1.097377,4213985
1997-12-30,3.121486,3.198840,3.085086,3.091904,1.102241,4765791
1997-12-31,3.103286,3.139685,3.073704,3.080531,1.098187,1754512
1998-01-01,3.080531,3.080531,3.080531,3.080531,1.098187,0
1998-01-02,3.103286,3.194285,3.103286,3.176085,1.132252,3540558
1998-01-05,3.501428,3.501428,3.239794,3.501428,1.248234,8441486
1998-01-06,3.501428,3.501428,3.501428,3.501428,1.248234,0
1998-01-07,3.976934,3.976934,3.531010,3.685718,1.313932,19750103
1998-01-08,3.810844,3.867726,3.535555,3.558310,1.268512,14178002
1998-01-09,3.501428,3.635664,3.389947,3.510528,1.251478,16286122
1998-01-12,3.430901,3.549210,3.389947,3.487783,1.243369,10659966
1998-01-13,3.708472,3.731217,3.565110,3.571964,1.273379,11009066
1998-01-14,3.681163,3.685718,3.462756,3.510528,1.251478,9934737
1998-01-15,3.544655,3.567410,3.494601,3.526455,1.257156,6718503
1998-01-16,3.574237,3.603809,3.526455,3.537837,1.261213,6425709
1998-01-19,3.594709,3.674345,3.533283,3.542382,1.262834,6844630
1998-01-20,3.578782,3.585609,3.476401,3.521910,1.255535,5054080
1998-01-21,3.521910,3.535555,3.369475,3.376302,1.203627,6982018
1998-01-22,3.328520,3.403602,3.323975,3.403602,1.213359,4362634
1998-01-23,3.446829,3.480956,3.408147,3.458201,1.232823,4957233
1998-01-26,3.444556,3.508255,3.419529,3.487783,1.243369,4027048
1998-01-27,3.549210,3.558310,3.487783,3.540110,1.262023,5216243
1998-01-28,3.567410,3.571964,3.517355,3.521910,1.255535,3747767
1998-01-29,3.619736,3.753972,3.608364,3.733499,1.330965,16290626
1998-01-30,3.840426,3.840426,3.731217,3.799472,1.354484,9407707
1998-02-02,3.865453,3.867726,3.799472,3.847253,1.371518,8232025
1998-02-03,3.867726,3.867726,3.731217,3.753972,1.338264,7283822
1998-02-04,3.799472,3.799472,3.731217,3.772172,1.344752,4772547
1998-02-05,3.849526,3.863180,3.799472,3.840426,1.369084,6781566
1998-02-06,3.819953,3.872280,3.799472,3.872280,1.380440,7518058
1998-02-09,3.931434,3.935980,3.760799,3.810844,1.358538,5022548
1998-02-10,3.772172,3.835880,3.756245,3.774444,1.345562,4445969
1998-02-11,3.817671,3.840426,3.799472,3.817671,1.360972,5432460
1998-02-12,3.822226,3.826771,3.697090,3.719845,1.326098,4738763
1998-02-13,3.790372,3.790372,3.708472,3.708472,1.322043,5786066
1998-02-16,3.685718,3.699372,3.612909,3.665245,1.306633,5889670
1998-02-17,3.571964,3.635664,3.571964,3.631118,1.294467,20601459
1998-02-18,3.599264,3.694818,3.599264,3.640218,1.297711,16202788
1998-02-19,3.617464,3.656136,3.617464,3.637936,1.296898,9714015
1998-02-20,3.606091,3.631118,3.553755,3.601537,1.283922,8270314
1998-02-23,3.581064,3.631118,3.576509,3.603809,1.284732,5988770
1998-02-24,3.583337,3.640218,3.540110,3.553755,1.266888,7563102
1998-02-25,3.551482,3.635664,3.551482,3.631118,1.294467,5403181
1998-02-26,3.631118,3.708472,3.626564,3.651591,1.301766,7171208
1998-02-27,3.649318,3.728945,3.649318,3.728945,1.329342,5371649
1998-03-02,3.662963,3.854080,3.649318,3.842698,1.369894,9502302
1998-03-03,3.844980,3.870007,3.806299,3.826771,1.364216,7096884
1998-03-04,3.813126,3.835880,3.742599,3.781272,1.347996,5349126
1998-03-05,3.749417,3.799472,3.708472,3.794926,1.352864,4261283
1998-03-06,3.763072,3.844980,3.763072,3.831326,1.365840,7950492
1998-03-09,3.822226,3.890480,3.822226,3.870007,1.379629,9945998
1998-03-10,3.879098,4.004234,3.858626,3.935980,1.403148,12128442
1998-03-11,3.970107,4.067942,3.958734,4.049742,1.443704,9317616
1998-03-12,4.026988,4.195350,3.970107,4.108896,1.464792,13941515
1998-03-13,4.195350,4.295450,4.193069,4.259050,1.518320,12286100
1998-03-16,4.195350,4.436512,4.193069,4.436512,1.581584,10009061
1998-03-17,4.468366,4.568466,4.384185,4.441058,1.583205,7979771
1998-03-18,4.377358,4.459258,4.368258,4.459258,1.589694,6957244
1998-03-19,4.413758,4.479739,4.375085,4.459258,1.589694,5277054
1998-03-20,4.543439,4.543439,4.461539,4.500212,1.604293,12491057
1998-03-23,4.720901,4.720901,4.534339,4.636720,1.652957,16479816
1998-03-24,4.559366,4.686774,4.527521,4.686774,1.670801,8445989
1998-03-25,4.686774,4.755028,4.623074,4.682229,1.669180,7436975
1998-03-26,4.618520,4.732283,4.575293,4.700428,1.675669,6509043
1998-03-27,4.625347,4.695874,4.559366,4.604875,1.641605,7168956
1998-03-30,4.600320,4.777782,4.600320,4.773228,1.701621,5968499
1998-03-31,4.777782,5.141807,4.777782,5.096298,1.816794,7648688
1998-04-01,5.187307,5.414823,5.187307,5.364769,1.912501,7592382
1998-04-02,5.369314,5.378414,5.119053,5.141807,1.833017,6853639
1998-04-03,5.187307,5.342015,5.180479,5.187307,1.849237,7189226
1998-04-06,5.232806,5.355669,5.009844,5.200952,1.854102,6779315
1998-04-07,5.232806,5.323815,5.009844,5.064444,1.805438,6677962
1998-04-08,4.996190,5.050799,4.777782,4.918836,1.753530,10090143
1998-04-09,4.823282,4.998472,4.686774,4.759583,1.696757,8247791
1998-04-10,4.791437,5.005299,4.791437,4.959790,1.768129,2662176
1998-04-13,4.959790,4.959790,4.959790,4.959790,1.768129,0
1998-04-14,5.094026,5.287415,5.073553,5.287415,1.884925,6166699
1998-04-15,5.323815,5.423923,5.323815,5.421641,1.932776,6664449
1998-04-16,5.505823,5.571804,5.232806,5.232806,1.865458,9657708
1998-04-17,5.346560,5.665085,5.050799,5.665085,2.019562,13096915
1998-04-20,5.642331,5.676458,5.464868,5.562704,1.983064,5009035
1998-04-21,5.551331,5.551331,5.360215,5.433023,1.936834,5608138
1998-04-22,5.464868,5.528577,5.232806,5.232806,1.865458,5797328
1998-04-23,5.228261,5.335187,5.005299,5.064444,1.805438,5542821
1998-04-24,5.055344,5.141807,4.823282,4.823282,1.719465,6162194
1998-04-27,4.336404,4.786882,4.336404,4.336404,1.545897,9265814
1998-04-28,4.377358,4.755028,4.354604,4.755028,1.695133,9173471
1998-04-29,4.709528,4.709528,4.406931,4.436512,1.581584,7031568
1998-04-30,4.459258,4.668574,4.322750,4.550266,1.622137,7087875
1998-05-01,4.550266,4.550266,4.550266,4.550266,1.622137,0
1998-05-04,4.682229,4.864236,4.652647,4.755028,1.695133,4995521
1998-05-05,4.864236,4.864236,4.709528,4.741383,1.690269,4045066
1998-05-06,4.725455,4.798255,4.632174,4.645820,1.656201,4671195
1998-05-07,4.618520,4.659474,4.550266,4.550266,1.622137,4432454
1998-05-08,4.636720,4.823282,4.600320,4.823282,1.719465,3157673
1998-05-11,4.959790,4.959790,4.868782,4.914290,1.751909,4263535
1998-05-12,4.912018,4.912018,4.780055,4.805082,1.712977,2675689
1998-05-13,4.811909,4.927936,4.711801,4.723174,1.683777,3488756
1998-05-14,4.777782,4.843764,4.720901,4.777782,1.703245,3340107
1998-05-15,4.852864,4.900636,4.759583,4.777782,1.703245,7085622
1998-05-18,4.773228,4.777782,4.527521,4.547993,1.621327,5738768
1998-05-19,4.634447,4.691328,4.525239,4.620793,1.647279,8653198
1998-05-20,4.727728,4.732283,4.602593,4.682229,1.669180,5065341
1998-05-21,4.686774,4.823282,4.686774,4.823282,1.719465,4939215
1998-05-22,4.800528,4.891536,4.736828,4.891536,1.743797,4826601
1998-05-25,4.914290,5.114498,4.914290,5.096298,1.816794,7470759
1998-05-26,5.144080,5.291960,5.109953,5.160007,1.839505,10157711
1998-05-27,5.028044,5.028044,4.948418,4.968890,1.771374,6310843
1998-05-28,5.096298,5.157725,4.959790,5.078098,1.810305,6819855
1998-05-29,5.164552,5.210052,4.987090,4.987090,1.777862,8405449
1998-06-01,5.005299,5.005299,4.795982,4.891536,1.743797,4247769
1998-06-02,4.946145,4.980272,4.830109,4.830109,1.721899,4450474
1998-06-03,4.859682,4.950690,4.802809,4.818737,1.717845,3342359
1998-06-04,4.734555,4.834655,4.732283,4.732283,1.687025,4878403
1998-06-05,4.755028,4.846036,4.645820,4.645820,1.656201,6529313
1998-06-08,4.750483,4.896091,4.750483,4.836936,1.724332,5371649
1998-06-09,4.800528,4.818737,4.732283,4.732283,1.687025,2894158
1998-06-10,4.675401,4.950690,4.675401,4.950690,1.764885,4049570
1998-06-11,4.871064,5.009844,4.755028,4.755028,1.695133,5164441
1998-06-12,4.823282,4.886991,4.691328,4.723174,1.683777,7054091
1998-06-15,4.843764,4.843764,4.632174,4.664029,1.662693,5272550
1998-06-16,4.686774,4.809637,4.643556,4.809637,1.714601,3722992
1998-06-17,4.886991,4.975717,4.782328,4.959790,1.768129,7146434
1998-06-18,4.996190,5.005299,4.736828,4.818737,1.717845,4317589
1998-06-19,4.734555,4.852864,4.664029,4.686774,1.670801,11400961
1998-06-22,4.682229,4.682229,4.550266,4.634447,1.652147,4325472
1998-06-23,4.579847,4.664029,4.559366,4.664029,1.662693,3245511
1998-06-24,4.664029,4.686774,4.534339,4.588947,1.635926,2962853
1998-06-25,4.618520,4.664029,4.550266,4.582120,1.633493,5284937
1998-06-26,4.595775,4.595775,4.459258,4.500212,1.604293,5309712
1998-06-29,4.550266,4.629902,4.527521,4.541166,1.618893,3958353
1998-06-30,4.550266,4.550266,4.459258,4.525239,1.613215,3751145
1998-07-01,4.595775,4.618520,4.509312,4.613974,1.644848,7684725
1998-07-02,4.664029,4.677674,4.550266,4.625347,1.648903,5296199
1998-07-03,4.627620,4.677674,4.545720,4.591220,1.636736,4629528
1998-07-06,4.636720,4.686774,4.550266,4.675401,1.666747,3467360
1998-07-07,4.718628,4.855136,4.693601,4.818737,1.717845,7626165
1998-07-08,4.823282,4.900636,4.777782,4.891536,1.743797,3614883
1998-07-09,4.914290,4.971172,4.823282,4.882436,1.740553,7921212
1998-07-10,4.786882,4.952963,4.786882,4.893809,1.744607,3093483
1998-07-13,4.877891,4.950690,4.857409,4.864236,1.734065,1988748
1998-07-14,4.877891,4.918836,4.782328,4.841482,1.725953,4306328
1998-07-15,4.868782,4.914290,4.832382,4.909736,1.750285,6181338
1998-07-16,4.886991,4.921118,4.759583,4.868782,1.735686,3162178
1998-07-17,4.914290,4.914290,4.773228,4.821009,1.718655,6153185
1998-07-20,4.800528,4.800528,4.709528,4.750483,1.693513,5811967
1998-07-21,4.818737,4.843764,4.686774,4.702701,1.676479,4380652
1998-07-22,4.823282,4.823282,4.641274,4.641274,1.654580,3065331
1998-07-23,4.641274,4.764128,4.623074,4.741383,1.690269,2726364
1998-07-24,4.732283,4.741383,4.641274,4.686774,1.670801,4113759
1998-07-27,4.745928,4.937036,4.745928,4.766401,1.699188,6635170
1998-07-28,4.891536,4.955245,4.859682,4.916563,1.752719,8064231
1998-07-29,4.864236,4.905191,4.666301,4.666301,1.663502,5020296
1998-07-30,4.795982,4.823282,4.686774,4.714074,1.680533,4157679
1998-07-31,4.809637,4.809637,4.723174,4.743655,1.691079,4084480
1998-08-03,4.709528,4.834655,4.595775,4.827837,1.721089,3600244
1998-08-04,4.823282,4.914290,4.821009,4.864236,1.734065,6521430
1998-08-05,4.736828,4.805082,4.714074,4.786882,1.706489,5111512
1998-08-06,4.800528,4.800528,4.693601,4.716356,1.681347,3692586
1998-08-07,4.732283,4.795982,4.686774,4.775510,1.702435,3265782
1998-08-10,4.702701,4.736828,4.664029,4.664029,1.662693,1306312
1998-08-11,4.645820,4.645820,4.522966,4.536620,1.617272,3775919
1998-08-12,4.573020,4.595775,4.543439,4.561648,1.626194,3150917
1998-08-13,4.563920,4.568466,4.479739,4.568466,1.628625,2907673
1998-08-14,4.584393,4.618520,4.504766,4.559366,1.625381,2388526
1998-08-17,4.504766,4.598047,4.468366,4.573020,1.630249,2014649
1998-08-18,4.641274,4.682229,4.613974,4.670847,1.665123,2532670
1998-08-19,4.723174,4.732283,4.573020,4.573020,1.630249,2262399
1998-08-20,4.559366,4.632174,4.559366,4.595775,1.638360,1856991
1998-08-21,4.538893,4.595775,4.372804,4.445612,1.584828,4209481
1998-08-24,4.413758,4.504766,4.368258,4.395558,1.566984,2885150
1998-08-25,4.504766,4.513866,4.445612,4.470639,1.593751,1506763
1998-08-26,4.463812,4.486566,4.343231,4.368258,1.557252,2451589
1998-08-27,4.322750,4.322750,4.072488,4.090688,1.458301,4900926
1998-08-28,3.876825,4.049742,3.697090,3.831326,1.365840,10634065
1998-08-31,3.954179,3.970107,3.713018,3.749417,1.336640,4370518
1998-09-01,3.599264,3.813126,3.549210,3.640218,1.297711,5815346
1998-09-02,3.813126,3.890480,3.799472,3.867726,1.378816,3948218
1998-09-03,3.840426,3.840426,3.599264,3.699372,1.318799,3565333
1998-09-04,3.640218,3.733499,3.458201,3.471856,1.237692,3413305
1998-09-07,3.631118,3.676618,3.467301,3.501428,1.248234,3889660
1998-09-08,3.583337,3.708472,3.496883,3.658418,1.304199,6132915
1998-09-09,3.662963,3.662963,3.376302,3.435456,1.224715,6539448
1998-09-10,3.392229,3.403602,3.130585,3.189740,1.137119,6657693
1998-09-11,3.107831,3.248894,3.021377,3.064604,1.092509,10596903
1998-09-14,3.248894,3.453656,3.198840,3.428629,1.222281,6326609
1998-09-15,3.460474,3.460474,3.244339,3.353547,1.195515,6790576
1998-09-16,3.503710,3.615191,3.458201,3.590164,1.279867,8109276
1998-09-17,3.508255,3.540110,3.287566,3.287566,1.171993,6982018
1998-09-18,3.289848,3.467301,3.242066,3.414974,1.217413,13225295
1998-09-21,3.535555,3.535555,3.267094,3.344448,1.192272,11889702
1998-09-22,3.476401,3.549210,3.399047,3.433174,1.223902,6560845
1998-09-23,3.517355,3.540110,3.348993,3.480956,1.240936,4746646
1998-09-24,3.515083,3.546937,3.348993,3.358102,1.197139,6420079
1998-09-25,3.257994,3.435456,3.132858,3.187458,1.136306,11426862
1998-09-28,3.239794,3.276193,3.116931,3.276193,1.167939,7561977
1998-09-29,3.242066,3.348993,3.217039,3.308048,1.179295,4139660
1998-09-30,3.230694,3.294393,3.126031,3.162440,1.127387,5925706
1998-10-01,3.014550,3.064604,2.889424,2.889424,1.030059,6246653
1998-10-02,2.887142,2.907623,2.711961,2.787042,0.993560,6200483
1998-10-05,2.730161,2.912169,2.711961,2.730161,0.973283,3694838
1998-10-06,3.003177,3.135131,2.739261,3.135131,1.117651,8839010
1998-10-07,3.180640,3.251166,2.957678,3.144240,1.120899,7997789
1998-10-08,3.003177,3.066877,2.857569,2.957678,1.054391,8353647
1998-10-09,2.966778,3.182912,2.966778,3.025932,1.078723,9872800
1998-10-12,3.192012,3.319420,3.192012,3.308048,1.179295,5899805
1998-10-13,3.189740,3.312593,3.189740,3.280739,1.169560,4257905
1998-10-14,3.212485,3.417247,3.185185,3.417247,1.218224,5976382
1998-10-15,3.499156,3.512810,3.305766,3.419529,1.219037,7988781
1998-10-16,3.503710,3.526455,3.396774,3.440001,1.226335,7968510
1998-10-19,3.458201,3.503710,3.367193,3.460474,1.233634,2538301
1998-10-20,3.503710,3.571964,3.462756,3.567410,1.271756,4161058
1998-10-21,3.480956,3.524183,3.435456,3.462756,1.234447,3279295
1998-10-22,3.471856,3.526455,3.337620,3.367193,1.200380,4663312
1998-10-23,3.367193,3.503710,3.362647,3.460474,1.233634,4690339
1998-10-26,3.544655,3.637936,3.494601,3.603809,1.284732,7287200
1998-10-27,3.935980,3.949634,3.667518,3.890480,1.386928,11009066
1998-10-28,3.819953,3.819953,3.656136,3.699372,1.318799,7808599
1998-10-29,3.713018,3.804026,3.644764,3.708472,1.322043,3815335
1998-10-30,3.817671,3.844980,3.738045,3.767626,1.343131,3405422
1998-11-02,3.794926,3.992861,3.794926,3.947352,1.407202,8582252
1998-11-03,3.958734,3.988306,3.844980,3.906407,1.392606,3824343
1998-11-04,3.949634,4.072488,3.949634,4.049742,1.443704,5396425
1998-11-05,4.045188,4.063388,3.863180,3.863180,1.377196,5128405
1998-11-06,3.954179,4.024715,3.935980,3.974661,1.416938,4542816
1998-11-09,3.967834,3.999688,3.874553,3.899580,1.390172,3029295
1998-11-10,3.901853,3.901853,3.778999,3.815399,1.360162,4254526
1998-11-11,3.913225,3.935980,3.851798,3.860898,1.376382,3360378
1998-11-12,3.822226,3.933707,3.776726,3.917780,1.396660,3909929
1998-11-13,3.915507,3.945080,3.822226,3.915507,1.395850,2384021
1998-11-16,3.951907,4.026988,3.935980,3.999688,1.425860,3716235
1998-11-17,3.979207,4.147569,3.979207,4.038361,1.439647,5820976
1998-11-18,4.095242,4.140742,4.026988,4.063388,1.448568,6239897
1998-11-19,4.113442,4.274977,4.111169,4.265877,1.520754,6835621
1998-11-20,4.368258,4.368258,4.254504,4.311377,1.536975,7054091
1998-11-23,4.400112,4.459258,4.347786,4.436512,1.581584,6085617
1998-11-24,4.543439,4.550266,4.345504,4.345504,1.549141,5112639
1998-11-25,4.331858,4.436512,4.331858,4.425131,1.577527,4077723
1998-11-26,4.434239,4.504766,4.318204,4.318204,1.539409,5965121
1998-11-27,4.395558,4.454712,4.327304,4.388731,1.564551,4793943
1998-11-30,4.393285,4.536620,4.265877,4.265877,1.520754,4417815
1998-12-01,4.274977,4.281804,4.099877,4.158942,1.482633,5069846
1998-12-02,4.277250,4.309104,4.117996,4.240850,1.511832,4831106
1998-12-03,4.099877,4.336404,4.058842,4.199896,1.497232,8263557
1998-12-04,4.122542,4.331858,4.102069,4.231750,1.508588,4825476
1998-12-07,4.345504,4.345504,4.215823,4.231750,1.508588,1868252
1998-12-08,4.231750,4.231750,4.231750,4.231750,1.508588,0
1998-12-09,4.297731,4.297731,4.117996,4.206723,1.499666,4221868
1998-12-10,4.177150,4.208996,4.117996,4.163496,1.484256,4477500
1998-12-11,4.056561,4.208996,4.017888,4.177150,1.489124,4578852
1998-12-14,4.090688,4.202169,4.079315,4.186250,1.492368,3904299
1998-12-15,4.190796,4.220377,4.104342,4.197623,1.496422,3402044
1998-12-16,4.208996,4.300004,4.188523,4.286350,1.528053,6952739
1998-12-17,4.222650,4.331858,4.222650,4.304550,1.534541,4525924
1998-12-18,4.377358,4.377358,4.254504,4.322750,1.541029,11488799
1998-12-21,4.322750,4.495666,4.322750,4.459258,1.589694,4593492
1998-12-22,4.422858,4.522966,4.418312,4.470639,1.593751,2943708
1998-12-23,4.491112,4.532066,4.475185,4.488839,1.600239,3014655
1998-12-24,4.488839,4.488839,4.488839,4.488839,1.600239,0
1998-12-25,4.488839,4.488839,4.488839,4.488839,1.600239,0
1998-12-28,4.466085,4.563920,4.466085,4.547993,1.621327,2704968
1998-12-29,4.504766,4.573020,4.486566,4.511593,1.608350,2666680
1998-12-30,4.522966,4.550266,4.491112,4.511593,1.608350,1796179
1998-12-31,4.511593,4.511593,4.511593,4.511593,1.608350,0
1999-01-01,4.511593,4.511593,4.511593,4.511593,1.608350,0
1999-01-04,4.519811,4.757693,4.299550,4.607914,1.642688,4575474
1999-01-05,4.687211,4.757693,4.563867,4.713646,1.680381,4756781
1999-01-06,4.713646,4.713646,4.713646,4.713646,1.680381,0
1999-01-07,4.801749,4.819369,4.625534,4.643155,1.655251,7066478
1999-01-08,4.555052,4.757693,4.546237,4.740072,1.689801,8408827
1999-01-11,4.678396,4.757693,4.625534,4.669590,1.664675,5691471
1999-01-12,4.634349,4.634349,4.317170,4.378838,1.561024,5796201
1999-01-13,4.290735,4.290735,3.964750,4.281929,1.526477,8849146
1999-01-14,4.352411,4.405273,4.052853,4.405273,1.570448,6744404
1999-01-15,4.140956,4.414088,4.096900,4.361217,1.554742,10027079
1999-01-18,4.449329,4.449329,4.273114,4.378838,1.561024,4335608
1999-01-19,4.273114,4.414088,4.229067,4.273114,1.523334,4095741
1999-01-20,4.370032,4.370032,4.202632,4.229067,1.507632,4013533
1999-01-21,4.264308,4.308355,4.105714,4.176197,1.488784,4166688
1999-01-22,4.061659,4.202632,3.973556,4.079288,1.454237,7003414
1999-01-25,4.061659,4.114529,3.973556,4.035232,1.438531,5371649
1999-01-26,4.088094,4.123335,3.814971,3.876638,1.381993,8912209
1999-01-27,3.955935,3.999991,3.806156,3.850212,1.372573,7379543
1999-01-28,3.788536,4.052853,3.744480,3.964750,1.413405,6334493
1999-01-29,4.052853,4.114529,3.929500,3.964750,1.413405,5784940
1999-02-01,4.088094,4.167391,4.026418,4.167391,1.485644,5771427
1999-02-02,4.123335,4.149770,4.008797,4.017612,1.432249,3921191
1999-02-03,4.026418,4.132150,3.955935,4.026418,1.435389,5791696
1999-02-04,4.052853,4.123335,3.876638,3.938315,1.403981,4539438
1999-02-05,3.911879,3.911879,3.779721,3.876638,1.381993,8351395
1999-02-08,3.876638,3.955935,3.647562,3.718053,1.325459,4144165
1999-02-09,3.744480,3.814971,3.594700,3.612321,1.287766,5775930
1999-02-10,3.621136,3.735674,3.533033,3.638756,1.297190,6471881
1999-02-11,3.779721,3.955935,3.709239,3.955935,1.410262,7409949
1999-02-12,4.035232,4.123335,3.991176,4.061659,1.447952,8288332
1999-02-15,4.035232,4.405273,4.008797,4.405273,1.570448,9552978
1999-02-16,4.317170,4.317170,4.105714,4.105714,1.463657,7429093
1999-02-17,4.140956,4.264308,4.008797,4.149770,1.479363,6038320
1999-02-18,4.255494,4.334791,4.088094,4.281929,1.526477,8227520
1999-02-19,4.308355,4.317170,4.193817,4.229067,1.507632,3949345
1999-02-22,4.255494,4.493376,4.158576,4.493376,1.601856,6704990
1999-02-23,4.414088,4.449329,4.317170,4.387652,1.564166,9989917
1999-02-24,4.334791,4.484570,4.325976,4.484570,1.598717,7482021
1999-02-25,4.361217,4.466949,4.343596,4.458135,1.589293,6733143
1999-02-26,4.334791,4.431708,4.317170,4.431708,1.579872,4164436
1999-03-01,4.387652,4.387652,4.255494,4.370032,1.557885,4088985
1999-03-02,4.281929,4.361217,4.229067,4.290735,1.529616,2727491
1999-03-03,4.273114,4.361217,4.229067,4.229067,1.507632,2814203
1999-03-04,4.202632,4.370032,4.167391,4.317170,1.539040,4489888
1999-03-05,4.361217,4.510996,4.273114,4.475755,1.595574,6147554
1999-03-08,4.449329,4.484570,4.378838,4.458135,1.589293,5798453
1999-03-09,4.440514,4.581487,4.440514,4.581487,1.633267,11324383
1999-03-10,4.581487,4.766508,4.519811,4.740072,1.689801,15173504
1999-03-11,4.757693,4.775314,4.669590,4.687211,1.670957,8718514
1999-03-12,4.687211,4.740072,4.528617,4.555052,1.623843,6878414
1999-03-15,4.546237,4.713646,4.528617,4.660775,1.661533,6051833
1999-03-16,4.678396,4.775314,4.643155,4.740072,1.689801,10328883
1999-03-17,4.713646,4.854611,4.687211,4.836990,1.724352,14404355
1999-03-18,4.731267,4.863425,4.704831,4.792934,1.708646,8961758
1999-03-19,4.881046,4.995584,4.845796,4.854611,1.730633,20947183
1999-03-22,5.110122,5.110122,4.581487,4.581487,1.633267,11511322
1999-03-23,4.863425,4.889852,4.581487,4.687211,1.670957,6199356
1999-03-24,4.563867,4.678396,4.537432,4.625534,1.648970,7841256
1999-03-25,4.590293,4.784128,4.537432,4.704831,1.677238,6217374
1999-03-26,4.740072,4.784128,4.519811,4.555052,1.623843,4899800
1999-03-29,4.625534,4.748887,4.599108,4.731267,1.686662,5398676
1999-03-30,4.784128,4.784128,4.669590,4.757693,1.696083,3989885
1999-03-31,4.766508,4.836990,4.748887,4.810564,1.714931,5412190
1999-04-01,4.722452,4.845796,4.713646,4.810564,1.714931,4418941
1999-04-02,4.810564,4.810564,4.810564,4.810564,1.714931,0
1999-04-05,4.810564,4.810564,4.810564,4.810564,1.714931,0
1999-04-06,4.889852,4.969149,4.863425,4.951528,1.765184,7485399
1999-04-07,4.977954,4.986769,4.854611,4.986769,1.777747,4948223
1999-04-08,4.969149,4.995584,4.881046,4.969149,1.771466,5162189
1999-04-09,4.969149,5.039631,4.845796,4.933908,1.758903,8033825
1999-04-12,4.872231,4.960334,4.766508,4.933908,1.758903,6088996
1999-04-13,4.942713,4.977954,4.828175,4.977954,1.774605,6280438
1999-04-14,4.889852,4.960334,4.881046,4.960334,1.768323,3704974
1999-04-15,4.933908,4.986769,4.898666,4.986769,1.777747,4788313
1999-04-16,4.995584,4.995584,4.792934,4.819369,1.718070,9585636
1999-04-19,4.854611,4.933908,4.828175,4.898666,1.746339,5540569
1999-04-20,4.889852,5.022010,4.819369,4.863425,1.733775,6447105
1999-04-21,4.845796,4.969149,4.792934,4.792934,1.708646,7345759
1999-04-22,4.889852,4.889852,4.731267,4.784128,1.705507,3841236
1999-04-23,4.784128,4.810564,4.713646,4.775314,1.702365,4415563
1999-04-26,4.748887,4.801749,4.625534,4.678396,1.667815,6000031
1999-04-27,4.687211,4.722452,4.660775,4.696026,1.674099,6681341
1999-04-28,4.687211,4.713646,4.581487,4.607914,1.642688,7011297
1999-04-29,4.581487,4.607914,4.484570,4.484570,1.598717,10095774
1999-04-30,4.458135,4.502190,4.370032,4.440514,1.583011,13141961
1999-05-03,4.493376,4.590293,4.484570,4.510996,1.608137,9367166
1999-05-04,4.581487,4.625534,4.519811,4.572673,1.630125,7212875
1999-05-05,4.563867,4.651970,4.563867,4.625534,1.648970,6335618
1999-05-06,4.669590,4.713646,4.643155,4.696026,1.674099,5831111
1999-05-07,4.687211,4.775314,4.634349,4.740072,1.689801,8034951
1999-05-10,4.715259,4.715259,4.528777,4.599812,1.639800,8948245
1999-05-11,4.599812,4.599812,4.439979,4.466620,1.592318,7843509
1999-05-12,4.466620,4.484374,4.377813,4.422216,1.576488,8107024
1999-05-13,4.377813,4.422216,4.262374,4.351172,1.551161,9769196
1999-05-14,4.315655,4.368936,4.209094,4.209094,1.500511,9824376
1999-05-17,4.200217,4.209094,4.084778,4.155813,1.481517,7091253
1999-05-18,4.182454,4.271260,4.084778,4.244620,1.513176,6808594
1999-05-19,4.262374,4.368936,4.200217,4.324532,1.541664,8216259
1999-05-20,4.315655,4.386699,4.209094,4.262374,1.519505,7058595
1999-05-21,4.235734,4.351172,4.173576,4.342295,1.547997,13953902
1999-05-24,4.386699,4.386699,4.271260,4.289015,1.529003,5666696
1999-05-25,4.271260,4.297901,4.200217,4.217980,1.503679,5424577
1999-05-26,4.235734,4.244620,4.120296,4.155813,1.481517,6054085
1999-05-27,4.191340,4.262374,4.182454,4.253497,1.516341,8343512
1999-05-28,4.217980,4.360058,4.164699,4.333418,1.544832,8293962
1999-05-31,4.333418,4.395576,4.297901,4.368936,1.557494,5739894
1999-06-01,4.395576,4.395576,4.200217,4.253497,1.516341,5659940
1999-06-02,4.262374,4.351172,4.244620,4.351172,1.551161,5345748
1999-06-03,4.342295,4.404453,4.315655,4.333418,1.544832,5469623
1999-06-04,4.377813,4.377813,4.262374,4.289015,1.529003,5950481
1999-06-07,4.262374,4.351172,4.235734,4.351172,1.551161,5355884
1999-06-08,4.333418,4.413339,4.306778,4.404453,1.570155,6824360
1999-06-09,4.386699,4.475497,4.360058,4.431093,1.579653,8700496
1999-06-10,4.439979,4.502137,4.395576,4.404453,1.570155,8174593
1999-06-11,4.377813,4.377813,4.297901,4.333418,1.544832,5730885
1999-06-14,4.280138,4.395576,4.173576,4.235734,1.510008,8260178
1999-06-15,4.253497,4.253497,4.129182,4.138059,1.475188,10354784
1999-06-16,4.173576,4.262374,4.138059,4.226857,1.506844,3496639
1999-06-17,4.253497,4.297901,4.182454,4.297901,1.532171,4309707
1999-06-18,4.226857,4.351172,4.173576,4.200217,1.497347,13333404
1999-06-21,4.226857,4.253497,4.173576,4.182454,1.491015,3220737
1999-06-22,4.182454,4.235734,4.129182,4.155813,1.481517,3649793
1999-06-23,4.138059,4.209094,4.111419,4.120296,1.468855,5433587
1999-06-24,4.173576,4.226857,4.129182,4.200217,1.497347,5590118
1999-06-25,4.182454,4.351172,4.146936,4.351172,1.551161,7264677
1999-06-28,4.360058,4.360058,4.217980,4.289015,1.529003,7408822
1999-06-29,4.297901,4.324532,4.155813,4.271260,1.522673,10043972
1999-06-30,4.200217,4.244620,4.111419,4.138059,1.475188,9872800
1999-07-01,4.102542,4.217980,4.040375,4.209094,1.500511,30371781
1999-07-02,4.138059,4.173576,4.058138,4.111419,1.465691,12042856
1999-07-05,4.129182,4.155813,4.067015,4.084778,1.456194,9190364
1999-07-06,4.075901,4.111419,4.040375,4.111419,1.465691,8630676
1999-07-07,4.129182,4.146936,4.049261,4.111419,1.465691,7346885
1999-07-08,4.146936,4.146936,4.040375,4.040375,1.440364,6252285
1999-07-09,4.075901,4.111419,4.040375,4.067015,1.449861,8263557
1999-07-12,4.111419,4.111419,4.013735,4.040375,1.440364,5916697
1999-07-13,4.004858,4.040375,3.916060,3.933823,1.402379,6560845
1999-07-14,3.951577,3.969340,3.924937,3.960463,1.411877,8566486
1999-07-15,3.969340,3.969340,3.880542,3.942700,1.405544,6512421
1999-07-16,3.916060,4.013735,3.871656,3.960463,1.411877,10048476
1999-07-19,3.978217,4.049261,3.951577,4.013735,1.430868,6204987
1999-07-20,3.995980,3.995980,3.871656,3.933823,1.402379,4265787
1999-07-21,3.871656,3.907182,3.738464,3.791735,1.351726,9041714
1999-07-22,3.845016,3.845016,3.702937,3.765095,1.342229,11123932
1999-07-23,3.711823,3.818375,3.685183,3.729578,1.329568,9719645
1999-07-26,3.694060,3.711823,3.560859,3.640780,1.297912,13281602
1999-07-27,3.587499,3.667420,3.534218,3.578622,1.275753,5800706
1999-07-28,3.631902,3.631902,3.392140,3.480938,1.240929,8296215
1999-07-29,3.445420,3.498701,3.294465,3.321105,1.183950,12788356
1999-07-30,3.312219,3.427657,3.285579,3.374377,1.202941,6707242
1999-08-02,3.409903,3.578622,3.329982,3.516464,1.253594,5914445
1999-08-03,3.543104,3.631902,3.489824,3.578622,1.275753,7161073
1999-08-04,3.596376,3.640780,3.480938,3.480938,1.240929,7342381
1999-08-05,3.507578,3.525341,3.374377,3.445420,1.228267,6658818
1999-08-06,3.463184,3.498701,3.374377,3.418780,1.218770,4786060
1999-08-09,3.418780,3.543104,3.409903,3.498701,1.247262,2953843
1999-08-10,3.472061,3.498701,3.338859,3.356622,1.196611,7900942
1999-08-11,3.427657,3.507578,3.392140,3.445420,1.228267,4036056
1999-08-12,3.551982,3.578622,3.480938,3.569745,1.272588,4161058
1999-08-13,3.498701,3.596376,3.472061,3.596376,1.282082,3573216
1999-08-16,3.623016,3.685183,3.534218,3.685183,1.313741,5759039
1999-08-17,3.667420,3.756218,3.640780,3.738464,1.332735,11305240
1999-08-18,3.782858,3.800621,3.605262,3.640780,1.297912,8048466
1999-08-19,3.587499,3.658543,3.560859,3.560859,1.269420,6430214
1999-08-20,3.614139,3.694060,3.587499,3.623016,1.291579,6950487
1999-08-23,3.640780,3.729578,3.605262,3.685183,1.313741,7726391
1999-08-24,3.711823,3.711823,3.614139,3.640780,1.297912,7290578
1999-08-25,3.658543,3.711823,3.623016,3.676297,1.310573,8949371
1999-08-26,3.720700,3.747341,3.658543,3.738464,1.332735,8708379
1999-08-27,3.711823,3.747341,3.685183,3.738464,1.332735,6398681
1999-08-30,3.694060,3.729578,3.667420,3.702937,1.320070,2309696
1999-08-31,3.614139,3.631902,3.543104,3.551982,1.266256,10757939
1999-09-01,3.596376,3.614139,3.525341,3.560859,1.269420,3574343
1999-09-02,3.578622,3.578622,3.463184,3.480938,1.240929,5746651
1999-09-03,3.507578,3.614139,3.480938,3.596376,1.282082,6904315
1999-09-06,3.614139,3.614139,3.560859,3.578622,1.275753,3774794
1999-09-07,3.587499,3.605262,3.516464,3.551982,1.266256,6886297
1999-09-08,3.543104,3.711823,3.516464,3.711823,1.323238,13959533
1999-09-09,3.711823,3.809498,3.685183,3.800621,1.354894,18396493
1999-09-10,3.818375,3.836139,3.720700,3.836139,1.367556,11538349
1999-09-13,3.836139,3.836139,3.756218,3.800621,1.354894,4199345
1999-09-14,3.827262,3.933823,3.809498,3.853902,1.373888,8573243
1999-09-15,3.845016,3.889419,3.791735,3.827262,1.364391,7393056
1999-09-16,3.818375,3.827262,3.738464,3.818375,1.361223,9666717
1999-09-17,3.862779,3.862779,3.791735,3.836139,1.367556,17101442
1999-09-20,3.898296,3.898296,3.791735,3.800621,1.354894,8001167
1999-09-21,3.773981,3.853902,3.747341,3.800621,1.354894,7860401
1999-09-22,3.738464,3.756218,3.667420,3.702937,1.320070,10107035
1999-09-23,3.694060,3.773981,3.694060,3.765095,1.342229,9775952
1999-09-24,3.711823,3.729578,3.640780,3.658543,1.304244,6287194
1999-09-27,3.667420,3.702937,3.649657,3.676297,1.310573,4885160
1999-09-28,3.676297,3.685183,3.614139,3.658543,1.304244,4967367
1999-09-29,3.649657,3.702937,3.587499,3.605262,1.285250,7232020
1999-09-30,3.605262,3.605262,3.489824,3.489824,1.244097,6238772
1999-10-01,3.596376,3.605262,3.543104,3.551982,1.266256,6195978
1999-10-04,3.569745,3.578622,3.525341,3.543104,1.263091,8451621
1999-10-05,3.543104,3.631902,3.516464,3.596376,1.282082,7372786
1999-10-06,3.605262,3.667420,3.578622,3.640780,1.297912,7129541
1999-10-07,3.667420,3.773981,3.640780,3.729578,1.329568,15377334
1999-10-08,3.729578,3.738464,3.605262,3.640780,1.297912,9899827
1999-10-11,3.658543,3.685183,3.569745,3.578622,1.275753,6007914
1999-10-12,3.587499,3.587499,3.480938,3.507578,1.250426,18346944
1999-10-13,3.507578,3.614139,3.480938,3.596376,1.282082,19309787
1999-10-14,3.578622,3.614139,3.480938,3.543104,1.263091,15664497
1999-10-15,3.507578,3.569745,3.312219,3.569745,1.272588,42358334
1999-10-18,3.498701,3.534218,3.383263,3.418780,1.218770,10739921
1999-10-19,3.427657,3.525341,3.401017,3.507578,1.250426,11448258
1999-10-20,3.516464,3.560859,3.463184,3.534218,1.259923,14625076
1999-10-21,3.525341,3.525341,3.436543,3.498701,1.247262,6009040
1999-10-22,3.480938,3.551982,3.463184,3.507578,1.250426,11506817
1999-10-25,3.543104,3.543104,3.401017,3.401017,1.212438,4591240
1999-10-26,3.436543,3.463184,3.374377,3.374377,1.202941,6748909
1999-10-27,3.401017,3.454297,3.329982,3.436543,1.225102,9649825
1999-10-28,3.427657,3.498701,3.383263,3.454297,1.231432,4921197
1999-10-29,3.489824,3.623016,3.480938,3.605262,1.285250,14926880
1999-11-01,3.605262,3.605262,3.605262,3.605262,1.285250,0
1999-11-02,3.578622,3.596376,3.516464,3.525341,1.256759,5215117
1999-11-03,3.507578,3.560859,3.507578,3.543104,1.263091,4984260
1999-11-04,3.578622,3.685183,3.543104,3.676297,1.310573,7756797
1999-11-05,3.631902,3.720700,3.605262,3.702937,1.320070,7370533
1999-11-08,3.685183,3.765095,3.623016,3.720700,1.326403,6314222
1999-11-09,3.747341,3.782858,3.694060,3.720700,1.326403,7920086
1999-11-10,3.720700,3.809498,3.702937,3.729578,1.329568,7664454
1999-11-11,3.756218,3.756218,3.640780,3.685183,1.313741,7376165
1999-11-12,3.685183,3.685183,3.560859,3.649657,1.301076,12120559
1999-11-15,3.667420,3.694060,3.623016,3.649657,1.301076,4591240
1999-11-16,3.676297,3.756218,3.649657,3.729578,1.329568,11630692
1999-11-17,3.729578,3.782858,3.720700,3.756218,1.339065,10412216
1999-11-18,3.738464,3.836139,3.738464,3.827262,1.364391,11987676
1999-11-19,3.853902,3.969340,3.809498,3.871656,1.380217,20866101
1999-11-22,3.853902,3.898296,3.694060,3.711823,1.323238,9861538
1999-11-23,3.711823,3.756218,3.685183,3.702937,1.320070,4579979
1999-11-24,3.694060,3.720700,3.614139,3.711823,1.323238,6122780
1999-11-25,3.702937,3.782858,3.685183,3.711823,1.323238,9674600
1999-11-26,3.711823,3.729578,3.631902,3.640780,1.297912,4398672
1999-11-29,3.631902,3.711823,3.623016,3.623016,1.291579,4878403
1999-11-30,3.658543,3.765095,3.587499,3.765095,1.342229,8218512
1999-12-01,3.747341,3.782858,3.631902,3.694060,1.316906,8909956
1999-12-02,3.747341,3.747341,3.676297,3.729578,1.329568,5510164
1999-12-03,3.685183,3.765095,3.631902,3.676297,1.310573,8742162
1999-12-06,3.667420,3.711823,3.623016,3.694060,1.316906,7413327
1999-12-07,3.649657,3.702937,3.578622,3.587499,1.278917,13505701
1999-12-08,3.623016,3.631902,3.498701,3.551982,1.266256,8670090
1999-12-09,3.560859,3.676297,3.436543,3.640780,1.297912,15899859
1999-12-10,3.676297,3.694060,3.587499,3.587499,1.278917,10608164
1999-12-13,3.605262,3.640780,3.569745,3.596376,1.282082,11876189
1999-12-14,3.640780,3.694060,3.587499,3.587499,1.278917,15036116
1999-12-15,3.623016,3.640780,3.578622,3.605262,1.285250,15977562
1999-12-16,3.614139,3.623016,3.551982,3.551982,1.266256,10760192
1999-12-17,3.534218,3.605262,3.525341,3.551982,1.266256,20315422
1999-12-20,3.729578,3.729578,3.551982,3.551982,1.266256,32321116
1999-12-21,3.578622,3.578622,3.463184,3.463184,1.234600,26815457
1999-12-22,3.534218,3.551982,3.436543,3.454297,1.231432,14318769
1999-12-23,3.507578,3.569745,3.463184,3.480938,1.240929,13634081
1999-12-24,3.480938,3.480938,3.480938,3.480938,1.240929,0
1999-12-27,3.507578,3.543104,3.436543,3.454297,1.231432,13011892
1999-12-28,3.489824,3.711823,3.436543,3.676297,1.310573,14973614
1999-12-29,3.676297,3.685183,3.605262,3.631902,1.294747,13730929
1999-12-30,3.676297,3.676297,3.551982,3.578622,1.275753,9685861
1999-12-31,null,null,null,null,null,null
2000-01-03,3.640780,3.658543,3.445420,3.463184,1.234600,23897648
2000-01-04,3.436543,3.489824,3.338859,3.489824,1.244097,20481528
2000-01-05,3.329982,3.498701,3.321105,3.436543,1.225102,18498408
2000-01-06,3.454297,3.454297,3.294465,3.303342,1.177617,15795128
2000-01-07,3.383263,3.427657,3.321105,3.427657,1.221935,22434802
2000-01-10,3.436543,3.445420,3.312219,3.374377,1.202941,16991643
2000-01-11,3.338859,3.383263,3.267824,3.321105,1.183950,21132995
2000-01-12,3.329982,3.338859,3.294465,3.338859,1.190279,11033842
2000-01-13,3.329982,3.365500,3.276702,3.285579,1.171285,12873379
2000-01-14,3.303342,3.356622,3.232307,3.329982,1.187114,17082861
2000-01-17,3.338859,3.365500,3.196781,3.232307,1.152294,17006846
2000-01-18,3.241184,3.258938,3.099106,3.152386,1.123803,16730381
2000-01-19,3.170140,3.196781,3.063588,3.063588,1.092147,21657772
2000-01-20,3.107983,3.152386,3.045825,3.125746,1.114306,18775436
2000-01-21,3.081342,3.276702,3.072465,3.241184,1.155459,18138609
2000-01-24,3.241184,3.276702,3.116860,3.125746,1.114306,11912788
2000-01-25,3.125746,3.143500,3.063588,3.107983,1.107973,11303550
2000-01-26,3.152386,3.170140,3.028062,3.170140,1.130132,17001779
2000-01-27,3.170140,3.196781,3.019185,3.045825,1.085814,14516405
2000-01-28,3.036939,3.072465,2.974781,2.992544,1.066820,13064821
2000-01-31,3.010308,3.010308,2.903746,2.930387,1.044662,17803584
2000-02-01,2.948141,2.974781,2.885983,2.939264,1.047826,15801322
2000-02-02,2.974781,3.045825,2.877106,3.036939,1.082647,20603712
2000-02-03,3.063588,3.099106,2.992544,3.063588,1.092147,22653836
2000-02-04,3.045825,3.090219,2.939264,3.090219,1.101641,13337908
2000-02-07,3.019185,3.045825,2.903746,2.921501,1.041494,15050192
2000-02-08,2.930387,2.957027,2.885983,2.930387,1.044662,18301898
2000-02-09,2.930387,3.028062,2.894860,2.983667,1.063655,19006295
2000-02-10,3.010308,3.250061,2.992544,3.250061,1.158623,23745058
2000-02-11,3.276702,3.454297,3.258938,3.267824,1.164955,42730519
2000-02-14,3.258938,3.321105,3.019185,3.045825,1.085814,31457937
2000-02-15,3.107983,3.125746,3.019185,3.036939,1.082647,16562024
2000-02-16,3.054702,3.187904,3.054702,3.187904,1.136465,23142577
2000-02-17,3.196781,3.223421,3.072465,3.090219,1.101641,21813741
2000-02-18,3.161263,3.214544,3.090219,3.187904,1.136465,20687046
2000-02-21,3.152386,3.214544,3.116860,3.116860,1.111138,10817061
2000-02-22,3.161263,3.187904,2.983667,3.010308,1.073153,18171830
2000-02-23,3.054702,3.099106,3.001422,3.045825,1.085814,14128452
2000-02-24,3.028062,3.090219,2.974781,2.992544,1.066820,11737674
2000-02-25,3.001422,3.179026,2.992544,3.179026,1.133300,15696029
2000-02-28,3.161263,3.179026,3.054702,3.143500,1.120635,15993890
2000-02-29,3.116860,3.418780,3.081342,3.383263,1.206109,43006985
2000-03-01,3.392140,3.454297,3.294465,3.392140,1.209273,27876274
2000-03-02,3.418780,3.596376,3.374377,3.596376,1.282082,34112230
2000-03-03,3.489824,3.702937,3.472061,3.640780,1.297912,48376943
2000-03-06,4.129182,4.289015,3.685183,4.244620,1.513176,66388866
2000-03-07,4.084778,4.111419,3.765095,3.845016,1.370720,50452970
2000-03-08,3.738464,3.933823,3.676297,3.889419,1.386550,26855434
2000-03-09,4.067015,4.084778,3.738464,3.818375,1.361223,36635329
2000-03-10,3.853902,3.889419,3.685183,3.729578,1.329568,24596414
2000-03-13,3.729578,3.738464,3.463184,3.507578,1.250426,22615547
2000-03-14,3.525341,3.605262,3.463184,3.569745,1.272588,21941558
2000-03-15,3.507578,3.640780,3.463184,3.596376,1.282082,14715731
2000-03-16,3.614139,3.729578,3.507578,3.685183,1.313741,34059301
2000-03-17,3.845016,3.845016,3.365500,3.374377,1.202941,43418021
2000-03-20,3.436543,3.507578,3.347745,3.383263,1.206109,17247275
2000-03-21,3.401017,3.507578,3.374377,3.418780,1.218770,13812573
2000-03-22,3.436543,3.480938,3.267824,3.454297,1.231432,14255142
2000-03-23,3.507578,3.507578,3.329982,3.480938,1.240929,12077203
2000-03-24,3.463184,3.534218,3.418780,3.534218,1.259923,11037783
2000-03-27,3.463184,3.534218,3.454297,3.489824,1.244097,6599696
2000-03-28,3.463184,3.489824,3.365500,3.383263,1.206109,9171782
2000-03-29,3.356622,3.409903,3.294465,3.312219,1.180782,11840152
2000-03-30,3.303342,3.303342,3.205667,3.232307,1.152294,17527119
2000-03-31,3.196781,3.241184,3.161263,3.205667,1.142797,15237692
2000-04-03,3.205667,3.338859,3.161263,3.285579,1.171285,13621693
2000-04-04,3.294465,3.623016,3.294465,3.614139,1.288414,42437725
2000-04-05,3.569745,3.640780,3.463184,3.578622,1.275753,30303087
2000-04-06,3.534218,3.560859,3.427657,3.463184,1.234600,21966894
2000-04-07,3.463184,3.463184,3.365500,3.445420,1.228267,12691508
2000-04-10,3.392140,3.436543,3.329982,3.392140,1.209273,10858165
2000-04-11,3.374377,3.560859,3.347745,3.551982,1.266256,22324442
2000-04-12,3.667420,3.809498,3.640780,3.667420,1.307409,80774076
2000-04-13,3.658543,3.747341,3.605262,3.676297,1.310573,34110540
2000-04-14,3.658543,3.685183,3.534218,3.578622,1.275753,22945503
2000-04-17,3.329982,3.560859,3.329982,3.454297,1.231432,14081718
2000-04-18,3.516464,3.516464,3.374377,3.374377,1.202941,10673479
2000-04-19,3.472061,3.498701,3.418780,3.480938,1.240929,21962391
2000-04-20,3.409903,3.765095,3.401017,3.711823,1.323238,28107692
2000-04-21,null,null,null,null,null,null
2000-04-24,null,null,null,null,null,null
2000-04-25,3.676297,3.845016,3.640780,3.791735,1.351726,15453910
2000-04-26,3.738464,3.765095,3.631902,3.685183,1.313741,12480359
2000-04-27,3.640780,3.738464,3.596376,3.720700,1.326403,17212929
2000-04-28,3.729578,3.729578,3.596376,3.596376,1.282082,9887439
2000-05-01,null,null,null,null,null,null
2000-05-02,3.658543,3.676297,3.578622,3.658543,1.304244,12680810
2000-05-03,3.623016,3.667420,3.489824,3.489824,1.244097,13215722
2000-05-04,3.472061,3.569745,3.427657,3.516464,1.253594,17100878
2000-05-05,3.480938,3.525341,3.401017,3.454297,1.231432,19351453
2000-05-08,3.413593,3.493808,3.351203,3.431418,1.223276,11652934
2000-05-09,3.467070,3.654238,3.431418,3.645325,1.299532,28265603
2000-05-10,3.645325,3.725540,3.627499,3.698802,1.318596,29256315
2000-05-11,3.636412,3.698802,3.636412,3.698802,1.318596,29975508
2000-05-12,3.680976,3.680976,3.574023,3.591848,1.280468,24250580
2000-05-15,3.591848,3.591848,3.502721,3.511633,1.251872,28207820
2000-05-16,3.547284,3.609674,3.467070,3.591848,1.280468,36313039
2000-05-17,3.556197,3.663151,3.547284,3.609674,1.286823,26699873
2000-05-18,3.574023,3.770104,3.565110,3.743366,1.334483,66800172
2000-05-19,3.698802,3.698802,3.574023,3.600761,1.283645,29486322
2000-05-22,3.627499,3.627499,3.520546,3.547284,1.264581,12232439
2000-05-23,3.591848,3.609674,3.556197,3.591848,1.280468,7690645
2000-05-24,3.582936,3.600761,3.511633,3.600761,1.283645,7299633
2000-05-25,3.618587,3.743366,3.600761,3.698802,1.318596,26955124
2000-05-26,3.618587,3.912708,3.618587,3.832493,1.366256,54290602
2000-05-29,3.823581,3.912708,3.752278,3.787929,1.350369,9809513
2000-05-30,3.752278,3.832493,3.680976,3.814668,1.359901,11607494
2000-05-31,3.787929,3.814668,3.752278,3.770104,1.344015,9792683
2000-06-01,3.743366,3.779017,3.743366,3.761191,1.340837,11241727
2000-06-02,3.761191,3.770104,3.707714,3.734453,1.331305,11905381
2000-06-05,3.716627,3.796842,3.680976,3.752278,1.337660,7225582
2000-06-06,3.725540,3.814668,3.725540,3.814668,1.359901,12170730
2000-06-07,3.805755,3.850319,3.796842,3.832493,1.366256,30199344
2000-06-08,3.805755,3.832493,3.689889,3.752278,1.337660,9047685
2000-06-09,3.734453,3.787929,3.707714,3.725540,1.328128,5469676
2000-06-12,3.752278,3.814668,3.725540,3.734453,1.331305,5110079
2000-06-13,3.716627,3.868144,3.716627,3.850319,1.372611,25763015
2000-06-14,3.832493,3.894883,3.796842,3.868144,1.378965,20447612
2000-06-15,3.877057,3.903796,3.868144,3.903796,1.391675,14657049
2000-06-16,3.921621,4.055313,3.868144,3.885970,1.385320,45668149
2000-06-19,3.832493,3.939447,3.823581,3.894883,1.388498,16267097
2000-06-20,3.885970,3.921621,3.814668,3.841406,1.369434,13414450
2000-06-21,3.814668,3.894883,3.814668,3.841406,1.369434,11857696
2000-06-22,3.877057,3.903796,3.814668,3.868144,1.378965,12376614
2000-06-23,3.832493,3.921621,3.832493,3.912708,1.394852,14260988
2000-06-26,3.868144,3.984011,3.868144,3.957272,1.410739,14539240
2000-06-27,3.912708,4.010749,3.912708,4.001836,1.426626,17956806
2000-06-28,4.001836,4.055313,3.975098,4.028574,1.436158,13203517
2000-06-29,4.019662,4.233568,4.001836,4.117702,1.467931,43231198
2000-06-30,4.126615,4.269219,4.082051,4.180092,1.490172,40482896
2000-07-03,4.171179,4.215743,4.108789,4.197917,1.496527,17765508
2000-07-04,4.153353,4.215743,4.073138,4.171179,1.486995,12233561
2000-07-05,4.189004,4.189004,4.064226,4.064226,1.448867,5781587
2000-07-06,4.055313,4.233568,4.055313,4.233568,1.509236,30505084
2000-07-07,4.233568,4.313783,4.162266,4.278132,1.525123,24934991
2000-07-10,4.251394,4.278132,4.117702,4.153353,1.480640,11159822
2000-07-11,4.126615,4.189004,4.108789,4.180092,1.490172,9502650
2000-07-12,4.144441,4.260307,4.135528,4.242481,1.512414,18686096
2000-07-13,4.233568,4.278132,4.197917,4.260307,1.518768,19714395
2000-07-14,4.260307,4.260307,4.180092,4.197917,1.496527,17473230
2000-07-17,4.180092,4.242481,4.180092,4.233568,1.509236,8925950
2000-07-18,4.189004,4.215743,4.082051,4.108789,1.464754,11310729
2000-07-19,4.099877,4.153353,4.073138,4.144441,1.477463,11600201
2000-07-20,4.099877,4.224655,4.099877,4.224655,1.506059,9043758
2000-07-21,4.233568,4.233568,4.180092,4.224655,1.506059,12082093
2000-07-24,4.162266,4.242481,4.153353,4.242481,1.512414,9380354
2000-07-25,4.197917,4.242481,4.197917,4.233568,1.509236,13535625
2000-07-26,4.215743,4.304870,4.206830,4.260307,1.518768,15165869
2000-07-27,4.242481,4.278132,4.126615,4.126615,1.471108,16374246
2000-07-28,4.126615,4.162266,4.090964,4.117702,1.467931,8346445
2000-07-31,4.082051,4.287045,4.028574,4.242481,1.512414,16169484
2000-08-01,4.233568,4.233568,4.171179,4.206830,1.499704,7456711
2000-08-02,4.233568,4.242481,4.189004,4.233568,1.509236,6294334
2000-08-03,4.197917,4.322696,4.197917,4.269219,1.521946,28441754
2000-08-04,4.233568,4.295958,4.215743,4.251394,1.515591,15122672
2000-08-07,4.215743,4.447475,4.206830,4.410041,1.572148,24536125
2000-08-08,4.367260,4.420737,4.349434,4.409150,1.571830,15822791
2000-08-09,4.402911,4.438562,4.278132,4.325370,1.541963,14441627
2000-08-10,4.287045,4.376173,4.287045,4.336065,1.545775,15628687
2000-08-11,4.313783,4.456388,4.295958,4.423410,1.576914,17776166
2000-08-14,4.411824,4.483126,4.411824,4.459062,1.589624,7212118
2000-08-15,null,null,null,null,null,null
2000-08-16,4.500952,4.616818,4.456388,4.596318,1.638554,21057972
2000-08-17,4.581167,4.598992,4.492039,4.552646,1.622985,10351432
2000-08-18,4.554428,4.563341,4.402911,4.444801,1.584539,11269215
2000-08-21,4.429649,4.456388,4.385085,4.450149,1.586446,5283987
2000-08-22,4.456388,4.500952,4.411824,4.490256,1.600744,8026118
2000-08-23,4.447475,4.536603,4.402911,4.516995,1.610276,11318022
2000-08-24,4.500952,4.518777,4.420737,4.466192,1.592165,4426791
2000-08-25,4.429649,4.456388,4.385085,4.398455,1.568017,8709968
2000-08-28,4.393998,4.402911,4.304870,4.328044,1.542916,7741695
2000-08-29,4.295958,4.304870,4.206830,4.246046,1.513685,16931873
2000-08-30,4.233568,4.349434,4.233568,4.250503,1.515273,14609925
2000-08-31,4.287045,4.295958,4.224655,4.278132,1.525123,7946457
2000-09-01,4.313783,4.313783,4.117702,4.139093,1.475557,30306493
2000-09-04,4.144441,4.206830,4.010749,4.023227,1.434251,28791253
2000-09-05,4.028574,4.090964,4.028574,4.062443,1.448231,17033973
2000-09-06,4.046400,4.126615,4.001836,4.032140,1.437429,17938293
2000-09-07,4.064226,4.171179,4.037487,4.142658,1.476828,14807955
2000-09-08,4.162266,4.171179,4.082051,4.090964,1.458399,10207818
2000-09-11,4.099877,4.153353,4.090964,4.128398,1.471744,8801410
2000-09-12,4.117702,4.153353,4.082051,4.098094,1.460941,6161940
2000-09-13,4.082051,4.117702,3.948359,3.966185,1.413917,18368013
2000-09-14,3.975098,3.984011,3.814668,3.826254,1.364032,37498977
2000-09-15,3.787929,3.868144,3.779017,3.804864,1.356407,39806339
2000-09-18,3.850319,3.877057,3.779017,3.813777,1.359584,18580630
2000-09-19,3.823581,3.832493,3.752278,3.768321,1.343379,11641153
2000-09-20,3.796842,3.805755,3.689889,3.717519,1.325269,16242413
2000-09-21,3.716627,3.787929,3.654238,3.725540,1.328128,12661598
2000-09-22,3.672063,3.841406,3.663151,3.833385,1.366574,17730726
2000-09-25,3.859232,3.859232,3.752278,3.765648,1.342426,9982299
2000-09-26,3.752278,3.752278,3.663151,3.713062,1.323680,14484824
2000-09-27,3.654238,3.787929,3.654238,3.772778,1.344968,14062958
2000-09-28,3.787929,3.912708,3.761191,3.896665,1.389133,17510256
2000-09-29,3.903796,3.957272,3.868144,3.918056,1.396759,12837750
2000-10-02,3.903796,4.010749,3.894883,4.001836,1.426626,14188620
2000-10-03,3.984011,4.010749,3.957272,3.969750,1.415187,8129902
2000-10-04,3.966185,3.984011,3.877057,3.951033,1.408515,9045441
2000-10-05,3.957272,4.126615,3.939447,4.099877,1.461577,28671761
2000-10-06,4.126615,4.171179,3.877057,3.912708,1.394852,55029429
2000-10-09,3.921621,3.939447,3.814668,3.872601,1.380554,24697130
2000-10-10,4.099877,4.180092,4.064226,4.167614,1.485724,54231137
2000-10-11,4.099877,4.171179,4.082051,4.119485,1.468566,58866617
2000-10-12,4.117702,4.153353,4.055313,4.083834,1.455858,22068319
2000-10-13,4.010749,4.135528,4.010749,4.042835,1.441241,24152406
2000-10-16,4.073138,4.117702,4.028574,4.082942,1.455539,17442937
2000-10-17,4.082051,4.090964,4.028574,4.066899,1.449820,12738454
2000-10-18,4.037487,4.055313,3.992923,4.025901,1.435205,12709844
2000-10-19,4.019662,4.144441,3.992923,4.108789,1.464754,20905382
2000-10-20,4.153353,4.189004,4.090964,4.155136,1.481276,24800352
2000-10-23,4.099877,4.180092,4.099877,4.156027,1.481593,14265476
2000-10-24,4.144441,4.180092,4.082051,4.164049,1.484453,20820672
2000-10-25,4.126615,4.162266,4.082051,4.126615,1.471108,12479837
2000-10-26,4.126615,4.171179,4.117702,4.134636,1.473968,11980554
2000-10-27,4.153353,4.171179,4.135528,4.157810,1.482229,7507761
2000-10-30,4.180092,4.304870,4.162266,4.287045,1.528301,26854146
2000-10-31,4.295958,4.402911,4.295958,4.389542,1.564840,31849783
2000-11-01,4.393998,4.527690,4.393998,4.450149,1.586446,27848224
2000-11-02,4.429649,4.483126,4.322696,4.389542,1.564840,19401922
2000-11-03,4.340522,4.402911,4.340522,4.402911,1.569606,9442063
2000-11-06,4.340522,4.474213,4.331609,4.465300,1.591847,23735028
2000-11-07,4.438562,4.483126,4.420737,4.471539,1.594071,16912799
2000-11-08,4.456388,4.465300,4.393998,4.419845,1.575643,7742817
2000-11-09,4.367260,4.456388,4.349434,4.397563,1.567699,10285796
2000-11-10,4.367260,4.411824,4.340522,4.377955,1.560709,9385403
2000-11-13,4.322696,4.402911,4.313783,4.369934,1.557850,9984543
2000-11-14,4.411824,4.447475,4.349434,4.426084,1.577867,14180205
2000-11-15,4.402911,4.447475,4.376173,4.439453,1.582633,9172226
2000-11-16,4.411824,4.474213,4.340522,4.413606,1.573419,27501531
2000-11-17,4.428758,4.428758,4.428758,4.428758,1.578820,16221656
2000-11-20,4.393998,4.438562,4.367260,4.384194,1.562934,13503087
2000-11-21,4.322696,4.492039,4.322696,4.462627,1.590894,19224649
2000-11-22,4.509864,4.607905,4.500952,4.541059,1.618855,39498915
2000-11-23,4.509864,4.563341,4.438562,4.494713,1.602332,19098426
2000-11-24,4.456388,4.483126,4.438562,4.467974,1.592800,11279313
2000-11-27,4.456388,4.492039,4.429649,4.466192,1.592165,9069003
2000-11-28,4.447475,4.545515,4.429649,4.523234,1.612500,25649695
2000-11-29,4.492039,4.563341,4.483126,4.546407,1.620761,21976878
2000-11-30,4.509864,4.545515,4.456388,4.465300,1.591847,16872969
2000-12-01,4.545515,4.554428,4.492039,4.537494,1.617584,13914295
2000-12-04,4.500952,4.518777,4.376173,4.398455,1.568017,17953440
2000-12-05,4.492039,4.509864,4.420737,4.465300,1.591847,17933805
2000-12-06,4.492039,4.527690,4.456388,4.519668,1.611229,19934304
2000-12-07,4.536603,4.554428,4.456388,4.471539,1.594071,16079725
2000-12-08,4.527690,4.563341,4.492039,4.522342,1.612182,11045379
2000-12-11,4.545515,4.581167,4.500952,4.520560,1.611547,16720940
2000-12-12,4.518777,4.572254,4.474213,4.493821,1.602015,11582810
2000-12-13,4.536603,4.536603,4.447475,4.478670,1.596614,11051550
2000-12-14,4.420737,4.483126,4.367260,4.382412,1.562298,19468120
2000-12-15,4.367260,4.367260,4.269219,4.295066,1.531160,25914483
2000-12-18,4.295958,4.393998,4.189004,4.260307,1.518768,18824100
2000-12-19,4.242481,4.376173,4.206830,4.331609,1.544187,16491494
2000-12-20,4.331609,4.456388,4.287045,4.438562,1.582315,19477656
2000-12-21,4.420737,4.554428,4.313783,4.492039,1.601380,22980493
2000-12-22,4.509864,4.688120,4.474213,4.652469,1.658572,36219914
2000-12-25,4.652469,4.652469,4.652469,4.652469,1.658572,0
2000-12-26,4.652469,4.652469,4.652469,4.652469,1.658572,0
2000-12-27,4.670294,4.679207,4.590079,4.648012,1.656983,8551768
2000-12-28,4.625730,4.634643,4.527690,4.598101,1.639190,10629123
2000-12-29,4.607905,4.616818,4.518777,4.563341,1.626798,6057035
2001-01-01,null,null,null,null,null,null
2001-01-02,4.474213,4.625730,4.474213,4.590971,1.636648,7204264
2001-01-03,4.554428,4.607905,4.465300,4.509864,1.607734,15238237
2001-01-04,4.554428,4.598992,4.518777,4.557102,1.624574,17393570
2001-01-05,4.545515,4.723771,4.545515,4.663164,1.662384,28809765
2001-01-08,4.679207,4.705945,4.607905,4.645339,1.656030,12686843
2001-01-09,4.634643,4.732684,4.572254,4.661382,1.661749,12763138
2001-01-10,4.643556,4.759422,4.607905,4.722880,1.683672,17967465
2001-01-11,4.705945,4.732684,4.661382,4.717532,1.681766,15022255
2001-01-12,4.705945,4.705945,4.625730,4.643556,1.655394,9882442
2001-01-15,4.670294,4.759422,4.661382,4.723771,1.683990,9237862
2001-01-16,4.697033,4.768335,4.688120,4.741597,1.690345,16237364
2001-01-17,4.714858,4.812899,4.697033,4.762987,1.697971,21557255
2001-01-18,4.732684,4.795073,4.643556,4.737140,1.688756,11739888
2001-01-19,4.732684,4.732684,4.643556,4.697033,1.674458,15675811
2001-01-22,4.679207,4.786160,4.643556,4.762096,1.697653,12091069
2001-01-23,4.754966,4.754966,4.754966,4.754966,1.695111,120613
2001-01-24,4.750509,4.848550,4.750509,4.835181,1.723707,23571218
2001-01-25,4.848550,4.919852,4.759422,4.795073,1.709409,28838937
2001-01-26,4.714858,4.768335,4.661382,4.717532,1.681766,15748179
2001-01-29,4.768335,4.777248,4.679207,4.698815,1.675093,7157141
2001-01-30,4.648012,4.648012,4.648012,4.648012,1.656983,159321
2001-01-31,4.672077,4.672077,4.672077,4.672077,1.665562,60587
2001-02-01,4.679207,4.679207,4.554428,4.607014,1.642367,17045754
2001-02-02,4.616818,4.634643,4.518777,4.533038,1.615995,10635294
2001-02-05,4.509864,4.536603,4.402911,4.436780,1.581680,25958802
2001-02-06,4.438562,4.527690,4.420737,4.460844,1.590259,10906253
2001-02-07,4.429649,4.456388,4.385085,4.420737,1.575961,9807830
2001-02-08,4.438562,4.509864,4.429649,4.464409,1.591529,11588420
2001-02-09,4.456388,4.500952,4.402911,4.440345,1.582951,6293212
2001-02-12,4.456388,4.545515,4.456388,4.545515,1.620443,9025246
2001-02-13,4.554428,4.590079,4.500952,4.562450,1.626480,12864678
2001-02-14,4.509864,4.572254,4.474213,4.513429,1.609005,8195538
2001-02-15,4.536603,4.563341,4.509864,4.537494,1.617584,7137506
2001-02-16,4.483126,4.563341,4.385085,4.429649,1.579138,20942969
2001-02-19,4.420737,4.500952,4.411824,4.458170,1.589305,7020259
2001-02-20,4.447475,4.483126,4.340522,4.363695,1.555626,13479525
2001-02-21,4.367260,4.402911,4.242481,4.287045,1.528301,20049308
2001-02-22,4.278132,4.331609,4.135528,4.142658,1.476828,26879951
2001-02-23,4.144441,4.189004,4.001836,4.117702,1.467931,21452350
2001-02-26,4.037487,4.180092,4.037487,4.153353,1.480640,14186376
2001-02-27,4.144441,4.162266,4.064226,4.100768,1.461894,15669640
2001-02-28,4.108789,4.171179,4.055313,4.094529,1.459670,19068132
2001-03-01,4.055313,4.144441,4.001836,4.090073,1.458081,26390766
2001-03-02,4.126615,4.135528,3.921621,3.992923,1.423448,18485822
2001-03-05,3.975098,4.010749,3.894883,3.921621,1.398029,9438697
2001-03-06,3.921621,3.984011,3.885970,3.952816,1.409150,8556256
2001-03-07,3.930534,3.992923,3.921621,3.957272,1.410739,9538554
2001-03-08,3.984011,3.992923,3.894883,3.957272,1.410739,13078416
2001-03-09,3.957272,4.001836,3.921621,3.955490,1.410104,9972201
2001-03-12,3.930534,3.939447,3.823581,3.846754,1.371340,14806272
2001-03-13,3.814668,3.877057,3.787929,3.833385,1.366574,10487192
2001-03-14,3.841406,3.841406,3.689889,3.770104,1.344015,21385031
2001-03-15,3.779017,3.868144,3.725540,3.812885,1.359266,20376366
2001-03-16,3.823581,3.894883,3.770104,3.787929,1.350369,43708041
2001-03-19,3.734453,3.859232,3.734453,3.752278,1.337660,23229293
2001-03-20,3.814668,3.814668,3.680976,3.696128,1.317643,31932810
2001-03-21,3.663151,3.761191,3.645325,3.698802,1.318596,19031387
2001-03-22,3.698802,3.707714,3.574023,3.598979,1.283010,14102508
2001-03-23,3.636412,3.689889,3.574023,3.662259,1.305569,15649725
2001-03-26,3.698802,3.770104,3.680976,3.707714,1.321773,22788073
2001-03-27,3.725540,3.779017,3.672063,3.725540,1.328128,27393540
2001-03-28,3.716627,3.770104,3.698802,3.714845,1.324315,26098489
2001-03-29,3.689889,3.787929,3.645325,3.787929,1.350369,21650941
2001-03-30,3.761191,3.868144,3.752278,3.810211,1.358313,34361627
2001-04-02,3.841406,3.859232,3.725540,3.787929,1.350369,32446118
2001-04-03,3.779017,3.779017,3.707714,3.719301,1.325904,25987412
2001-04-04,3.725540,3.787929,3.680976,3.770104,1.344015,33896564
2001-04-05,3.761191,3.894883,3.752278,3.823581,1.363079,33613543
2001-04-06,3.850319,3.868144,3.734453,3.796842,1.353547,12184194
2001-04-09,3.761191,3.823581,3.743366,3.799516,1.354500,9276290
2001-04-10,3.823581,3.841406,3.796842,3.815559,1.360219,9629995
2001-04-11,3.796842,3.841406,3.770104,3.841406,1.369434,17607027
2001-04-12,3.787929,3.850319,3.787929,3.840515,1.369115,10120022
2001-04-13,null,null,null,null,null,null
2001-04-16,null,null,null,null,null,null
2001-04-17,3.823581,3.868144,3.796842,3.849428,1.372293,7901578
2001-04-18,3.903796,3.957272,3.859232,3.930534,1.401207,9929004
2001-04-19,3.948359,3.957272,3.885970,3.912708,1.394852,17746714
2001-04-20,3.921621,3.948359,3.841406,3.869036,1.379283,24084246
2001-04-23,3.814668,3.823581,3.725540,3.725540,1.328128,11591786
2001-04-24,3.725540,3.796842,3.716627,3.779017,1.347192,14017237
2001-04-25,3.743366,3.805755,3.734453,3.787038,1.350052,7263449
2001-04-26,3.814668,3.885970,3.805755,3.877057,1.382142,19360970
2001-04-27,3.850319,3.868144,3.796842,3.852993,1.373564,9056100
2001-04-30,3.823581,3.823581,3.770104,3.791495,1.351641,13491306
2001-05-01,null,null,null,null,null,null
2001-05-02,3.814668,3.859232,3.743366,3.819124,1.361490,14661256
2001-05-03,3.850319,3.877057,3.814668,3.836058,1.367527,16967215
2001-05-04,3.859232,3.957272,3.823581,3.912708,1.394852,27536593
2001-05-07,3.957272,3.966185,3.912708,3.948359,1.407561,11033598
2001-05-08,3.948359,3.992923,3.930534,3.984011,1.420271,14738673
2001-05-09,3.975098,3.975098,3.877057,3.903796,1.391675,15256469
2001-05-10,3.912708,3.948359,3.894883,3.919839,1.397394,14590851
2001-05-11,3.930534,3.992923,3.903796,3.979554,1.418682,12302283
2001-05-14,3.948359,4.037487,3.939447,3.963511,1.412963,12687404
2001-05-15,3.957272,3.975098,3.903796,3.910926,1.394217,12521070
2001-05-16,3.885970,3.930534,3.850319,3.894883,1.388498,12698063
2001-05-17,3.903796,3.921621,3.823581,3.856558,1.374835,16266255
2001-05-18,3.859232,3.877057,3.823581,3.856558,1.374835,60326320
2001-05-21,3.868144,3.877057,3.823581,3.832493,1.366256,13304496
2001-05-22,3.841406,3.912708,3.823581,3.894883,1.388498,20099236
2001-05-23,3.877057,3.948359,3.868144,3.930534,1.401207,37554235
2001-05-24,3.944794,3.944794,3.944794,3.944794,1.406290,609518
2001-05-25,3.930534,3.984011,3.921621,3.957272,1.410739,16649133
2001-05-28,3.966185,3.992923,3.966185,3.975098,1.417094,5211619
2001-05-29,3.975098,4.028574,3.966185,4.015205,1.431391,29874248
2001-05-30,4.001836,4.046400,3.957272,4.001836,1.426626,22771243
2001-05-31,3.975098,3.992923,3.868144,3.885079,1.385002,29822637
2001-06-01,3.877057,3.921621,3.841406,3.868144,1.378965,14279501
2001-06-04,3.894883,3.894883,3.823581,3.832493,1.366256,13814718
2001-06-05,3.832493,3.832493,3.787929,3.814668,1.359901,16998631
2001-06-06,3.805755,3.814668,3.743366,3.770104,1.344015,22137602
2001-06-07,3.787929,3.787929,3.725540,3.756735,1.339249,16272426
2001-06-08,3.761191,3.779017,3.725540,3.754061,1.338296,14999254
2001-06-11,3.743366,3.805755,3.734453,3.774560,1.345603,15827840
2001-06-12,3.796842,3.805755,3.680976,3.707714,1.321773,18782867
2001-06-13,3.716627,3.725540,3.672063,3.697019,1.317961,10824629
2001-06-14,3.689889,3.707714,3.627499,3.654238,1.302709,14319331
2001-06-15,3.627499,3.707714,3.609674,3.654238,1.302709,31733377
2001-06-18,3.654238,3.698802,3.636412,3.672063,1.309064,10737394
2001-06-19,3.654238,3.654238,3.591848,3.618587,1.290000,33603726
2001-06-20,3.609674,3.609674,3.547284,3.599870,1.283328,19060278
2001-06-21,3.609674,3.627499,3.582936,3.627499,1.293177,12936204
2001-06-22,3.618587,3.672063,3.609674,3.663151,1.305887,10418751
2001-06-25,3.645325,3.698802,3.636412,3.654238,1.302709,10064765
2001-06-26,3.654238,3.672063,3.618587,3.654238,1.302709,13582187
2001-06-27,3.645325,3.707714,3.627499,3.688106,1.314783,10885216
2001-06-28,3.680976,3.743366,3.645325,3.725540,1.328128,14740075
2001-06-29,3.707714,3.743366,3.698802,3.726431,1.328446,11798231
2001-07-02,3.743366,3.787929,3.707714,3.787929,1.350369,9589043
2001-07-03,3.770104,3.779017,3.698802,3.707714,1.321773,10425763
2001-07-04,3.698802,3.716627,3.672063,3.680976,1.312241,11188432
2001-07-05,3.654238,3.725540,3.654238,3.672063,1.309064,17310543
2001-07-06,3.663151,3.672063,3.600761,3.616804,1.289364,13863244
2001-07-09,3.618587,3.654238,3.582936,3.598087,1.282692,8931560
2001-07-10,3.609674,3.645325,3.600761,3.618587,1.290000,17655553
2001-07-11,3.600761,3.627499,3.565110,3.573132,1.273796,13378547
2001-07-12,3.591848,3.627499,3.502721,3.507177,1.250283,17940818
2001-07-13,3.529459,3.529459,3.413593,3.487569,1.243293,21101449
2001-07-16,3.475982,3.493808,3.413593,3.425179,1.221051,14602352
2001-07-17,3.413593,3.431418,3.208599,3.241576,1.155598,46338535
2001-07-18,3.262076,3.279901,3.190773,3.199686,1.140665,29387027
2001-07-19,3.217512,3.262076,3.181861,3.248706,1.158140,19064205
2001-07-20,3.244250,3.279901,3.137297,3.262076,1.162906,16683073
2001-07-23,3.262076,3.279901,3.226425,3.279901,1.169261,4853986
2001-07-24,3.262076,3.270988,3.235337,3.264749,1.163859,8883875
2001-07-25,3.262076,3.288814,3.190773,3.209490,1.144160,14708660
2001-07-26,3.208599,3.226425,3.181861,3.226425,1.150197,8762140
2001-07-27,3.235337,3.297727,3.226425,3.246033,1.157187,10458301
2001-07-30,3.244250,3.279901,3.226425,3.244250,1.156552,12487130
2001-07-31,3.226425,3.253163,3.199686,3.231772,1.152103,12624853
2001-08-01,3.253163,3.262076,3.217512,3.262076,1.162906,9125663
2001-08-02,3.270988,3.279901,3.199686,3.217512,1.147020,20167958
2001-08-03,3.208599,3.226425,3.164035,3.199686,1.140665,12682355
2001-08-06,3.199686,3.235337,3.146210,3.172948,1.131133,13072245
2001-08-07,3.172948,3.190773,3.146210,3.181861,1.134310,8308578
2001-08-08,3.181861,3.190773,3.119471,3.152449,1.123825,8656393
2001-08-09,3.128384,3.146210,3.083820,3.101646,1.105714,10518327
2001-08-10,3.101646,3.110558,3.003605,3.039256,1.083473,16586862
2001-08-13,3.048169,3.065995,2.994692,3.039256,1.083473,5080908
2001-08-14,3.074907,3.119471,3.074907,3.083820,1.099359,13048122
2001-08-15,null,null,null,null,null,null
2001-08-16,3.083820,3.092733,2.985780,2.992019,1.066633,18079102
2001-08-17,2.994692,3.003605,2.950128,2.976867,1.061232,16642962
2001-08-20,2.994692,3.039256,2.950128,3.005388,1.071399,12835506
2001-08-21,3.021431,3.110558,2.985780,3.110558,1.108891,15556880
2001-08-22,3.101646,3.235337,3.074907,3.226425,1.150197,33838782
2001-08-23,3.244250,3.253163,3.172948,3.226425,1.150197,19530670
2001-08-24,3.208599,3.279901,3.199686,3.241576,1.155598,21280406
2001-08-27,3.244250,3.262076,3.181861,3.194339,1.138759,4898305
2001-08-28,3.199686,3.217512,3.172948,3.190773,1.137488,10285235
2001-08-29,3.172948,3.253163,3.155122,3.253163,1.159729,15013559
2001-08-30,3.244250,3.270988,3.181861,3.208599,1.143842,12556693
2001-08-31,3.217512,3.270988,3.208599,3.266532,1.164495,9781463
2001-09-03,3.270988,3.279901,3.199686,3.253163,1.159729,10046252
2001-09-04,3.288814,3.315552,3.253163,3.308422,1.179429,17762983
2001-09-05,3.288814,3.315552,3.226425,3.235337,1.153374,24469367
2001-09-06,3.279901,3.288814,3.083820,3.155122,1.124778,32049777
2001-09-07,3.119471,3.137297,3.003605,3.033017,1.081248,25641000
2001-09-10,3.021431,3.065995,2.950128,3.030343,1.080295,16915324
2001-09-11,3.048169,3.065995,2.727309,2.816437,1.004039,29248181
2001-09-12,2.727309,2.932303,2.718396,2.803068,0.999273,23413299
2001-09-13,2.807524,2.807524,2.682745,2.779003,0.990694,24012439
2001-09-14,2.754047,2.807524,2.602530,2.630160,0.937633,23801505
2001-09-17,2.593617,2.700571,2.540141,2.590944,0.923653,16315342
2001-09-18,2.584705,2.593617,2.370798,2.417144,0.861694,28836973
2001-09-19,2.424275,2.442100,2.228194,2.254932,0.803867,44746721
2001-09-20,1.996461,2.246019,1.987549,1.996461,0.711724,57035538
2001-09-21,1.916246,2.103415,1.871683,1.968832,0.701874,69426456
2001-09-24,2.049938,2.152435,2.049938,2.123914,0.757160,36837286
2001-09-25,2.103415,2.183630,2.023200,2.165804,0.772093,36237585
2001-09-26,2.156891,2.317321,2.067764,2.205912,0.786392,67790324
2001-09-27,2.237106,2.308409,2.161348,2.263845,0.807044,24050586
2001-09-28,2.393080,2.397536,2.370798,2.384167,0.849938,190176
2001-10-01,2.406449,2.415362,2.286127,2.303061,0.821025,33501625
2001-10-02,2.326234,2.339603,2.165804,2.218390,0.790840,39859355
2001-10-03,2.192542,2.205912,2.125697,2.188086,0.780037,38157021
2001-10-04,2.188086,2.259388,2.107871,2.183630,0.778448,69938081
2001-10-05,2.156891,2.254932,2.094502,2.152435,0.767328,82829409
2001-10-08,2.130153,2.165804,2.090046,2.155109,0.768281,29269779
2001-10-09,2.139066,2.219281,2.134609,2.186304,0.779402,32750176
2001-10-10,2.165804,2.361885,2.139066,2.350299,0.837864,39013378
2001-10-11,2.415362,2.500033,2.406449,2.442100,0.870591,50986918
2001-10-12,2.437644,2.455469,2.308409,2.340495,0.834370,28989283
2001-10-15,2.308409,2.344060,2.237106,2.252258,0.802914,25660634
2001-10-16,2.281670,2.326234,2.250476,2.303061,0.821025,23617780
2001-10-17,2.352972,2.442100,2.352972,2.415362,0.861059,35076051
2001-10-18,2.344060,2.446557,2.335147,2.434970,0.868049,20257997
2001-10-19,2.442100,2.473295,2.335147,2.361885,0.841995,25228670
2001-10-22,2.370798,2.424275,2.335147,2.424275,0.864237,10598549
2001-10-23,2.442100,2.495577,2.424275,2.495577,0.889655,18176995
2001-10-24,2.473295,2.562423,2.473295,2.531228,0.902364,21576610
2001-10-25,2.553510,2.584705,2.393080,2.397536,0.854704,37398279
2001-10-26,2.451013,2.517859,2.397536,2.508946,0.894421,20944652
2001-10-29,2.482208,2.491120,2.352972,2.406449,0.857882,26315874
2001-10-30,2.388624,2.393080,2.246019,2.303061,0.821025,39304812
2001-10-31,2.281670,2.344060,2.263845,2.316430,0.825791,21769871
2001-11-01,2.299496,2.379711,2.259388,2.359211,0.841042,11387024
2001-11-02,2.370798,2.393080,2.308409,2.356538,0.840089,14464067
2001-11-05,2.397536,2.406449,2.335147,2.391297,0.852480,23096338
2001-11-06,2.410906,2.415362,2.312865,2.317321,0.826108,18667583
2001-11-07,2.335147,2.375254,2.317321,2.359211,0.841042,19606404
2001-11-08,2.339603,2.397536,2.281670,2.367233,0.843902,32652283
2001-11-09,2.335147,2.335147,2.286127,2.296822,0.818800,23101387
2001-11-12,2.286127,2.290583,2.139066,2.237106,0.797512,28222126
2001-11-13,2.250476,2.295039,2.205912,2.268301,0.808633,27939666
2001-11-14,2.246019,2.250476,2.139066,2.139066,0.762562,69166719
2001-11-15,2.170261,2.246019,2.143522,2.164022,0.771458,53680521
2001-11-16,2.156891,2.228194,2.152435,2.219281,0.791158,32467436
2001-11-19,2.232650,2.388624,2.228194,2.352972,0.838817,47081006
2001-11-20,2.375254,2.455469,2.352972,2.397536,0.854704,34885594
2001-11-21,2.397536,2.468839,2.388624,2.451013,0.873768,21043947
2001-11-22,2.477751,2.517859,2.464382,2.491120,0.888066,24524905
2001-11-23,2.513402,2.575792,2.495577,2.557966,0.911896,39638322
2001-11-26,2.571335,2.598074,2.495577,2.495577,0.889655,23433775
2001-11-27,2.513402,2.517859,2.397536,2.459926,0.876946,29546629
2001-11-28,2.437644,2.562423,2.415362,2.500033,0.891244,22022038
2001-11-29,2.491120,2.513402,2.442100,2.456361,0.875675,22986103
2001-11-30,2.477751,2.495577,2.406449,2.434079,0.867731,28989844
2001-12-03,2.375254,2.397536,2.330691,2.379711,0.848350,20776354
2001-12-04,2.361885,2.428731,2.357429,2.412688,0.860106,25178461
2001-12-05,2.415362,2.544597,2.410906,2.535684,0.903953,28114135
2001-12-06,2.535684,2.557966,2.486664,2.491120,0.888066,24403731
2001-12-07,2.500033,2.522315,2.442100,2.442100,0.870591,14957179
2001-12-10,2.442100,2.468839,2.393080,2.424275,0.864237,19537402
2001-12-11,2.424275,2.455469,2.397536,2.415362,0.861059,16214083
2001-12-12,2.433187,2.433187,2.370798,2.393080,0.853116,14910337
2001-12-13,2.393080,2.401993,2.281670,2.292366,0.817212,28250456
2001-12-14,2.290583,2.370798,2.259388,2.361885,0.841995,23628159
2001-12-17,2.352972,2.433187,2.344060,2.433187,0.867414,13687654
2001-12-18,2.419818,2.468839,2.384167,2.384167,0.849938,18646827
2001-12-19,2.410906,2.424275,2.352972,2.360994,0.841677,13395377
2001-12-20,2.344060,2.370798,2.321778,2.344951,0.835958,13049805
2001-12-21,2.321778,2.446557,2.299496,2.425166,0.864554,29738208
2001-12-24,null,null,null,null,null,null
2001-12-25,null,null,null,null,null,null
2001-12-26,null,null,null,null,null,null
2001-12-27,2.459926,2.535684,2.459926,2.531228,0.902364,13947113
2001-12-28,2.531228,2.540141,2.477751,2.507163,0.893785,10297015
2001-12-31,null,null,null,null,null,null
2002-01-01,null,null,null,null,null,null
2002-01-02,2.491120,2.513402,2.424275,2.447448,0.872498,19730944
2002-01-03,2.464382,2.468839,2.419818,2.446557,0.872180,18862248
2002-01-04,2.459926,2.459926,2.410906,2.415362,0.861059,17118964
2002-01-07,2.428731,2.459926,2.415362,2.442100,0.870591,15874963
2002-01-08,2.424275,2.464382,2.419818,2.433187,0.867414,17437046
2002-01-09,2.433187,2.504490,2.410906,2.504490,0.892833,24569224
2002-01-10,2.459926,2.495577,2.446557,2.467056,0.879488,21827093
2002-01-11,2.477751,2.477751,2.433187,2.437644,0.869002,12893849
2002-01-14,2.424275,2.437644,2.370798,2.384167,0.849938,16408536
2002-01-15,2.379711,2.410906,2.348516,2.401993,0.856293,21398842
2002-01-16,2.424275,2.424275,2.370798,2.402884,0.856611,20877355
2002-01-17,2.410906,2.473295,2.397536,2.473295,0.881712,17505220
2002-01-18,2.455469,2.557966,2.455469,2.551727,0.909672,22078700
2002-01-21,2.544597,2.549054,2.486664,2.500033,0.891244,10539327
2002-01-22,2.495577,2.553510,2.477751,2.543706,0.906813,14596804
2002-01-23,2.540141,2.549054,2.513402,2.531228,0.902364,21266291
2002-01-24,2.544597,2.624812,2.535684,2.607878,0.929690,43745542
2002-01-25,2.611443,2.638181,2.593617,2.612334,0.931278,21160535
2002-01-28,2.629269,2.664920,2.629269,2.644420,0.942716,24485467
2002-01-29,2.647094,2.767417,2.642638,2.720179,0.969724,45199383
2002-01-30,2.682745,2.709484,2.647094,2.655116,0.946530,26617788
2002-01-31,2.673832,2.718396,2.669376,2.696114,0.961145,20484611
2002-02-01,2.700571,2.709484,2.638181,2.656007,0.946847,21529696
2002-02-04,2.660463,2.664920,2.580248,2.602530,0.927783,24261573
2002-02-05,2.580248,2.598074,2.442100,2.473295,0.881712,56752547
2002-02-06,2.468839,2.477751,2.348516,2.379711,0.848350,38284483
2002-02-07,2.379711,2.401993,2.335147,2.388624,0.851527,27161902
2002-02-08,2.366342,2.397536,2.348516,2.361885,0.841995,17225242
2002-02-11,2.393080,2.415362,2.330691,2.379711,0.848350,17974852
2002-02-12,2.388624,2.424275,2.375254,2.397536,0.854704,17554071
2002-02-13,2.406449,2.468839,2.401993,2.455469,0.875357,17034352
2002-02-14,2.437644,2.486664,2.415362,2.459926,0.876946,19279011
2002-02-15,2.433187,2.468839,2.352972,2.352972,0.838817,27372954
2002-02-18,2.357429,2.401993,2.352972,2.357429,0.840406,9964603
2002-02-19,2.348516,2.352972,2.201455,2.206803,0.786709,35988518
2002-02-20,2.205912,2.290583,2.161348,2.275431,0.811175,41911986
2002-02-21,2.303952,2.321778,2.196999,2.237998,0.797830,27229234
2002-02-22,2.223737,2.228194,2.170261,2.193434,0.781943,17720128
2002-02-25,2.201455,2.228194,2.116784,2.205020,0.786074,35901901
2002-02-26,2.223737,2.308409,2.210368,2.261171,0.806091,42703349
2002-02-27,2.254932,2.357429,2.246019,2.321778,0.827697,40724688
2002-02-28,2.312865,2.437644,2.312865,2.397536,0.854704,32310278
2002-03-01,2.424275,2.428731,2.366342,2.428731,0.865825,22108491
2002-03-04,2.451013,2.535684,2.451013,2.517859,0.897598,24543659
2002-03-05,2.522315,2.566879,2.477751,2.504490,0.892833,21556607
2002-03-06,2.508946,2.531228,2.442100,2.513402,0.896010,28885321
2002-03-07,2.531228,2.535684,2.482208,2.515185,0.896645,35097795
2002-03-08,2.513402,2.580248,2.504490,2.575792,0.918251,16112185
2002-03-11,2.575792,2.629269,2.544597,2.598074,0.926195,28343114
2002-03-12,2.611443,2.638181,2.575792,2.631942,0.938268,33821546
2002-03-13,2.638181,2.754047,2.620356,2.745135,0.978621,42305310
2002-03-14,2.709484,2.745135,2.682745,2.697897,0.961781,22731953
2002-03-15,2.700571,2.762960,2.656007,2.709484,0.965911,44238895
2002-03-18,2.673832,2.771873,2.647094,2.722853,0.970677,26927200
2002-03-19,2.727309,2.780786,2.682745,2.771873,0.988153,21104783
2002-03-20,2.762960,2.798611,2.664920,2.673832,0.953202,28760302
2002-03-21,2.664920,2.691658,2.656007,2.673832,0.953202,22128211
2002-03-22,2.691658,2.754047,2.673832,2.746917,0.979256,15927288
2002-03-25,2.736222,2.745135,2.673832,2.681854,0.956061,22264869
2002-03-26,2.673832,2.852088,2.673832,2.842284,1.013254,52473803
2002-03-27,2.852088,2.887739,2.798611,2.820893,1.005628,57557463
2002-03-28,2.834262,3.110558,2.816437,3.065995,1.093005,105367086
2002-03-29,null,null,null,null,null,null
2002-04-01,null,null,null,null,null,null
2002-04-02,3.083820,3.235337,3.083820,3.107885,1.107939,71996295
2002-04-03,3.083820,3.199686,3.048169,3.171165,1.130497,43620742
2002-04-04,3.155122,3.164035,3.021431,3.030343,1.080295,42932090
2002-04-05,3.048169,3.119471,2.994692,3.082038,1.098724,31868485
2002-04-08,3.065995,3.110558,2.994692,3.011627,1.073623,28105154
2002-04-09,3.039256,3.057082,3.012518,3.030343,1.080295,19823269
2002-04-10,2.994692,3.057082,2.994692,3.002714,1.070446,28798563
2002-04-11,3.030343,3.110558,3.012518,3.065995,1.093005,38563803
2002-04-12,3.110558,3.244250,3.074907,3.223751,1.149244,65981877
2002-04-15,3.244250,3.324465,3.226425,3.272771,1.166719,59743197
2002-04-16,3.297727,3.315552,3.226425,3.253163,1.159729,41600851
2002-04-17,3.279901,3.306640,3.128384,3.155122,1.124778,45980891
2002-04-18,3.155122,3.226425,3.155122,3.217512,1.147020,31475408
2002-04-19,3.217512,3.297727,3.217512,3.288814,1.172438,34975754
2002-04-22,3.235337,3.333378,3.235337,3.330704,1.187372,22950675
2002-04-23,3.324465,3.351203,3.253163,3.275445,1.167672,27150321
2002-04-24,3.270988,3.288814,3.226425,3.262076,1.162906,82918584
2002-04-25,3.244250,3.288814,3.181861,3.232663,1.152421,33849385
2002-04-26,3.244250,3.270988,3.199686,3.230881,1.151786,14207020
2002-04-29,3.199686,3.244250,3.155122,3.211273,1.144795,15585227
2002-04-30,3.190773,3.208599,3.128384,3.199686,1.140665,36030025
2002-05-01,null,null,null,null,null,null
2002-05-02,3.199686,3.217512,3.092733,3.110558,1.108891,46805817
2002-05-03,3.110558,3.181861,3.101646,3.158687,1.126049,31755038
2002-05-06,3.137297,3.181861,3.119471,3.140862,1.119694,14588021
2002-05-07,3.119471,3.137297,3.048169,3.088277,1.100948,25504499
2002-05-08,3.101646,3.101646,2.967954,3.027670,1.079342,43775450
2002-05-09,3.030343,3.048169,2.950128,2.957259,1.054241,21198400
2002-05-10,2.950128,2.967954,2.878826,2.914477,1.038990,52451162
2002-05-13,2.869913,2.994692,2.869913,2.987562,1.065044,18007367
2002-05-14,2.959041,3.119471,2.932303,3.093624,1.102854,39684801
2002-05-15,3.101646,3.128384,2.994692,3.004496,1.071081,34568653
2002-05-16,2.985780,3.003605,2.950128,2.966171,1.057419,29843737
2002-05-17,2.959041,3.048169,2.950128,2.985780,1.064409,37658987
2002-05-20,2.959041,3.012518,2.887739,2.905565,1.050988,24145035
2002-05-21,2.914477,3.003605,2.914477,2.968845,1.073877,51561948
2002-05-22,2.950128,2.967954,2.905565,2.918934,1.055824,25427053
2002-05-23,2.923390,2.923390,2.834262,2.861001,1.034868,30199099
2002-05-24,2.869913,2.878826,2.745135,2.772764,1.002952,35469751
2002-05-27,2.762960,2.789699,2.709484,2.729983,0.987477,25488313
2002-05-28,2.736222,2.887739,2.727309,2.852088,1.031644,58461630
2002-05-29,2.843175,2.896652,2.798611,2.825350,1.021973,32038474
2002-05-30,2.834262,2.887739,2.798611,2.868131,1.037447,45113906
2002-05-31,2.843175,2.905565,2.825350,2.825350,1.021973,49028700
2002-06-03,2.834262,2.923390,2.798611,2.851197,1.031322,18822487
2002-06-04,2.807524,2.834262,2.771873,2.783460,1.006820,19035011
2002-06-05,2.807524,2.887739,2.798611,2.839610,1.027131,25457104
2002-06-06,2.861001,2.914477,2.843175,2.865457,1.036480,24431197
2002-06-07,2.825350,2.887739,2.816437,2.861892,1.035191,27695482
2002-06-10,2.896652,2.967954,2.852088,2.951911,1.067752,26919073
2002-06-11,2.950128,3.012518,2.923390,3.002714,1.086128,16987074
2002-06-12,2.985780,3.003605,2.950128,2.959041,1.070331,21335126
2002-06-13,2.985780,3.021431,2.878826,2.896652,1.047764,18630055
2002-06-14,2.887739,2.914477,2.762960,2.787025,1.008110,35115966
2002-06-17,2.807524,2.914477,2.798611,2.881500,1.042283,21448714
2002-06-18,2.887739,2.967954,2.861001,2.950128,1.067107,26893766
2002-06-19,2.923390,2.923390,2.825350,2.834262,1.025197,29019706
2002-06-20,2.807524,2.878826,2.789699,2.795046,1.011011,24735740
2002-06-21,2.754047,2.789699,2.718396,2.771873,1.002629,60206797
2002-06-24,2.754047,2.807524,2.629269,2.656007,0.960719,29170474
2002-06-25,2.700571,2.762960,2.691658,2.758504,0.997794,24402308
2002-06-26,2.647094,2.789699,2.593617,2.766525,1.000695,34824854
2002-06-27,2.798611,2.798611,2.673832,2.688984,0.972647,28974201
2002-06-28,2.718396,2.754047,2.656007,2.737113,0.990056,27028394
2002-07-01,2.691658,2.762960,2.682745,2.736222,0.989734,19785025
2002-07-02,2.691658,2.718396,2.584705,2.589161,0.936540,24010807
2002-07-03,2.580248,2.584705,2.366342,2.378820,0.860456,70752404
2002-07-04,2.415362,2.428731,2.281670,2.300387,0.832085,43413121
2002-07-05,2.344060,2.464382,2.344060,2.457252,0.888826,34883756
2002-07-08,2.459926,2.468839,2.370798,2.392189,0.865292,19735695
2002-07-09,2.393080,2.419818,2.330691,2.383276,0.862068,31478714
2002-07-10,2.312865,2.326234,2.250476,2.275431,0.823059,48980463
2002-07-11,2.228194,2.228194,2.121240,2.121240,0.767285,46248853
2002-07-12,2.170261,2.179173,2.032113,2.062416,0.746008,30714274
2002-07-15,2.063307,2.112327,1.969723,2.005374,0.725375,38691404
2002-07-16,2.054394,2.072220,1.938528,1.971506,0.713124,40645242
2002-07-17,1.960810,2.081133,1.942985,2.041917,0.738593,51714678
2002-07-18,2.032113,2.192542,2.032113,2.166695,0.783727,48106819
2002-07-19,2.134609,2.170261,2.054394,2.080242,0.752456,25614142
2002-07-22,2.054394,2.085589,1.987549,1.994679,0.721506,25333986
2002-07-23,2.023200,2.041025,1.871683,1.929616,0.697972,22045211
2002-07-24,1.938528,1.938528,1.800380,1.902877,0.688300,24215087
2002-07-25,1.987549,1.996461,1.925159,1.961702,0.709578,20189138
2002-07-26,1.942985,1.987549,1.902877,1.949224,0.705065,14245666
2002-07-29,1.974179,2.103415,1.942985,2.092719,0.756969,27769219
2002-07-30,2.076676,2.139066,2.014287,2.034786,0.736013,21821115
2002-07-31,2.049938,2.067764,1.983092,2.036569,0.736659,35533239
2002-08-01,2.045482,2.076676,1.960810,1.967049,0.711512,23356915
2002-08-02,1.956354,2.009831,1.907334,1.915355,0.692814,22228949
2002-08-05,1.889508,1.920703,1.840488,1.889508,0.683464,13682001
2002-08-06,1.853857,1.987549,1.840488,1.967941,0.711835,16148400
2002-08-07,1.969723,2.041025,1.916246,1.923377,0.695715,23755430
2002-08-08,1.978636,2.041025,1.960810,2.035678,0.736336,26112341
2002-08-09,2.063307,2.076676,1.960810,2.033004,0.735369,20117708
2002-08-12,2.014287,2.036569,1.969723,1.998244,0.722796,10731664
2002-08-13,2.009831,2.014287,1.929616,2.005374,0.725375,11375020
2002-08-14,1.969723,1.974179,1.902877,1.907334,0.689912,17183990
2002-08-15,null,null,null,null,null,null
2002-08-16,1.960810,1.974179,1.942985,1.965267,0.710868,15061031
2002-08-19,1.956354,2.063307,1.947441,2.045482,0.739883,19848222
2002-08-20,2.049938,2.098958,2.036569,2.049938,0.741494,24040982
2002-08-21,2.067764,2.170261,2.067764,2.121240,0.767285,29815456
2002-08-22,2.165804,2.210368,2.121240,2.183630,0.789853,27227602
2002-08-23,2.183630,2.219281,2.121240,2.130153,0.770509,16413744
2002-08-26,2.152435,2.205912,2.152435,2.170261,0.785017,13676541
2002-08-27,2.183630,2.308409,2.183630,2.308409,0.834987,29775196
2002-08-28,2.272757,2.308409,2.219281,2.228194,0.805972,25279191
2002-08-29,2.196999,2.210368,2.130153,2.174717,0.786629,20684288
2002-08-30,2.205912,2.246019,2.147979,2.219281,0.802749,20972241
2002-09-02,2.205912,2.214824,2.170261,2.188086,0.791464,10957383
2002-09-03,2.165804,2.170261,2.032113,2.085589,0.754390,41356530
2002-09-04,2.063307,2.103415,2.009831,2.094502,0.757614,37975326
2002-09-05,2.112327,2.121240,2.018743,2.049938,0.741494,28754187
2002-09-06,2.058851,2.112327,2.041025,2.094502,0.757614,14954422
2002-09-09,2.112327,2.174717,2.063307,2.139066,0.773733,60734209
2002-09-10,2.156891,2.188086,2.139066,2.156891,0.780181,43163744
2002-09-11,2.174717,2.268301,2.134609,2.254932,0.815644,42928901
2002-09-12,2.205912,2.237106,2.161348,2.192542,0.793076,28124695
2002-09-13,2.174717,2.183630,2.098958,2.116784,0.765674,27357578
2002-09-16,2.125697,2.139066,2.076676,2.081133,0.752778,23450751
2002-09-17,2.139066,2.170261,2.041025,2.045482,0.739883,30823010
2002-09-18,2.041025,2.045482,1.969723,2.005374,0.725375,31619073
2002-09-19,1.992005,2.005374,1.862770,1.902877,0.688300,42824025
2002-09-20,1.871683,1.929616,1.849401,1.853857,0.670569,53699046
2002-09-23,1.867226,1.902877,1.702340,1.737991,0.628658,40434658
2002-09-24,1.751360,1.751360,1.626581,1.653320,0.598031,48830766
2002-09-25,1.639950,1.724622,1.631038,1.675601,0.606091,39399098
2002-09-26,1.711253,1.746904,1.693427,1.729078,0.625434,34610666
2002-09-27,1.711253,1.733535,1.635494,1.639950,0.593195,37876542
2002-09-30,1.599843,1.604299,1.483977,1.515171,0.548061,51593588
2002-10-01,1.532997,1.564192,1.457238,1.537453,0.556121,47381523
2002-10-02,1.586474,1.613212,1.457238,1.515171,0.548061,69654688
2002-10-03,1.466151,1.541910,1.466151,1.492890,0.540002,31907973
2002-10-04,1.501802,1.506259,1.368111,1.368111,0.494867,42315439
2002-10-07,1.345829,1.408218,1.328003,1.385936,0.501314,46911503
2002-10-08,1.394849,1.412675,1.341372,1.363654,0.493255,41543068
2002-10-09,1.363654,1.372567,1.238875,1.261157,0.456180,56536788
2002-10-10,1.249571,1.338699,1.249571,1.319090,0.477135,37396164
2002-10-11,1.345829,1.434956,1.343155,1.430500,0.517434,38825935
2002-10-14,1.426044,1.461695,1.394849,1.412675,0.510986,32609586
2002-10-15,1.439413,1.541910,1.421587,1.541910,0.557733,66094410
2002-10-16,1.501802,1.582017,1.475064,1.483977,0.536777,40153007
2002-10-17,1.524084,1.586474,1.501802,1.532997,0.554509,42118127
2002-10-18,1.559735,1.559735,1.470608,1.479520,0.535165,34625733
2002-10-21,1.470608,1.506259,1.434956,1.466151,0.530329,45384072
2002-10-22,1.479520,1.541910,1.466151,1.501802,0.543225,54951990
2002-10-23,1.524084,1.582017,1.421587,1.443869,0.522270,67820111
2002-10-24,1.430500,1.457238,1.354742,1.363654,0.493255,112014620
2002-10-25,1.323547,1.341372,1.270070,1.301265,0.470688,139382026
2002-10-28,1.328003,1.393066,1.313743,1.354742,0.490031,90920219
2002-10-29,1.479520,1.515171,1.350285,1.412675,0.510986,153908944
2002-10-30,1.470608,1.501802,1.412675,1.497346,0.541613,77596790
2002-10-31,1.479520,1.555279,1.466151,1.528541,0.552897,72496265
2002-11-01,1.506259,1.524084,1.448326,1.479520,0.535165,17822701
2002-11-04,1.532997,1.639950,1.528541,1.622125,0.586748,65891812
2002-11-05,1.635494,1.684514,1.599843,1.613212,0.583524,54820529
2002-11-06,1.662232,1.666689,1.510715,1.532997,0.554509,98334818
2002-11-07,1.541910,1.555279,1.399305,1.399305,0.506150,92116020
2002-11-08,1.394849,1.434956,1.345829,1.372567,0.496479,71773489
2002-11-11,1.377023,1.408218,1.350285,1.363654,0.493255,43604663
2002-11-12,1.390393,1.483977,1.314634,1.479520,0.535165,143139103
2002-11-13,1.479520,1.541910,1.452782,1.475064,0.533554,114076753
2002-11-14,1.488433,1.546366,1.457238,1.546366,0.559345,61657832
2002-11-15,1.559735,1.577561,1.515171,1.528541,0.552897,42505641
2002-11-18,1.532997,1.613212,1.532997,1.611429,0.582879,44994594
2002-11-19,1.590930,1.635494,1.577561,1.614995,0.584169,70750766
2002-11-20,1.631038,1.631038,1.559735,1.606973,0.581267,41974269
2002-11-21,1.648863,1.724622,1.617668,1.714818,0.620276,67143522
2002-11-22,1.715709,1.813749,1.688971,1.777207,0.642843,86894755
2002-11-25,1.809293,1.898421,1.764729,1.887726,0.682820,82876756
2002-11-26,1.898421,1.929616,1.795924,1.807511,0.653805,67856548
2002-11-27,1.800380,1.960810,1.800380,1.923377,0.695715,62969774
2002-11-28,1.947441,1.974179,1.916246,1.949224,0.705065,37336125
2002-11-29,1.960810,1.987549,1.902877,1.951006,0.705709,36574529
2002-12-02,1.960810,2.023200,1.938528,1.952789,0.706354,45914541
2002-12-03,1.969723,1.969723,1.800380,1.805728,0.653160,46748548
2002-12-04,1.791468,1.844944,1.755816,1.819988,0.658318,48130573
2002-12-05,1.836031,1.951898,1.818206,1.837814,0.664766,82091071
2002-12-06,1.853857,1.907334,1.791468,1.809293,0.654449,54706392
2002-12-09,1.853857,1.876139,1.769186,1.782555,0.644778,46337659
2002-12-10,1.773642,1.813749,1.746904,1.774533,0.641876,40678718
2002-12-11,1.795924,1.822662,1.773642,1.813749,0.656061,32861723
2002-12-12,1.813749,1.840488,1.724622,1.799489,0.650903,46078248
2002-12-13,1.813749,1.813749,1.697883,1.705905,0.617052,32865983
2002-12-16,1.876139,1.902877,1.671145,1.877921,0.679273,43924517
2002-12-17,1.880595,1.902877,1.836031,1.848509,0.668634,34442876
2002-12-18,1.844944,1.947441,1.795924,1.819097,0.657996,71547173
2002-12-19,1.844944,1.876139,1.764729,1.778990,0.643488,46073136
2002-12-20,1.791468,1.818206,1.729078,1.770077,0.640264,50747311
2002-12-23,1.787011,1.827119,1.778098,1.802163,0.651870,14021863
2002-12-24,null,null,null,null,null,null
2002-12-25,null,null,null,null,null,null
2002-12-26,null,null,null,null,null,null
2002-12-27,1.778098,1.813749,1.755816,1.759382,0.636396,11419294
2002-12-30,1.764729,1.800380,1.755816,1.791468,0.648002,8521077
2002-12-31,null,null,null,null,null,null
2003-01-01,null,null,null,null,null,null
2003-01-02,1.782555,1.960810,1.782555,1.946550,0.704097,30426272
2003-01-03,1.969723,2.027656,1.938528,1.987549,0.718927,37824259
2003-01-06,2.014287,2.058851,1.978636,2.049938,0.741494,22839159
2003-01-07,2.058851,2.058851,1.983092,1.997353,0.722474,41620911
2003-01-08,1.969723,1.996461,1.916246,1.921594,0.695070,39776189
2003-01-09,1.916246,1.987549,1.844944,1.968832,0.712157,57802653
2003-01-10,1.965267,1.992005,1.920703,1.948332,0.704742,41522845
2003-01-13,1.974179,2.000918,1.938528,1.954571,0.706999,36877260
2003-01-14,1.956354,1.983092,1.938528,1.961702,0.709578,33957598
2003-01-15,1.987549,2.005374,1.938528,1.945659,0.703775,47888027
2003-01-16,1.947441,1.960810,1.920703,1.942093,0.702485,31817439
2003-01-17,1.934072,1.934072,1.853857,1.868117,0.675727,38965173
2003-01-20,1.867226,1.880595,1.804837,1.819097,0.657996,21898047
2003-01-21,1.849401,1.880595,1.795924,1.806619,0.653482,43416971
2003-01-22,1.809293,1.836031,1.778098,1.802163,0.651870,33461357
2003-01-23,1.831575,1.836031,1.782555,1.788794,0.647034,26845076
2003-01-24,1.782555,1.813749,1.764729,1.770968,0.640587,41268873
2003-01-27,1.746904,1.746904,1.702340,1.707687,0.617697,28311537
2003-01-28,1.729078,1.746904,1.666689,1.688971,0.610927,34078222
2003-01-29,1.684514,1.693427,1.622125,1.687188,0.610282,40698025
2003-01-30,1.720165,1.746904,1.684514,1.726404,0.624467,38512861
2003-01-31,1.697883,1.742447,1.688971,1.714818,0.620276,25853111
2003-02-03,1.737991,1.831575,1.715709,1.815532,0.656706,56629644
2003-02-04,1.800380,1.818206,1.751360,1.756708,0.635428,47114077
2003-02-05,1.760273,1.836031,1.746904,1.830684,0.662187,37847636
2003-02-06,1.804837,1.849401,1.787011,1.797706,0.650258,38776334
2003-02-07,1.818206,1.836031,1.755816,1.828901,0.661542,44831758
2003-02-10,1.809293,1.818206,1.760273,1.770968,0.640587,29370325
2003-02-11,1.804837,1.862770,1.787011,1.855640,0.671214,33131326
2003-02-12,1.822662,1.844944,1.818206,1.826227,0.660574,20339572
2003-02-13,1.809293,1.911790,1.804837,1.889508,0.683464,50308682
2003-02-14,1.911790,1.983092,1.907334,1.962593,0.709900,43812273
2003-02-17,1.978636,1.996461,1.956354,1.990222,0.719894,23327242
2003-02-18,1.929616,1.942985,1.898421,1.934072,0.699584,65144226
2003-02-19,1.911790,1.947441,1.885052,1.897530,0.686366,28465199
2003-02-20,1.911790,1.925159,1.880595,1.893964,0.685076,51138785
2003-02-21,1.889508,1.920703,1.867226,1.913573,0.692169,24693908
2003-02-24,1.934072,1.934072,1.876139,1.880595,0.680240,19331223
2003-02-25,1.858313,1.867226,1.800380,1.830684,0.662187,27466126
2003-02-26,1.853857,1.862770,1.804837,1.809293,0.654449,32055685
2003-02-27,1.831575,1.880595,1.693427,1.867226,0.675404,67127038
2003-02-28,1.853857,1.934072,1.831575,1.911790,0.691524,28800080
2003-03-03,1.938528,1.960810,1.893964,1.905551,0.689267,32375045
2003-03-04,1.902877,1.916246,1.836031,1.837814,0.664766,25234965
2003-03-05,1.836031,1.858313,1.813749,1.836031,0.664121,17587405
2003-03-06,1.844944,1.844944,1.764729,1.768294,0.639619,21937541
2003-03-07,1.724622,1.800380,1.702340,1.786120,0.646067,38732976
2003-03-10,1.791468,1.791468,1.675601,1.678275,0.607058,50000015
2003-03-11,1.693427,1.706796,1.631038,1.640842,0.593518,55224453
2003-03-12,1.648863,1.675601,1.577561,1.583800,0.572885,37835770
2003-03-13,1.613212,1.706796,1.604299,1.701449,0.615440,35217986
2003-03-14,1.746904,1.831575,1.729078,1.820880,0.658641,48549810
2003-03-17,1.764729,1.938528,1.764729,1.924268,0.696038,47281338
2003-03-18,1.942985,1.956354,1.849401,1.858313,0.672181,50676393
2003-03-19,1.867226,1.942985,1.862770,1.925159,0.696360,38084434
2003-03-20,1.916246,1.956354,1.867226,1.890399,0.683787,37897133
2003-03-21,1.929616,1.992005,1.902877,1.975962,0.714736,55659293
2003-03-24,1.942985,1.992005,1.889508,1.904660,0.688945,28289102
2003-03-25,1.898421,2.009831,1.867226,2.000918,0.723763,53447987
2003-03-26,1.987549,2.014287,1.942985,1.951898,0.706032,41476310
2003-03-27,1.947441,1.951898,1.898421,1.924268,0.696038,21410657
2003-03-28,1.929616,1.934072,1.880595,1.908225,0.690234,27732907
2003-03-31,1.862770,1.871683,1.800380,1.815532,0.656706,32170473
2003-04-01,1.831575,1.898421,1.822662,1.888617,0.683142,32552085
2003-04-02,1.898421,1.965267,1.898421,1.951898,0.706032,37407427
2003-04-03,1.951898,1.992005,1.911790,1.932289,0.698939,37390494
2003-04-04,1.951898,1.987549,1.907334,1.935855,0.700229,23083146
2003-04-07,1.996461,2.063307,1.996461,2.033004,0.735369,38313533
2003-04-08,2.009831,2.023200,1.987549,2.012504,0.727954,36874292
2003-04-09,1.996461,2.009831,1.947441,1.981310,0.716670,40199545
2003-04-10,1.938528,1.960810,1.911790,1.925159,0.696360,31071449
2003-04-11,1.951898,1.974179,1.925159,1.952789,0.706354,25429611
2003-04-14,1.965267,1.987549,1.938528,1.983092,0.717315,23065996
2003-04-15,1.996461,2.090046,1.992005,2.067764,0.747942,85962023
2003-04-16,2.094502,2.112327,2.036569,2.064199,0.746653,51567258
2003-04-17,2.090046,2.098958,2.018743,2.032113,0.735047,42051889
2003-04-18,null,null,null,null,null,null
2003-04-21,null,null,null,null,null,null
2003-04-22,1.960810,2.023200,1.956354,2.011613,0.727632,27516294
2003-04-23,2.041025,2.098958,2.023200,2.094502,0.757614,42338528
2003-04-24,2.090046,2.116784,2.058851,2.069546,0.748587,26211051
2003-04-25,2.081133,2.081133,2.014287,2.017852,0.729888,17674893
2003-04-28,2.009831,2.054394,2.005374,2.049047,0.741172,24846403
2003-04-29,2.063307,2.121240,2.045482,2.073111,0.749876,29270547
2003-04-30,2.058851,2.103415,2.058851,2.073111,0.749876,25154074
2003-05-01,null,null,null,null,null,null
2003-05-02,2.081133,2.085589,2.036569,2.081133,0.752778,14414496
2003-05-05,2.098958,2.130153,2.085589,2.093611,0.757291,26520512
2003-05-06,2.094502,2.112327,2.072220,2.095393,0.757936,28782633
2003-05-07,2.094502,2.112327,2.063307,2.103415,0.760838,38106644
2003-05-08,2.094502,2.107871,2.005374,2.011613,0.727632,36856861
2003-05-09,2.018743,2.049938,1.978636,2.046373,0.740205,29480757
2003-05-12,2.058851,2.063307,1.992005,2.032113,0.735047,26704133
2003-05-13,2.049938,2.130153,2.032113,2.094502,0.757614,80014573
2003-05-14,2.094502,2.156891,2.076676,2.145305,0.775990,65972951
2003-05-15,2.156891,2.263845,2.147979,2.255823,0.815966,97436305
2003-05-16,2.277214,2.277214,2.214824,2.222846,0.804038,40330378
2003-05-19,2.210368,2.210368,2.130153,2.133718,0.771799,39969242
2003-05-20,2.139066,2.188086,2.125697,2.164022,0.782760,34592780
2003-05-21,2.165804,2.188086,2.107871,2.115893,0.765351,57785046
2003-05-22,2.130153,2.192542,2.130153,2.188086,0.791464,33418695
2003-05-23,2.210368,2.254932,2.170261,2.247802,0.813065,57681240
2003-05-26,2.246019,2.268301,2.210368,2.214824,0.801136,18860340
2003-05-27,2.214824,2.241563,2.174717,2.229085,0.806295,31646720
2003-05-28,2.263845,2.339603,2.250476,2.328908,0.842402,51075016
2003-05-29,2.317321,2.415362,2.308409,2.411797,0.872384,56175819
2003-05-30,2.406449,2.473295,2.370798,2.432296,0.879799,65429084
2003-06-02,2.442100,2.468839,2.379711,2.388624,0.864002,24903705
2003-06-03,2.379711,2.397536,2.335147,2.371689,0.857877,38173191
2003-06-04,2.397536,2.401993,2.357429,2.390406,0.864647,36387184
2003-06-05,2.406449,2.415362,2.339603,2.369907,0.857232,42620003
2003-06-06,2.379711,2.393080,2.344060,2.352972,0.851106,33322038
2003-06-09,2.335147,2.370798,2.308409,2.316430,0.837889,30520150
2003-06-10,2.299496,2.375254,2.299496,2.369907,0.857232,35617117
2003-06-11,2.397536,2.459926,2.375254,2.453687,0.887537,64377726
2003-06-12,2.491120,2.531228,2.433187,2.462600,0.890760,58985786
2003-06-13,2.446557,2.468839,2.384167,2.393971,0.865936,29500006
2003-06-16,2.370798,2.504490,2.370798,2.491120,0.901077,36088539
2003-06-17,2.513402,2.544597,2.477751,2.496468,0.903011,49662931
2003-06-18,2.495577,2.584705,2.473295,2.580248,0.933316,64359586
2003-06-19,2.584705,2.598074,2.513402,2.520533,0.911716,57542348
2003-06-20,2.531228,2.553510,2.526772,2.536576,0.917519,35192845
2003-06-23,2.522315,2.562423,2.495577,2.504490,0.905913,34201037
2003-06-24,2.495577,2.557966,2.482208,2.549054,0.922032,34291079
2003-06-25,2.544597,2.566879,2.508946,2.539249,0.918486,24395706
2003-06-26,2.513402,2.562423,2.513402,2.532119,0.915907,24888267
2003-06-27,2.557966,2.602530,2.553510,2.571335,0.930092,32889058
2003-06-30,2.553510,2.571335,2.482208,2.482208,0.897853,26329577
2003-07-01,2.486664,2.513402,2.406449,2.410906,0.872062,45135084
2003-07-02,2.451013,2.482208,2.442100,2.469730,0.893340,29303239
2003-07-03,2.495577,2.522315,2.468839,2.509837,0.907847,36935949
2003-07-04,2.504490,2.522315,2.491120,2.500925,0.904623,18723448
2003-07-07,2.513402,2.620356,2.513402,2.618573,0.947178,30510730
2003-07-08,2.615899,2.669376,2.602530,2.652442,0.959429,33555205
2003-07-09,2.647094,2.673832,2.580248,2.590944,0.937185,35601193
2003-07-10,2.580248,2.606987,2.566879,2.582922,0.934283,21147304
2003-07-11,2.566879,2.606987,2.557966,2.565988,0.928158,18010771
2003-07-14,2.575792,2.633725,2.562423,2.616791,0.946534,24450271
2003-07-15,2.602530,2.624812,2.584705,2.595400,0.938796,26978500
2003-07-16,2.602530,2.615899,2.540141,2.546380,0.921065,27766100
2003-07-17,2.531228,2.540141,2.491120,2.518750,0.911071,32266771
2003-07-18,2.531228,2.593617,2.513402,2.584705,0.934928,30370159
2003-07-21,2.602530,2.606987,2.531228,2.545488,0.920742,24273652
2003-07-22,2.553510,2.571335,2.513402,2.530337,0.915262,27793909
2003-07-23,2.549054,2.549054,2.504490,2.510729,0.908170,28425773
2003-07-24,2.522315,2.593617,2.513402,2.587378,0.935895,25863895
2003-07-25,2.562423,2.593617,2.544597,2.588270,0.936217,25248036
2003-07-28,2.611443,2.678289,2.611443,2.657789,0.961363,39175824
2003-07-29,2.664920,2.696114,2.620356,2.631942,0.952014,43731693
2003-07-30,2.620356,2.664920,2.620356,2.637290,0.953949,18075975
2003-07-31,2.651550,2.682745,2.615899,2.659572,0.962008,22796052
2003-08-01,2.656007,2.678289,2.638181,2.640855,0.955238,13290578
2003-08-04,2.673832,2.673832,2.575792,2.590052,0.936862,24426651
2003-08-05,2.611443,2.615899,2.571335,2.572227,0.930414,23861639
2003-08-06,2.549054,2.557966,2.531228,2.541032,0.919131,17748735
2003-08-07,2.549054,2.571335,2.473295,2.533011,0.916229,35061274
2003-08-08,2.540141,2.598074,2.522315,2.576683,0.932026,20920735
2003-08-11,2.584705,2.598074,2.553510,2.578466,0.932671,11589688
2003-08-12,2.571335,2.611443,2.571335,2.592726,0.937829,15019420
2003-08-13,2.602530,2.611443,2.557966,2.565988,0.928158,18952087
2003-08-14,2.593617,2.598074,2.557966,2.567770,0.928802,20476867
2003-08-15,null,null,null,null,null,null
2003-08-18,2.575792,2.593617,2.566879,2.584705,0.934928,13881554
2003-08-19,2.589161,2.602530,2.566879,2.578466,0.932671,13506865
2003-08-20,2.580248,2.589161,2.557966,2.570444,0.929769,9018364
2003-08-21,2.575792,2.589161,2.544597,2.551727,0.922999,19081344
2003-08-22,2.553510,2.557966,2.504490,2.508946,0.907525,15976966
2003-08-25,2.517859,2.517859,2.473295,2.495577,0.902689,18520379
2003-08-26,2.504490,2.522315,2.451013,2.473295,0.894629,24150751
2003-08-27,2.486664,2.508946,2.482208,2.504490,0.905913,19911103
2003-08-28,2.504490,2.535684,2.464382,2.473295,0.894629,31015579
2003-08-29,2.482208,2.482208,2.415362,2.437644,0.881734,35488884
2003-09-01,2.442100,2.491120,2.437644,2.477751,0.896241,15024031
2003-09-02,2.486664,2.522315,2.473295,2.517859,0.910749,35071153
2003-09-03,2.535684,2.606987,2.531228,2.602530,0.941375,62219108
2003-09-04,2.593617,2.602530,2.535684,2.557966,0.925256,33248323
2003-09-05,2.549054,2.589161,2.540141,2.584705,0.934928,20243154
2003-09-08,2.580248,2.615899,2.522315,2.535684,0.917196,79277318
2003-09-09,2.562423,2.575792,2.451013,2.468839,0.893017,127863515
2003-09-10,2.451013,2.477751,2.433187,2.464382,0.891405,38435750
2003-09-11,2.451013,2.482208,2.437644,2.455469,0.888181,31029121
2003-09-12,2.468839,2.486664,2.433187,2.459926,0.889793,24910243
2003-09-15,2.455469,2.482208,2.442100,2.459926,0.889793,16177954
2003-09-16,2.459926,2.486664,2.455469,2.482208,0.897853,21347345
2003-09-17,2.495577,2.517859,2.473295,2.486664,0.899465,24686631
2003-09-18,2.482208,2.562423,2.473295,2.562423,0.926868,57407226
2003-09-19,2.557966,2.598074,2.540141,2.575792,0.931704,65041081
2003-09-22,2.535684,2.549054,2.482208,2.504490,0.905913,25897317
2003-09-23,2.513402,2.517859,2.459926,2.468839,0.893017,27787960
2003-09-24,2.477751,2.495577,2.442100,2.459926,0.889793,24805377
2003-09-25,2.433187,2.455469,2.401993,2.424275,0.876898,34199125
2003-09-26,2.410906,2.428731,2.375254,2.401993,0.868838,27198664
2003-09-29,2.388624,2.410906,2.361885,2.375254,0.859166,16542148
2003-09-30,2.388624,2.393080,2.308409,2.317321,0.838211,32245056
2003-10-01,2.326234,2.419818,2.312865,2.410906,0.872062,49062177
2003-10-02,2.428731,2.433187,2.379711,2.393080,0.865614,46629471
2003-10-03,2.397536,2.464382,2.384167,2.459926,0.889793,35118946
2003-10-06,2.464382,2.491120,2.446557,2.459926,0.889793,30861020
2003-10-07,2.459926,2.473295,2.415362,2.451013,0.886569,32454724
2003-10-08,2.433187,2.482208,2.428731,2.442100,0.883345,21923562
2003-10-09,2.442100,2.482208,2.433187,2.473295,0.894629,22216083
2003-10-10,2.482208,2.500033,2.451013,2.459926,0.889793,23034148
2003-10-13,2.468839,2.491120,2.464382,2.486664,0.899465,23061748
2003-10-14,2.486664,2.500033,2.442100,2.477751,0.896241,23797096
2003-10-15,2.477751,2.522315,2.468839,2.477751,0.896241,39706879
2003-10-16,2.491120,2.504490,2.442100,2.464382,0.891405,24774300
2003-10-17,2.477751,2.477751,2.419818,2.428731,0.878509,22853549
2003-10-20,2.437644,2.486664,2.424275,2.473295,0.894629,31644844
2003-10-21,2.486664,2.500033,2.455469,2.477751,0.896241,29194379
2003-10-22,2.477751,2.482208,2.446557,2.451013,0.886569,27510959
2003-10-23,2.433187,2.433187,2.410906,2.419818,0.875286,29238565
2003-10-24,2.424275,2.433187,2.397536,2.415362,0.873674,11423146
2003-10-27,2.419818,2.442100,2.406449,2.415362,0.873674,16995825
2003-10-28,2.424275,2.455469,2.424275,2.437644,0.881734,19370782
2003-10-29,2.455469,2.477751,2.451013,2.473295,0.894629,24222375
2003-10-30,2.473295,2.566879,2.468839,2.553510,0.923644,54193711
2003-10-31,2.544597,2.602530,2.531228,2.584705,0.934928,58592801
2003-11-03,2.584705,2.606987,2.571335,2.598074,0.939764,28030696
2003-11-04,2.602530,2.629269,2.593617,2.624812,0.949435,25543246
2003-11-05,2.606987,2.651550,2.593617,2.629269,0.951047,30348347
2003-11-06,2.624812,2.638181,2.598074,2.638181,0.954271,26312152
2003-11-07,2.660463,2.731765,2.656007,2.731765,0.988122,52632407
2003-11-10,2.709484,2.780786,2.700571,2.709484,0.980062,46472668
2003-11-11,2.691658,2.700571,2.566879,2.673832,0.967166,76034242
2003-11-12,2.673832,2.713940,2.647094,2.700571,0.976839,33270300
2003-11-13,2.780786,2.780786,2.682745,2.762960,0.999405,67870696
2003-11-14,2.754047,2.816437,2.745135,2.780786,1.005854,48370213
2003-11-17,2.754047,2.754047,2.709484,2.718396,0.983286,28896467
2003-11-18,2.727309,2.754047,2.718396,2.736222,0.989734,17138818
2003-11-19,2.709484,2.709484,2.664920,2.700571,0.976839,27981049
2003-11-20,2.709484,2.718396,2.638181,2.673832,0.967166,30839262
2003-11-21,2.651550,2.664920,2.638181,2.664920,0.963943,17629568
2003-11-24,2.647094,2.758504,2.647094,2.745135,0.992958,31073948
2003-11-25,2.762960,2.834262,2.754047,2.816437,1.018749,45059797
2003-11-26,2.834262,2.878826,2.807524,2.834262,1.025197,45626763
2003-11-27,2.843175,2.843175,2.789699,2.807524,1.015525,25051353
2003-11-28,2.807524,2.852088,2.789699,2.798611,1.012301,26413464
2003-12-01,2.807524,2.852088,2.807524,2.843175,1.028421,20628641
2003-12-02,2.843175,2.861001,2.807524,2.852088,1.031644,25270752
2003-12-03,2.852088,2.869913,2.825350,2.834262,1.025197,31020997
2003-12-04,2.825350,2.985780,2.816437,2.967954,1.073555,58435462
2003-12-05,2.950128,2.985780,2.878826,2.896652,1.047764,44995861
2003-12-08,2.843175,2.905565,2.834262,2.887739,1.044540,15031340
2003-12-09,2.896652,2.896652,2.789699,2.807524,1.015525,62264674
2003-12-10,2.771873,2.816437,2.718396,2.736222,0.989734,49810530
2003-12-11,2.736222,2.780786,2.736222,2.780786,1.005854,31339757
2003-12-12,2.789699,2.843175,2.718396,2.771873,1.002629,51384001
2003-12-15,2.843175,2.869913,2.807524,2.843175,1.028421,29944230
2003-12-16,2.816437,2.878826,2.807524,2.861001,1.034868,19959982
2003-12-17,2.878826,2.932303,2.861001,2.932303,1.060659,38961648
2003-12-18,2.923390,2.967954,2.914477,2.959041,1.070331,42351428
2003-12-19,2.941216,2.959041,2.754047,2.834262,1.025197,156072750
2003-12-22,2.789699,2.807524,2.718396,2.727309,0.986510,45463725
2003-12-23,2.718396,2.825350,2.709484,2.825350,1.021973,45806404
2003-12-24,2.825350,2.825350,2.825350,2.825350,1.021973,45806404
2003-12-25,null,null,null,null,null,null
2003-12-26,null,null,null,null,null,null
2003-12-29,2.807524,2.834262,2.762960,2.789699,1.009077,19115273
2003-12-30,2.798611,2.843175,2.762960,2.762960,0.999405,18631242
2003-12-31,null,null,null,null,null,null
2004-01-01,null,null,null,null,null,null
2004-01-02,2.771873,2.807524,2.762960,2.789699,1.009077,11469688
2004-01-05,2.780786,2.798611,2.736222,2.745135,0.992958,23102203
2004-01-06,2.754047,2.771873,2.709484,2.754047,0.996181,22853148
2004-01-07,2.736222,2.745135,2.549054,2.566879,0.928480,116157218
2004-01-08,2.540141,2.718396,2.540141,2.718396,0.983286,167707516
2004-01-09,2.709484,2.798611,2.709484,2.798611,1.012301,63831221
2004-01-12,2.754047,2.780786,2.700571,2.718396,0.983286,33798586
2004-01-13,2.718396,2.745135,2.549054,2.566879,0.928480,96163985
2004-01-14,2.584705,2.696114,2.584705,2.691658,0.973614,96264549
2004-01-15,2.673832,2.736222,2.656007,2.718396,0.983286,51206039
2004-01-16,2.736222,2.807524,2.718396,2.780786,1.005854,76087454
2004-01-19,2.780786,2.852088,2.780786,2.843175,1.028421,57184001
2004-01-20,2.861001,2.861001,2.807524,2.816437,1.018749,43945656
2004-01-21,2.816437,2.843175,2.762960,2.834262,1.025197,50238177
2004-01-22,2.834262,2.843175,2.754047,2.825350,1.021973,43809090
2004-01-23,2.798611,2.861001,2.789699,2.798611,1.012301,28120797
2004-01-26,2.807524,2.825350,2.780786,2.798611,1.012301,23892474
2004-01-27,2.816437,2.878826,2.807524,2.878826,1.041316,50377708
2004-01-28,2.861001,2.878826,2.834262,2.843175,1.028421,20400974
2004-01-29,2.825350,2.843175,2.798611,2.834262,1.025197,21319200
2004-01-30,2.834262,2.843175,2.762960,2.789699,1.009077,30004217
2004-02-02,2.789699,2.789699,2.718396,2.745135,0.992958,35186060
2004-02-03,2.745135,2.745135,2.700571,2.736222,0.989734,21001762
2004-02-04,2.718396,2.798611,2.709484,2.780786,1.005854,35231450
2004-02-05,2.754047,2.789699,2.682745,2.709484,0.980062,45511434
2004-02-06,2.709484,2.727309,2.664920,2.664920,0.963943,41492495
2004-02-09,2.691658,2.727309,2.687202,2.700571,0.976839,36066335
2004-02-10,2.691658,2.745135,2.682745,2.709484,0.980062,26709045
2004-02-11,2.718396,2.727309,2.691658,2.718396,0.983286,14815321
2004-02-12,2.727309,2.798611,2.709484,2.780786,1.005854,45501822
2004-02-13,2.789699,2.798611,2.718396,2.727309,0.986510,34983439
2004-02-16,2.727309,2.762960,2.718396,2.762960,0.999405,12143257
2004-02-17,2.771873,2.780786,2.736222,2.771873,1.002629,30538386
2004-02-18,2.762960,2.780786,2.736222,2.745135,0.992958,12273783
2004-02-19,2.736222,2.762960,2.709484,2.736222,0.989734,22371289
2004-02-20,2.718396,2.718396,2.638181,2.656007,0.960719,81522990
2004-02-23,2.664920,2.687202,2.642638,2.678289,0.968779,29907397
2004-02-24,2.656007,2.673832,2.611443,2.647094,0.957495,24966018
2004-02-25,2.642638,2.673832,2.633725,2.642638,0.955883,20125255
2004-02-26,2.656007,2.664920,2.620356,2.642638,0.955883,20524335
2004-02-27,2.651550,2.691658,2.642638,2.664920,0.963943,36640882
2004-03-01,2.687202,2.691658,2.629269,2.642638,0.955883,28688195
2004-03-02,2.656007,2.660463,2.589161,2.611443,0.944599,46476590
2004-03-03,2.598074,2.615899,2.562423,2.566879,0.928480,38105723
2004-03-04,2.575792,2.575792,2.531228,2.562423,0.926868,55817815
2004-03-05,2.566879,2.660463,2.562423,2.638181,0.954271,90496372
2004-03-08,2.647094,2.696114,2.584705,2.593617,0.938152,120863922
2004-03-09,2.593617,2.611443,2.580248,2.598074,0.939764,51646652
2004-03-10,2.593617,2.664920,2.584705,2.656007,0.960719,42498527
2004-03-11,2.638181,2.638181,2.593617,2.620356,0.947823,51022457
2004-03-12,2.584705,2.593617,2.549054,2.575792,0.931704,50401054
2004-03-15,2.575792,2.580248,2.468839,2.473295,0.894629,47311467
2004-03-16,2.482208,2.517859,2.442100,2.451013,0.886569,81536010
2004-03-17,2.468839,2.486664,2.428731,2.459926,0.889793,52189458
2004-03-18,2.473295,2.473295,2.401993,2.415362,0.873674,43770722
2004-03-19,2.442100,2.455469,2.375254,2.419818,0.875286,80201919
2004-03-22,2.388624,2.424275,2.366342,2.424275,0.876898,36760549
2004-03-23,2.415362,2.464382,2.415362,2.437644,0.881734,29535446
2004-03-24,2.446557,2.464382,2.384167,2.406449,0.870450,42313117
2004-03-25,2.419818,2.477751,2.415362,2.477751,0.896241,30601925
2004-03-26,2.486664,2.495577,2.437644,2.455469,0.888181,23993337
2004-03-29,2.455469,2.468839,2.424275,2.455469,0.888181,78363397
2004-03-30,2.477751,2.482208,2.424275,2.437644,0.881734,45166476
2004-03-31,2.451013,2.459926,2.397536,2.397536,0.867226,57129555
2004-04-01,2.410906,2.446557,2.410906,2.446557,0.884958,45878230
2004-04-02,2.437644,2.517859,2.437644,2.508946,0.907525,42950276
2004-04-05,2.513402,2.553510,2.513402,2.549054,0.922032,43810706
2004-04-06,2.557966,2.566879,2.513402,2.531228,0.915584,42208416
2004-04-07,2.526772,2.566879,2.526772,2.566879,0.928480,28460436
2004-04-08,2.562423,2.598074,2.544597,2.557966,0.925256,69878506
2004-04-09,null,null,null,null,null,null
2004-04-12,null,null,null,null,null,null
2004-04-13,2.571335,2.624812,2.571335,2.606987,0.942987,57554662
2004-04-14,2.584705,2.602530,2.553510,2.571335,0.930092,27169068
2004-04-15,2.562423,2.575792,2.531228,2.540141,0.918808,31596631
2004-04-16,2.526772,2.540141,2.495577,2.517859,0.910749,97892145
2004-04-19,2.467750,2.523836,2.463077,2.509814,0.922801,48810985
2004-04-20,2.519162,2.598616,2.519162,2.570573,0.945140,46733481
2004-04-21,2.556552,2.603290,2.547205,2.556552,0.939985,33284391
2004-04-22,2.561226,2.593942,2.551878,2.579921,0.948577,24607262
2004-04-23,2.589269,2.612637,2.575247,2.579921,0.948577,18823528
2004-04-26,2.589269,2.636006,2.575247,2.612637,0.960606,25541652
2004-04-27,2.617311,2.645354,2.593942,2.626659,0.965762,32765421
2004-04-28,2.626659,2.640680,2.607964,2.617311,0.962325,22676408
2004-04-29,2.612637,2.626659,2.593942,2.607964,0.958888,25898842
2004-04-30,2.593942,2.607964,2.575247,2.579921,0.948577,22996891
2004-05-03,2.570573,2.589269,2.551878,2.584595,0.950296,18914164
2004-05-04,2.589269,2.617311,2.570573,2.598616,0.955451,50499825
2004-05-05,2.589269,2.603290,2.565900,2.603290,0.957169,34404657
2004-05-06,2.603290,2.603290,2.509814,2.509814,0.922801,57410351
2004-05-07,2.523836,2.551878,2.514488,2.537857,0.933111,40586118
2004-05-10,2.495793,2.528510,2.467750,2.509814,0.922801,33584097
2004-05-11,2.542531,2.626659,2.533183,2.626659,0.965762,72542605
2004-05-12,2.678070,2.748177,2.678070,2.701439,0.993257,161456328
2004-05-13,2.701439,2.790241,2.701439,2.762198,1.015596,64702800
2004-05-14,2.748177,2.757524,2.682744,2.715460,0.998412,60597185
2004-05-17,2.678070,2.696765,2.650028,2.678070,0.984665,29881932
2004-05-18,2.710787,2.720134,2.668723,2.706113,0.994975,19404132
2004-05-19,2.724808,2.766872,2.715460,2.762198,1.015596,24121009
2004-05-20,2.738829,2.785567,2.720134,2.771546,1.019033,55883369
2004-05-21,2.794914,2.799588,2.762198,2.776219,1.020752,108172932
2004-05-24,2.757524,2.836978,2.757524,2.832305,1.041373,26306919
2004-05-25,2.813610,2.813610,2.757524,2.785567,1.024189,21539153
2004-05-26,2.827631,2.841652,2.804262,2.818283,1.036217,26996048
2004-05-27,2.813610,2.851000,2.776219,2.785567,1.024189,38061469
2004-05-28,2.799588,2.808936,2.748177,2.748177,1.010441,37013737
2004-05-31,2.748177,2.780893,2.738829,2.780893,1.022470,10391550
2004-06-01,2.785567,2.785567,2.738829,2.757524,1.013878,17353070
2004-06-02,2.776219,2.780893,2.748177,2.757524,1.013878,8818526
2004-06-03,2.757524,2.766872,2.734155,2.748177,1.010441,16865616
2004-06-04,2.752851,2.822957,2.752851,2.813610,1.034499,23229537
2004-06-07,2.832305,2.860347,2.804262,2.832305,1.041373,18371802
2004-06-08,2.851000,2.851000,2.785567,2.841652,1.044810,28192465
2004-06-09,2.860347,2.869695,2.822957,2.869695,1.055120,26861314
2004-06-10,2.851000,2.869695,2.832305,2.860347,1.051684,20605024
2004-06-11,2.860347,2.860347,2.822957,2.841652,1.044810,7329290
2004-06-14,2.851000,2.888390,2.822957,2.869695,1.055120,29374050
2004-06-15,2.869695,2.907085,2.851000,2.897737,1.065431,27616225
2004-06-16,2.907085,2.925780,2.851000,2.879042,1.058557,36874819
2004-06-17,2.869695,2.897737,2.822957,2.841652,1.044810,35012634
2004-06-18,2.851000,2.869695,2.822957,2.860347,1.051684,24262243
2004-06-21,2.869695,2.897737,2.851000,2.888390,1.061994,20633345
2004-06-22,2.879042,2.888390,2.841652,2.851000,1.048247,17138741
2004-06-23,2.851000,2.888390,2.851000,2.869695,1.055120,22455722
2004-06-24,2.888390,2.916432,2.879042,2.888390,1.061994,34257929
2004-06-25,2.888390,2.935128,2.888390,2.935128,1.079179,27123147
2004-06-28,2.935128,2.981865,2.916432,2.972518,1.092926,27308180
2004-06-29,2.981865,3.009908,2.963170,2.991213,1.099800,52205077
2004-06-30,3.000560,3.019255,2.981865,3.000560,1.103237,36756123
2004-07-01,3.019255,3.028603,2.935128,2.944475,1.082615,38385463
2004-07-02,2.935128,2.953823,2.897737,2.925780,1.075742,34658709
2004-07-05,2.925780,2.972518,2.925780,2.953823,1.086053,35774773
2004-07-06,2.963170,2.981865,2.897737,2.916432,1.072305,56053616
2004-07-07,2.916432,2.944475,2.897737,2.925780,1.075742,46671585
2004-07-08,2.916432,2.944475,2.897737,2.944475,1.082615,24523025
2004-07-09,2.935128,2.953823,2.916432,2.953823,1.086053,19518299
2004-07-12,2.944475,2.981865,2.944475,2.944475,1.082615,23508606
2004-07-13,2.963170,2.991213,2.935128,2.944475,1.082615,36390536
2004-07-14,2.907085,2.907085,2.869695,2.897737,1.065431,42628251
2004-07-15,2.907085,2.907085,2.869695,2.888390,1.061994,23385532
2004-07-16,2.907085,2.907085,2.832305,2.832305,1.041373,41815586
2004-07-19,2.832305,2.869695,2.813610,2.851000,1.048247,31408548
2004-07-20,2.841652,2.897737,2.813610,2.897737,1.065431,36436451
2004-07-21,2.907085,2.925780,2.888390,2.907085,1.068868,30629522
2004-07-22,2.879042,2.879042,2.841652,2.851000,1.048247,26421710
2004-07-23,2.841652,2.869695,2.822957,2.841652,1.044810,31055873
2004-07-26,2.832305,2.860347,2.822957,2.822957,1.037936,19284657
2004-07-27,2.841652,2.879042,2.813610,2.869695,1.055120,27805555
2004-07-28,2.879042,2.907085,2.851000,2.860347,1.051684,31220745
2004-07-29,2.869695,2.907085,2.851000,2.888390,1.061994,25580863
2004-07-30,2.879042,2.907085,2.860347,2.879042,1.058557,26771982
2004-08-02,2.888390,2.916432,2.860347,2.907085,1.068868,28826102
2004-08-03,2.907085,2.925780,2.888390,2.916432,1.072305,28350608
2004-08-04,2.879042,2.897737,2.851000,2.897737,1.065431,28152733
2004-08-05,2.897737,2.916432,2.879042,2.897737,1.065431,12262634
2004-08-06,2.879042,2.897737,2.841652,2.860347,1.051684,25463391
2004-08-09,2.860347,2.860347,2.813610,2.822957,1.037936,19609867
2004-08-10,2.822957,2.860347,2.813610,2.822957,1.037936,16946749
2004-08-11,2.832305,2.832305,2.748177,2.776219,1.020752,38829236
2004-08-12,2.776219,2.794914,2.682744,2.696765,0.991538,46733900
2004-08-13,2.687418,2.720134,2.650028,2.668723,0.981228,27431282
2004-08-16,2.659375,2.729482,2.636006,2.715460,0.998412,28465990
2004-08-17,2.720134,2.780893,2.706113,2.752851,1.012160,33371579
2004-08-18,2.748177,2.757524,2.701439,2.748177,1.010441,25812812
2004-08-19,2.766872,2.771546,2.724808,2.738829,1.007004,17982989
2004-08-20,2.738829,2.738829,2.696765,2.710787,0.996694,21373585
2004-08-23,2.720134,2.776219,2.720134,2.762198,1.015596,19107350
2004-08-24,2.766872,2.790241,2.757524,2.762198,1.015596,12153320
2004-08-25,2.771546,2.780893,2.748177,2.780893,1.022470,21455862
2004-08-26,2.780893,2.827631,2.780893,2.813610,1.034499,21599128
2004-08-27,2.813610,2.851000,2.813610,2.841652,1.044810,12386852
2004-08-30,2.832305,2.841652,2.813610,2.832305,1.041373,12261973
2004-08-31,2.813610,2.851000,2.794914,2.813610,1.034499,24751648
2004-09-01,2.822957,2.860347,2.822957,2.841652,1.044810,21887956
2004-09-02,2.841652,2.916432,2.822957,2.916432,1.072305,34102356
2004-09-03,2.907085,2.953823,2.897737,2.935128,1.079179,27502609
2004-09-06,2.935128,2.972518,2.851000,2.869695,1.055120,64231477
2004-09-07,2.851000,2.860347,2.785567,2.804262,1.031062,68929420
2004-09-08,2.794914,2.841652,2.785567,2.822957,1.037936,38295415
2004-09-09,2.822957,2.860347,2.804262,2.851000,1.048247,36506896
2004-09-10,2.851000,2.869695,2.832305,2.860347,1.051684,25317978
2004-09-13,2.879042,2.879042,2.851000,2.860347,1.051684,19005361
2004-09-14,2.851000,2.860347,2.813610,2.832305,1.041373,37565305
2004-09-15,2.832305,2.879042,2.822957,2.841652,1.044810,25100544
2004-09-16,2.832305,2.879042,2.832305,2.869695,1.055120,24867757
2004-09-17,2.879042,2.897737,2.860347,2.860347,1.051684,42311660
2004-09-20,2.860347,2.879042,2.841652,2.860347,1.051684,17071323
2004-09-21,2.860347,2.916432,2.851000,2.907085,1.068868,30183535
2004-09-22,2.907085,2.935128,2.879042,2.879042,1.058557,32701375
2004-09-23,2.879042,2.897737,2.851000,2.897737,1.065431,29264744
2004-09-24,2.879042,2.888390,2.832305,2.832305,1.041373,47452635
2004-09-27,2.822957,2.851000,2.813610,2.813610,1.034499,24735318
2004-09-28,2.813610,2.851000,2.785567,2.832305,1.041373,34638831
2004-09-29,2.841652,2.869695,2.832305,2.851000,1.048247,20306793
2004-09-30,2.860347,2.879042,2.841652,2.860347,1.051684,26055737
2004-10-01,2.860347,2.869695,2.822957,2.869695,1.055120,27811832
2004-10-04,2.879042,2.907085,2.869695,2.888390,1.061994,23895240
2004-10-05,2.860347,2.935128,2.851000,2.925780,1.075742,32836264
2004-10-06,2.925780,2.935128,2.869695,2.888390,1.061994,23066690
2004-10-07,2.888390,2.916432,2.888390,2.897737,1.065431,19310220
2004-10-08,2.888390,2.944475,2.888390,2.935128,1.079179,35813708
2004-10-11,2.916432,2.991213,2.916432,2.972518,1.092926,39988062
2004-10-12,2.972518,2.991213,2.935128,2.972518,1.092926,40079512
2004-10-13,2.991213,3.047298,2.981865,3.028603,1.113547,62816229
2004-10-14,3.000560,3.009908,2.981865,2.981865,1.096363,31623402
2004-10-15,2.981865,2.981865,2.935128,2.953823,1.086053,41159925
2004-10-18,2.953823,2.963170,2.925780,2.935128,1.079179,25581117
2004-10-19,2.953823,2.991213,2.953823,2.972518,1.092926,23086226
2004-10-20,2.963170,2.963170,2.935128,2.953823,1.086053,22033104
2004-10-21,2.953823,2.981865,2.953823,2.972518,1.092926,29113833
2004-10-22,2.981865,3.037951,2.972518,3.028603,1.113547,38272619
2004-10-25,2.981865,2.991213,2.944475,2.953823,1.086053,25417785
2004-10-26,2.953823,2.972518,2.935128,2.953823,1.086053,30139697
2004-10-27,2.972518,2.991213,2.944475,2.981865,1.096363,27750434
2004-10-28,2.991213,3.028603,2.991213,3.009908,1.106674,38028867
2004-10-29,3.009908,3.028603,3.000560,3.000560,1.103237,24191419
2004-11-01,null,null,null,null,null,null
2004-11-02,3.028603,3.075341,3.019255,3.056646,1.123858,23182891
2004-11-03,3.084688,3.094036,3.047298,3.056646,1.123858,33271899
2004-11-04,3.065993,3.075341,3.019255,3.047298,1.120421,28386557
2004-11-05,3.056646,3.084688,3.037951,3.056646,1.123858,50241003
2004-11-08,3.056646,3.224901,3.000560,3.178164,1.168537,158552885
2004-11-09,3.178164,3.224901,3.168816,3.215554,1.182285,76575450
2004-11-10,3.243596,3.271639,3.187511,3.196859,1.175411,60383217
2004-11-11,3.196859,3.206206,3.150121,3.168816,1.165100,55126657
2004-11-12,3.187511,3.224901,3.168816,3.206206,1.178848,42300490
2004-11-15,3.206206,3.224901,3.178164,3.196859,1.175411,35348350
2004-11-16,3.196859,3.206206,3.150121,3.159469,1.161664,36949872
2004-11-17,3.159469,3.280987,3.159469,3.271639,1.202906,62892686
2004-11-18,3.262292,3.299682,3.243596,3.252944,1.196032,62632681
2004-11-19,3.252944,3.318377,3.243596,3.243596,1.192595,54826714
2004-11-22,3.234249,3.243596,3.159469,3.168816,1.165100,52458520
2004-11-23,3.178164,3.187511,3.140773,3.150121,1.158227,46070100
2004-11-24,3.159469,3.178164,3.112731,3.131426,1.151353,39988416
2004-11-25,3.131426,3.187511,3.122078,3.187511,1.171974,23287213
2004-11-26,3.178164,3.187511,3.140773,3.150121,1.158227,19694254
2004-11-29,3.159469,3.187511,3.131426,3.131426,1.151353,24485651
2004-11-30,3.140773,3.150121,3.084688,3.112731,1.144479,42048600
2004-12-01,3.122078,3.178164,3.112731,3.150121,1.158227,27069929
2004-12-02,3.168816,3.206206,3.159469,3.168816,1.165100,27859003
2004-12-03,3.187511,3.196859,3.140773,3.187511,1.171974,27694754
2004-12-06,3.178164,3.206206,3.168816,3.178164,1.168537,19877162
2004-12-07,3.178164,3.206206,3.159469,3.187511,1.171974,24956926
2004-12-08,null,null,null,null,null,null
2004-12-09,3.196859,3.224901,3.168816,3.178164,1.168537,24949849
2004-12-10,3.196859,3.215554,3.178164,3.196859,1.175411,15361687
2004-12-13,3.196859,3.243596,3.196859,3.234249,1.189159,22926763
2004-12-14,3.243596,3.262292,3.215554,3.234249,1.189159,27870965
2004-12-15,3.234249,3.243596,3.196859,3.215554,1.182285,23390453
2004-12-16,3.215554,3.271639,3.206206,3.271639,1.202906,23001824
2004-12-17,3.299682,3.299682,3.262292,3.280987,1.206343,67111412
2004-12-20,3.290334,3.309029,3.271639,3.280987,1.206343,25631119
2004-12-21,3.280987,3.299682,3.243596,3.252944,1.196032,25189367
2004-12-22,3.262292,3.309029,3.234249,3.290334,1.209780,26508518
2004-12-23,3.290334,3.337072,3.271639,3.309029,1.216653,26719479
2004-12-24,null,null,null,null,null,null
2004-12-27,3.309029,3.318377,3.290334,3.290334,1.209780,6187588
2004-12-28,3.299682,3.299682,3.280987,3.299682,1.213217,5313027
2004-12-29,3.299682,3.309029,3.271639,3.271639,1.202906,7255754
2004-12-30,3.290334,3.309029,3.280987,3.309029,1.216653,9982556
2004-12-31,null,null,null,null,null,null
2005-01-03,3.309029,3.327724,3.280987,3.290334,1.209780,14207682
2005-01-04,3.280987,3.327724,3.280987,3.299682,1.213217,20430932
2005-01-05,3.280987,3.365114,3.271639,3.327724,1.223527,43207850
2005-01-06,null,null,null,null,null,null
2005-01-07,3.374462,3.430547,3.365114,3.402505,1.251022,31859246
2005-01-10,3.393157,3.421200,3.374462,3.402505,1.251022,28164298
2005-01-11,3.411852,3.421200,3.337072,3.365114,1.237275,41610200
2005-01-12,3.355767,3.402505,3.337072,3.365114,1.237275,34032070
2005-01-13,3.374462,3.383810,3.337072,3.346419,1.230401,33955715
2005-01-14,3.337072,3.355767,3.309029,3.346419,1.230401,30971958
2005-01-17,3.355767,3.383810,3.327724,3.374462,1.240711,23026836
2005-01-18,3.383810,3.393157,3.346419,3.365114,1.237275,28878647
2005-01-19,3.374462,3.421200,3.355767,3.402505,1.251022,33792755
2005-01-20,3.374462,3.393157,3.365114,3.383810,1.244149,16117861
2005-01-21,3.374462,3.393157,3.374462,3.374462,1.240711,19073541
2005-01-24,3.374462,3.374462,3.327724,3.355767,1.233838,27900946
2005-01-25,3.355767,3.374462,3.337072,3.355767,1.233838,24586324
2005-01-26,3.355767,3.365114,3.299682,3.327724,1.223527,35182275
2005-01-27,3.337072,3.346419,3.262292,3.318377,1.220091,47106132
2005-01-28,3.318377,3.337072,3.309029,3.327724,1.223527,18816891
2005-01-31,3.332398,3.337072,3.309029,3.330061,1.224387,24230629
2005-02-01,3.344083,3.360441,3.323051,3.341746,1.228683,27059239
2005-02-02,3.337072,3.346419,3.299682,3.299682,1.213217,33821792
2005-02-03,3.297345,3.330061,3.297345,3.320714,1.220950,31655093
2005-02-04,3.318377,3.388483,3.318377,3.381473,1.243290,30279081
2005-02-07,3.390820,3.397831,3.367451,3.379136,1.242430,21476186
2005-02-08,3.374462,3.421200,3.374462,3.418863,1.257037,27889608
2005-02-09,3.428210,3.519349,3.421200,3.495980,1.285391,44151712
2005-02-10,3.484296,3.547392,3.484296,3.510001,1.290546,29437668
2005-02-11,3.526360,3.531033,3.500654,3.521686,1.294842,16062238
2005-02-14,3.542718,3.552065,3.502991,3.514675,1.292265,15565897
2005-02-15,3.510001,3.596466,3.510001,3.589455,1.319759,19801652
2005-02-16,3.570760,3.589455,3.510001,3.535707,1.299998,20832415
2005-02-17,3.526360,3.533370,3.486633,3.488969,1.282813,16023913
2005-02-18,3.512338,3.512338,3.449242,3.467937,1.275080,17271921
2005-02-21,3.477285,3.498317,3.400168,3.418863,1.257037,18127858
2005-02-22,3.423537,3.479622,3.379136,3.460927,1.272503,19510392
2005-02-23,3.425873,3.481959,3.423537,3.465601,1.274221,15657680
2005-02-24,3.453916,3.453916,3.414189,3.421200,1.257896,14576534
2005-02-25,3.437558,3.481959,3.421200,3.472611,1.276799,15941725
2005-02-28,3.467937,3.505328,3.444569,3.458590,1.271644,12795826
2005-03-01,3.442232,3.486633,3.430547,3.467937,1.275080,12583879
2005-03-02,3.477285,3.493643,3.442232,3.477285,1.278517,16741918
2005-03-03,3.458590,3.486633,3.439895,3.463264,1.273362,13084429
2005-03-04,3.453916,3.493643,3.444569,3.493643,1.284532,14787265
2005-03-07,3.510001,3.580108,3.407178,3.418863,1.257037,67031528
2005-03-08,3.437558,3.442232,3.351093,3.365114,1.237275,56044318
2005-03-09,3.383810,3.437558,3.379136,3.390820,1.246726,28049958
2005-03-10,3.383810,3.442232,3.372125,3.418863,1.257037,22542864
2005-03-11,3.439895,3.456253,3.407178,3.411852,1.254459,20803751
2005-03-14,3.404842,3.474948,3.404842,3.467937,1.275080,21189573
2005-03-15,3.481959,3.538044,3.458590,3.498317,1.286251,35217576
2005-03-16,3.495980,3.524023,3.402505,3.423537,1.258755,51381229
2005-03-17,3.430547,3.439895,3.393157,3.416526,1.256178,14845900
2005-03-18,3.397831,3.481959,3.397831,3.479622,1.279377,30823257
2005-03-21,3.486633,3.528696,3.484296,3.491306,1.283673,26026812
2005-03-22,3.500654,3.561413,3.493643,3.549728,1.305153,29506827
2005-03-23,3.505328,3.582445,3.505328,3.566087,1.311168,24393019
2005-03-24,3.566087,3.650214,3.561413,3.647878,1.341240,43592681
2005-03-25,null,null,null,null,null,null
2005-03-28,null,null,null,null,null,null
2005-03-29,3.654888,3.664236,3.608151,3.608151,1.326634,18459304
2005-03-30,3.594129,3.631519,3.584782,3.589455,1.319759,26209238
2005-03-31,3.638530,3.673583,3.617498,3.664236,1.347255,78364299
2005-04-01,3.659562,3.727332,3.657225,3.664236,1.347255,85799744
2005-04-04,3.664236,3.673583,3.624509,3.626846,1.333508,58314549
2005-04-05,3.638530,3.652551,3.622172,3.626846,1.333508,37633095
2005-04-06,3.645541,3.696952,3.643204,3.664236,1.347255,83188347
2005-04-07,3.673583,3.678257,3.638530,3.664236,1.347255,24868386
2005-04-08,3.682931,3.717984,3.671246,3.678257,1.352410,133701374
2005-04-11,3.654888,3.701626,3.654888,3.682931,1.354129,136163148
2005-04-12,3.687605,3.715647,3.673583,3.692278,1.357565,48587717
2005-04-13,3.720321,3.739016,3.659562,3.668910,1.348974,65866050
2005-04-14,3.673583,3.687605,3.659562,3.671246,1.349832,113333608
2005-04-15,3.675920,3.675920,3.531033,3.533370,1.299139,131810419
2005-04-18,3.379136,3.379136,3.248270,3.351093,1.267323,45225798
2005-04-19,3.400168,3.437558,3.358104,3.369788,1.274393,114181388
2005-04-20,3.428210,3.428210,3.383810,3.414189,1.291184,29703113
2005-04-21,3.388483,3.439895,3.369788,3.388483,1.281463,51180169
2005-04-22,3.421200,3.428210,3.388483,3.390820,1.282347,17442578
2005-04-25,3.374462,3.404842,3.348756,3.390820,1.282347,13607348
2005-04-26,3.390820,3.498317,3.374462,3.495980,1.322117,167441159
2005-04-27,3.495980,3.531033,3.383810,3.404842,1.287650,39508351
2005-04-28,3.404842,3.472611,3.404842,3.451579,1.305325,33788858
2005-04-29,3.451579,3.484296,3.411852,3.446905,1.303557,17549586
2005-05-02,3.477285,3.519349,3.472611,3.505328,1.325652,13063891
2005-05-03,3.505328,3.517012,3.477285,3.517012,1.330070,12135181
2005-05-04,3.517012,3.549728,3.502991,3.547392,1.341560,28772151
2005-05-05,3.563750,3.580108,3.519349,3.526360,1.333605,26808834
2005-05-06,3.526360,3.559076,3.463264,3.477285,1.315046,42000615
2005-05-09,3.495980,3.507664,3.460927,3.486633,1.318582,21030094
2005-05-10,3.481959,3.502991,3.460927,3.460927,1.308860,13015742
2005-05-11,3.460927,3.495980,3.449242,3.484296,1.317698,35151581
2005-05-12,3.495980,3.500654,3.444569,3.472611,1.313279,18367877
2005-05-13,3.470274,3.484296,3.444569,3.460927,1.308860,16813943
2005-05-16,3.442232,3.463264,3.442232,3.458590,1.307976,14094948
2005-05-17,3.472611,3.472611,3.386146,3.388483,1.281463,19404270
2005-05-18,3.400168,3.416526,3.372125,3.404842,1.287650,24016280
2005-05-19,3.411852,3.451579,3.397831,3.411852,1.290301,24425384
2005-05-20,3.395494,3.407178,3.381473,3.395494,1.284114,40830525
2005-05-23,3.369788,3.425873,3.367451,3.421200,1.293836,16006165
2005-05-24,3.411852,3.418863,3.367451,3.388483,1.281463,21570041
2005-05-25,3.369788,3.416526,3.369788,3.411852,1.290301,16334069
2005-05-26,3.404842,3.467937,3.404842,3.458590,1.307976,24599249
2005-05-27,3.474948,3.481959,3.414189,3.425873,1.295603,25402489
2005-05-30,3.432884,3.514675,3.428210,3.505328,1.325652,34883305
2005-05-31,3.531033,3.577771,3.500654,3.549728,1.342443,52864254
2005-06-01,3.554402,3.598803,3.554402,3.598803,1.361003,27997667
2005-06-02,3.596466,3.608151,3.580108,3.596466,1.360119,9808912
2005-06-03,3.591792,3.631519,3.538044,3.547392,1.341560,22370186
2005-06-06,3.547392,3.596466,3.519349,3.547392,1.341560,11128071
2005-06-07,3.559076,3.603477,3.556739,3.584782,1.355700,13889714
2005-06-08,3.573097,3.575434,3.540381,3.552065,1.343327,13053804
2005-06-09,3.552065,3.552065,3.507664,3.521686,1.331838,19138445
2005-06-10,3.524023,3.603477,3.519349,3.596466,1.360119,26883559
2005-06-13,3.589455,3.591792,3.547392,3.566087,1.348630,15395360
2005-06-14,3.566087,3.582445,3.531033,3.552065,1.343327,15933165
2005-06-15,3.566087,3.566087,3.505328,3.505328,1.325652,26518268
2005-06-16,3.526360,3.540381,3.502991,3.519349,1.330954,22725415
2005-06-17,3.547392,3.547392,3.519349,3.533370,1.336257,27655967
2005-06-20,3.533370,3.533370,3.481959,3.505328,1.325652,13846002
2005-06-21,3.521686,3.526360,3.486633,3.495980,1.322117,15670173
2005-06-22,3.505328,3.559076,3.500654,3.533370,1.336257,22842158
2005-06-23,3.542718,3.594129,3.533370,3.535707,1.337141,28274208
2005-06-24,3.521686,3.528696,3.493643,3.498317,1.323000,12417048
2005-06-27,3.491306,3.493643,3.421200,3.458590,1.307976,14933297
2005-06-28,3.467937,3.486633,3.458590,3.477285,1.315046,13304755
2005-06-29,3.486633,3.498317,3.463264,3.495980,1.322117,12537981
2005-06-30,3.505328,3.566087,3.495980,3.538044,1.338024,21237184
2005-07-01,3.540381,3.580108,3.505328,3.552065,1.343327,19961892
2005-07-04,3.566087,3.566087,3.531033,3.538044,1.338024,11602681
2005-07-05,3.526360,3.554402,3.507664,3.554402,1.344211,18068391
2005-07-06,3.570760,3.643204,3.561413,3.626846,1.371608,34427917
2005-07-07,3.608151,3.633856,3.411852,3.542718,1.339792,49645374
2005-07-08,3.584782,3.626846,3.547392,3.626846,1.371608,19569494
2005-07-11,3.636193,3.682931,3.636193,3.673583,1.389283,21418186
2005-07-12,3.692278,3.699289,3.615161,3.643204,1.377794,28709046
2005-07-13,3.706300,3.823144,3.703963,3.809123,1.440542,92431664
2005-07-14,3.848850,3.855860,3.757711,3.823144,1.445844,42174398
2005-07-15,3.823144,3.839502,3.764722,3.778743,1.429052,26425165
2005-07-18,3.785754,3.816133,3.760048,3.785754,1.431704,13273654
2005-07-19,3.806786,3.848850,3.802112,3.827818,1.447611,26265727
2005-07-20,3.832492,3.832492,3.757711,3.795101,1.435239,32510732
2005-07-21,3.788091,3.832492,3.762385,3.762385,1.422866,32060847
2005-07-22,3.771733,3.790428,3.755374,3.785754,1.431704,12168810
2005-07-25,3.795101,3.802112,3.767059,3.788091,1.432587,12929179
2005-07-26,3.790428,3.792765,3.760048,3.771733,1.426401,14827904
2005-07-27,3.783417,3.792765,3.762385,3.762385,1.422866,16294833
2005-07-28,3.771733,3.771733,3.729669,3.755374,1.420215,15668923
2005-07-29,3.755374,3.771733,3.736679,3.748364,1.417564,11186358
2005-08-01,3.750701,3.799775,3.748364,3.785754,1.431704,17122660
2005-08-02,3.795101,3.811460,3.769396,3.792765,1.434355,14590599
2005-08-03,3.785754,3.832492,3.767059,3.776406,1.428169,14587768
2005-08-04,3.774069,3.783417,3.741353,3.741353,1.414912,12068796
2005-08-05,3.715647,3.753037,3.673583,3.729669,1.410494,17651315
2005-08-08,3.732005,3.778743,3.732005,3.750701,1.418447,9271556
2005-08-09,3.753037,3.755374,3.713310,3.755374,1.420215,13811049
2005-08-10,3.739016,3.802112,3.722658,3.788091,1.432587,17695701
2005-08-11,3.783417,3.788091,3.748364,3.762385,1.422866,9664503
2005-08-12,3.762385,3.762385,3.715647,3.715647,1.405191,10316388
2005-08-15,null,null,null,null,null,null
2005-08-16,3.734342,3.748364,3.696952,3.703963,1.400772,13090664
2005-08-17,3.701626,3.703963,3.652551,3.671246,1.388399,11743350
2005-08-18,3.671246,3.685268,3.636193,3.664236,1.385748,10564729
2005-08-19,3.678257,3.734342,3.654888,3.720321,1.406958,12876736
2005-08-22,3.706300,3.710974,3.671246,3.673583,1.389283,12461378
2005-08-23,3.671246,3.696952,3.657225,3.678257,1.391050,13389598
2005-08-24,3.668910,3.710974,3.645541,3.682931,1.392818,14168727
2005-08-25,3.654888,3.659562,3.626846,3.643204,1.377794,12037700
2005-08-26,3.636193,3.652551,3.584782,3.601140,1.361886,12563155
2005-08-29,3.577771,3.645541,3.563750,3.645541,1.378678,11570381
2005-08-30,3.661899,3.661899,3.608151,3.612824,1.366305,11186253
2005-08-31,3.608151,3.654888,3.601140,3.650214,1.380445,18459243
2005-09-01,3.664236,3.734342,3.664236,3.701626,1.399888,24128762
2005-09-02,3.729669,3.748364,3.694615,3.710974,1.403423,16365494
2005-09-05,3.732005,3.753037,3.671246,3.692278,1.396353,22461842
2005-09-06,3.699289,3.703963,3.629183,3.682931,1.392818,27805195
2005-09-07,3.675920,3.682931,3.626846,3.640867,1.376910,34208091
2005-09-08,3.647878,3.666573,3.622172,3.650214,1.380445,24997603
2005-09-09,3.647878,3.652551,3.624509,3.640867,1.376910,13683348
2005-09-12,3.645541,3.652551,3.629183,3.638530,1.376026,11735287
2005-09-13,3.638530,3.654888,3.608151,3.617498,1.368073,20489851
2005-09-14,3.612824,3.682931,3.612824,3.664236,1.385748,21833522
2005-09-15,3.652551,3.671246,3.636193,3.657225,1.383096,11861243
2005-09-16,3.671246,3.715647,3.666573,3.692278,1.396353,56504771
2005-09-19,3.682931,3.692278,3.666573,3.689942,1.395469,18002196
2005-09-20,3.699289,3.699289,3.664236,3.689942,1.395469,14384094
2005-09-21,3.668910,3.678257,3.645541,3.652551,1.381329,15264505
2005-09-22,3.636193,3.659562,3.619835,3.645541,1.378678,14651856
2005-09-23,3.657225,3.659562,3.617498,3.647878,1.379561,9895203
2005-09-26,3.673583,3.692278,3.659562,3.682931,1.392818,19240652
2005-09-27,3.661899,3.664236,3.612824,3.624509,1.370724,39811881
2005-09-28,3.619835,3.650214,3.608151,3.638530,1.376026,59099526
2005-09-29,3.652551,3.652551,3.617498,3.622172,1.369840,24173431
2005-09-30,3.633856,3.661899,3.610487,3.624509,1.370724,26440196
2005-10-03,3.631519,3.650214,3.622172,3.645541,1.378678,40935141
2005-10-04,3.640867,3.654888,3.629183,3.633856,1.374259,24893583
2005-10-05,3.624509,3.631519,3.584782,3.612824,1.366305,23334742
2005-10-06,3.589455,3.612824,3.561413,3.610487,1.365421,15341993
2005-10-07,3.591792,3.605814,3.566087,3.575434,1.352165,16509281
2005-10-10,3.580108,3.591792,3.545055,3.552065,1.343327,14540302
2005-10-11,3.542718,3.591792,3.542718,3.563750,1.347746,15781923
2005-10-12,3.545055,3.552065,3.500654,3.526360,1.333605,27360700
2005-10-13,3.528696,3.573097,3.519349,3.561413,1.346862,32174008
2005-10-14,3.598803,3.626846,3.575434,3.622172,1.369840,37826437
2005-10-17,3.610487,3.636193,3.594129,3.598803,1.361003,19342755
2005-10-18,3.598803,3.610487,3.556739,3.575434,1.352165,21392629
2005-10-19,3.570760,3.573097,3.470274,3.500654,1.323884,30248958
2005-10-20,3.531033,3.570760,3.507664,3.538044,1.338024,19523630
2005-10-21,3.514675,3.594129,3.514675,3.542718,1.339792,25929472
2005-10-24,3.554402,3.580108,3.517012,3.573097,1.351281,22176920
2005-10-25,3.566087,3.582445,3.540381,3.542718,1.339792,21456388
2005-10-26,3.580108,3.619835,3.552065,3.617498,1.368073,30960645
2005-10-27,3.612824,3.624509,3.580108,3.598803,1.361003,29555032
2005-10-28,3.612824,3.617498,3.554402,3.584782,1.355700,24202092
2005-10-31,3.668910,3.668910,3.589455,3.640867,1.376910,19824583
2005-11-01,null,null,null,null,null,null
2005-11-02,3.617498,3.640867,3.617498,3.636193,1.375143,17728929
2005-11-03,3.643204,3.682931,3.633856,3.673583,1.389283,27221500
2005-11-04,3.675920,3.692278,3.633856,3.645541,1.378678,27123841
2005-11-07,3.647878,3.739016,3.638530,3.722658,1.407842,37574742
2005-11-08,3.724995,3.767059,3.696952,3.706300,1.401656,18562894
2005-11-09,3.699289,3.708637,3.666573,3.703963,1.400772,28379953
2005-11-10,3.692278,3.736679,3.682931,3.724995,1.408726,25941313
2005-11-11,3.767059,3.823144,3.750701,3.767059,1.424634,57499382
2005-11-14,3.785754,3.844176,3.767059,3.823144,1.445844,45876541
2005-11-15,3.792765,3.792765,3.753037,3.762385,1.422866,42187705
2005-11-16,3.762385,3.790428,3.739016,3.760048,1.421982,19571298
2005-11-17,3.755374,3.806786,3.755374,3.762385,1.422866,23516530
2005-11-18,3.811460,3.811460,3.769396,3.795101,1.435239,26916596
2005-11-21,3.781080,3.797438,3.771733,3.788091,1.432587,15522589
2005-11-22,3.795101,3.809123,3.781080,3.804449,1.438774,25720521
2005-11-23,3.809123,3.830155,3.799775,3.827818,1.447611,25632035
2005-11-24,3.832492,3.914283,3.830155,3.881566,1.467938,43970054
2005-11-25,3.881566,3.918956,3.879229,3.902598,1.475892,21507067
2005-11-28,3.909609,3.935315,3.883903,3.888577,1.470590,21998443
2005-11-29,3.872219,3.907272,3.848850,3.869882,1.463520,26018564
2005-11-30,3.869882,3.876892,3.825481,3.832492,1.449380,25360008
2005-12-01,3.823144,3.883903,3.823144,3.883903,1.468822,16771537
2005-12-02,3.897924,3.902598,3.855860,3.867545,1.462636,17597895
2005-12-05,3.869882,3.909609,3.867545,3.886240,1.469706,24160906
2005-12-06,3.890914,3.911946,3.865208,3.879229,1.467054,16967831
2005-12-07,3.886240,3.888577,3.846513,3.867545,1.462636,20516563
2005-12-08,null,null,null,null,null,null
2005-12-09,3.883903,3.893251,3.858197,3.883903,1.468822,13547028
2005-12-12,3.902598,3.914283,3.883903,3.895587,1.473241,18347012
2005-12-13,3.888577,3.902598,3.879229,3.881566,1.467938,11217725
2005-12-14,3.893251,3.921293,3.872219,3.911946,1.479427,19618651
2005-12-15,3.921293,3.930641,3.909609,3.921293,1.482962,16864246
2005-12-16,3.916619,3.993737,3.909609,3.991400,1.509475,64192349
2005-12-19,3.993737,4.105907,3.982052,4.096560,1.549245,48988092
2005-12-20,4.089549,4.206393,4.084875,4.150308,1.569572,63332684
2005-12-21,4.166666,4.187698,4.101233,4.171340,1.577525,37912552
2005-12-22,4.159656,4.192372,4.122265,4.122265,1.558966,19418937
2005-12-23,4.136287,4.150308,4.101233,4.131613,1.562501,14801200
2005-12-26,null,null,null,null,null,null
2005-12-27,4.140960,4.147971,4.115255,4.140960,1.566036,6415707
2005-12-28,4.126939,4.199383,4.126939,4.197046,1.587247,14206278
2005-12-29,4.206393,4.250794,4.201719,4.215741,1.594317,12119584
2005-12-30,4.211067,4.243783,4.164329,4.183024,1.581944,12211473
2006-01-02,4.190035,4.232099,4.185361,4.215741,1.594317,8582965
2006-01-03,4.218078,4.260142,4.161992,4.199383,1.588131,20378208
2006-01-04,4.218078,4.260142,4.218078,4.260142,1.611109,23735830
2006-01-05,4.255468,4.257805,4.180687,4.183024,1.581944,21136387
2006-01-06,null,null,null,null,null,null
2006-01-09,4.206393,4.211067,4.119928,4.152645,1.570455,20277920
2006-01-10,4.133950,4.152645,4.105907,4.140960,1.566036,19127667
2006-01-11,4.138624,4.220415,4.131613,4.218078,1.595201,23750920
2006-01-12,4.206393,4.271826,4.187698,4.253131,1.608457,26279666
2006-01-13,4.234436,4.274163,4.178351,4.222751,1.596969,19089045
2006-01-16,4.208730,4.276500,4.208730,4.276500,1.617295,15900118
2006-01-17,4.253131,4.323237,4.213404,4.225088,1.597852,30737151
2006-01-18,4.178351,4.241446,4.126939,4.211067,1.592550,23947651
2006-01-19,4.225088,4.253131,4.173677,4.206393,1.590782,25502278
2006-01-20,4.206393,4.232099,4.124602,4.136287,1.564269,17250843
2006-01-23,4.105907,4.157319,4.103570,4.147971,1.568688,15462885
2006-01-24,4.133950,4.138624,4.103570,4.122265,1.558966,18324553
2006-01-25,4.124602,4.220415,4.124602,4.201719,1.589014,18741503
2006-01-26,4.234436,4.318564,4.215741,4.309216,1.629668,27860163
2006-01-27,4.351280,4.372312,4.288184,4.302206,1.627017,21750736
2006-01-30,4.302206,4.344269,4.283510,4.337259,1.640273,12566054
2006-01-31,4.320901,4.383997,4.320901,4.376986,1.655297,19158501
2006-02-01,4.372312,4.491493,4.372312,4.472798,1.691531,34770855
2006-02-02,4.505515,4.514862,4.423724,4.423724,1.672973,21921617
2006-02-03,4.433071,4.454103,4.386333,4.430734,1.675623,24946826
2006-02-06,4.514862,4.603664,4.491493,4.575621,1.730418,47003616
2006-02-07,4.575621,4.575621,4.468124,4.505515,1.703904,32273917
2006-02-08,4.493830,4.517199,4.442419,4.472798,1.691531,19407353
2006-02-09,4.486819,4.526547,4.456440,4.507851,1.704788,21688782
2006-02-10,4.496167,4.507851,4.402692,4.402692,1.665018,29098917
2006-02-13,4.421387,4.465787,4.381660,4.465787,1.688880,22458181
2006-02-14,4.465787,4.491493,4.423724,4.461114,1.687113,16745069
2006-02-15,4.463451,4.463451,4.379323,4.398018,1.663251,27228185
2006-02-16,4.412039,4.435408,4.379323,4.423724,1.672973,20157326
2006-02-17,4.463451,4.496167,4.428397,4.477472,1.693299,23330974
2006-02-20,4.470461,4.554589,4.468124,4.491493,1.698602,22484239
2006-02-21,4.514862,4.673770,4.498504,4.608338,1.742790,63097369
2006-02-22,4.596653,4.715834,4.589642,4.680781,1.770187,36554499
2006-02-23,4.683118,4.701813,4.617685,4.631706,1.751628,27931887
2006-02-24,4.659749,4.692465,4.629369,4.641054,1.755163,23425858
2006-02-27,4.645728,4.729856,4.645728,4.729856,1.788746,25117784
2006-02-28,4.711160,4.757898,4.613011,4.636380,1.753395,56008430
2006-03-01,4.645728,4.659749,4.610674,4.634043,1.752512,33047450
2006-03-02,4.608338,4.643391,4.566274,4.608338,1.742790,24322306
2006-03-03,4.589642,4.673770,4.561600,4.570947,1.728650,25495642
2006-03-06,4.631706,4.671433,4.528883,4.559263,1.724231,41109488
2006-03-07,4.580295,4.596653,4.512525,4.528883,1.712742,29862009
2006-03-08,4.580295,4.598990,4.479809,4.505515,1.703904,28778500
2006-03-09,4.514862,4.673770,4.514862,4.645728,1.756930,37507531
2006-03-10,4.671433,4.764909,4.655075,4.739203,1.792281,57207026
2006-03-13,4.683118,4.734529,4.631706,4.725182,1.786978,67531779
2006-03-14,4.711160,4.762572,4.669097,4.762572,1.801119,26805018
2006-03-15,4.781267,4.888764,4.781267,4.856047,1.836469,46707887
2006-03-16,4.860721,4.879416,4.776593,4.799962,1.815259,21125097
2006-03-17,4.818657,4.832679,4.729856,4.743877,1.794048,30431960
2006-03-20,4.781267,4.799962,4.748551,4.767246,1.802886,24119756
2006-03-21,4.804636,4.813983,4.739203,4.790615,1.811724,15884880
2006-03-22,4.767246,4.785941,4.706487,4.729856,1.788746,36771466
2006-03-23,4.734529,4.734529,4.641054,4.687792,1.772838,36495459
2006-03-24,4.683118,4.706487,4.580295,4.613011,1.744557,37940203
2006-03-27,4.584969,4.620022,4.570947,4.570947,1.728650,18393294
2006-03-28,4.552252,4.701813,4.552252,4.636380,1.753395,44315984
2006-03-29,4.636380,4.652738,4.554589,4.589642,1.735720,29061858
2006-03-30,4.608338,4.659749,4.591979,4.655075,1.760466,21680867
2006-03-31,4.645728,4.673770,4.594316,4.608338,1.742790,15439998
2006-04-03,4.655075,4.683118,4.622359,4.683118,1.771071,23860123
2006-04-04,4.673770,4.711160,4.645728,4.659749,1.762233,26634352
2006-04-05,4.692465,4.764909,4.659749,4.748551,1.795816,44418205
2006-04-06,4.729856,4.739203,4.659749,4.673770,1.767536,44097023
2006-04-07,4.701813,4.706487,4.603664,4.627033,1.749860,59290239
2006-04-10,4.589642,4.692465,4.570947,4.683118,1.771071,80823538
2006-04-11,4.627033,4.645728,4.491493,4.528883,1.712742,126954279
2006-04-12,4.472798,4.563937,4.470461,4.542905,1.718044,135226083
2006-04-13,4.570947,4.587306,4.491493,4.528883,1.712742,129819833
2006-04-18,4.524210,4.524210,4.433071,4.449429,1.682694,62328744
2006-04-19,4.531220,4.589642,4.519536,4.575621,1.730418,146578501
2006-04-20,4.598990,4.713497,4.594316,4.680781,1.770187,97494691
2006-04-21,4.692465,4.734529,4.673770,4.683118,1.771071,50639635
2006-04-24,4.538231,4.538231,4.421387,4.433071,1.753507,45655765
2006-04-25,null,null,null,null,null,null
2006-04-26,4.421387,4.524210,4.421387,4.505515,1.782163,60111748
2006-04-27,4.531220,4.547578,4.405028,4.440082,1.756281,134765941
2006-04-28,4.440082,4.440082,4.327911,4.393344,1.737794,89830129
2006-05-02,4.477472,4.477472,4.402692,4.440082,1.756281,39560951
2006-05-03,4.465787,4.465787,4.337259,4.353617,1.722080,83522310
2006-05-04,4.339596,4.407365,4.339596,4.386333,1.735021,44435429
2006-05-05,4.426060,4.482146,4.395681,4.482146,1.772919,42456863
2006-05-08,4.393344,4.542905,4.393344,4.535894,1.794180,53609677
2006-05-09,4.533557,4.573284,4.491493,4.547578,1.798801,21105491
2006-05-10,4.542905,4.587306,4.533557,4.552252,1.800650,20060676
2006-05-11,4.542905,4.591979,4.524210,4.573284,1.808969,17774898
2006-05-12,4.552252,4.613011,4.407365,4.465787,1.766449,76898430
2006-05-15,4.430734,4.458777,4.365301,4.414376,1.746113,29231925
2006-05-16,4.409702,4.463451,4.362965,4.391007,1.736869,25427641
2006-05-17,4.416713,4.416713,4.222751,4.225088,1.671240,29226401
2006-05-18,4.218078,4.297532,4.169003,4.213404,1.666618,32033424
2006-05-19,4.213404,4.267152,4.185361,4.232099,1.674013,32390102
2006-05-22,4.215741,4.243783,4.122265,4.166666,1.648131,32063210
2006-05-23,4.157319,4.225088,4.112918,4.187698,1.656450,27203699
2006-05-24,4.183024,4.248457,4.112918,4.157319,1.644434,25556025
2006-05-25,4.192372,4.248457,4.140960,4.232099,1.674013,21290272
2006-05-26,4.281174,4.288184,4.208730,4.243783,1.678635,28945500
2006-05-29,4.243783,4.248457,4.190035,4.201719,1.661996,10136869
2006-05-30,4.183024,4.225088,4.115255,4.133950,1.635190,21922146
2006-05-31,4.091886,4.241446,4.084875,4.222751,1.670315,27802692
2006-06-01,4.227425,4.299869,4.187698,4.260142,1.685106,22403863
2006-06-02,null,null,null,null,null,null
2006-06-05,4.257805,4.290521,4.239110,4.262478,1.686029,17747370
2006-06-06,4.206393,4.248457,4.161992,4.166666,1.648131,36516370
2006-06-07,4.169003,4.288184,4.169003,4.257805,1.684181,24536554
2006-06-08,4.197046,4.225088,4.171340,4.173677,1.650904,34815678
2006-06-09,4.215741,4.243783,4.187698,4.220415,1.669391,25230162
2006-06-12,4.199383,4.225088,4.157319,4.159656,1.645358,17338099
2006-06-13,4.110581,4.140960,4.059169,4.084875,1.615778,32447874
2006-06-14,4.075528,4.133950,4.070854,4.103570,1.623173,19572139
2006-06-15,4.145634,4.211067,4.115255,4.178351,1.652753,23169944
2006-06-16,4.234436,4.234436,4.089549,4.089549,1.617627,80013072
2006-06-19,4.098896,4.157319,4.098896,4.138624,1.637039,12578515
2006-06-20,4.108244,4.138624,4.066180,4.122265,1.630568,23900100
2006-06-21,4.112918,4.145634,4.096560,4.140960,1.637963,20555119
2006-06-22,4.169003,4.185361,4.112918,4.164329,1.647206,14333408
2006-06-23,4.159656,4.204056,4.150308,4.192372,1.658299,12960910
2006-06-26,4.213404,4.225088,4.180687,4.194709,1.659223,18822562
2006-06-27,4.225088,4.225088,4.154982,4.161992,1.646282,16418341
2006-06-28,4.157319,4.204056,4.131613,4.161992,1.646282,19580938
2006-06-29,4.192372,4.260142,4.178351,4.246120,1.679559,26572784
2006-06-30,4.253131,4.299869,4.220415,4.281174,1.693425,24241469
2006-07-03,4.299869,4.327911,4.274163,4.327911,1.711911,17461284
2006-07-04,4.327911,4.346606,4.299869,4.320901,1.709138,10592940
2006-07-05,4.320901,4.330248,4.276500,4.283510,1.694349,17487948
2006-07-06,4.302206,4.318564,4.243783,4.246120,1.679559,23795368
2006-07-07,4.236773,4.236773,4.161992,4.192372,1.658299,29146801
2006-07-10,4.204056,4.225088,4.161992,4.206393,1.663845,17518459
2006-07-11,4.178351,4.187698,4.136287,4.159656,1.645358,22632060
2006-07-12,4.173677,4.183024,4.126939,4.140960,1.637963,22191655
2006-07-13,4.122265,4.122265,4.049822,4.066180,1.608384,28747350
2006-07-14,4.028790,4.089549,4.000747,4.035801,1.596367,15425915
2006-07-17,4.040474,4.042811,3.954010,4.012432,1.587123,22330034
2006-07-18,3.996074,4.035801,3.963357,3.975042,1.572334,12926375
2006-07-19,3.989063,4.110581,3.989063,4.110581,1.625946,21994364
2006-07-20,4.117592,4.126939,4.059169,4.080201,1.613930,16549323
2006-07-21,4.052159,4.080201,4.019442,4.045148,1.600064,12182425
2006-07-24,4.038137,4.173677,4.038137,4.159656,1.645358,15935596
2006-07-25,4.166666,4.169003,4.098896,4.117592,1.628719,23050722
2006-07-26,4.131613,4.154982,4.101233,4.145634,1.639811,9819374
2006-07-27,4.150308,4.225088,4.150308,4.213404,1.666618,17632163
2006-07-28,4.197046,4.264815,4.183024,4.262478,1.686029,14210534
2006-07-31,4.271826,4.281174,4.215741,4.232099,1.674013,13326101
2006-08-01,4.218078,4.253131,4.180687,4.187698,1.656450,13883195
2006-08-02,4.218078,4.253131,4.173677,4.234436,1.674937,17674145
2006-08-03,4.243783,4.243783,4.176014,4.194709,1.659223,13496214
2006-08-04,4.206393,4.236773,4.180687,4.225088,1.671240,23063265
2006-08-07,4.194709,4.204056,4.164329,4.197046,1.660147,12627582
2006-08-08,4.213404,4.248457,4.204056,4.225088,1.671240,11732130
2006-08-09,4.225088,4.318564,4.206393,4.318564,1.708214,28360558
2006-08-10,4.290521,4.290521,4.225088,4.255468,1.683257,17267633
2006-08-11,4.248457,4.278837,4.213404,4.236773,1.675862,17846955
2006-08-14,4.262478,4.297532,4.236773,4.271826,1.689727,11671481
2006-08-16,4.285847,4.365301,4.281174,4.360628,1.724853,24278717
2006-08-17,4.360628,4.465787,4.348943,4.458777,1.763676,31507953
2006-08-18,4.468124,4.470461,4.421387,4.454103,1.761827,15901152
2006-08-21,4.449429,4.454103,4.379323,4.393344,1.737794,20820026
2006-08-22,4.402692,4.416713,4.332585,4.412039,1.745188,22312330
2006-08-23,4.412039,4.412039,4.353617,4.365301,1.726701,12898088
2006-08-24,4.386333,4.804636,4.365301,4.683118,1.852414,184815909
2006-08-25,4.757898,4.907459,4.706487,4.720508,1.867204,135286608
2006-08-28,4.767246,4.795288,4.627033,4.659749,1.843171,103794060
2006-08-29,4.659749,4.755561,4.655075,4.739203,1.874599,62097255
2006-08-30,4.753224,4.888764,4.697139,4.832679,1.911573,113058967
2006-08-31,4.832679,4.916806,4.828005,4.888764,1.933757,112804905
2006-09-01,4.916806,4.996260,4.898111,4.954197,1.959640,87779365
2006-09-04,4.963544,4.991587,4.846700,4.879416,1.930060,54340817
2006-09-05,4.865395,4.888764,4.818657,4.888764,1.933757,38189609
2006-09-06,4.879416,4.940175,4.856047,4.926154,1.948548,58172727
2006-09-07,4.888764,4.968218,4.860721,4.912133,1.943001,44326675
2006-09-08,4.921480,4.949523,4.856047,4.865395,1.924514,40574612
2006-09-11,4.823331,4.842026,4.771919,4.785941,1.893086,32394580
2006-09-12,4.809310,4.809310,4.753224,4.771919,1.887540,26458237
2006-09-13,4.813983,4.823331,4.776593,4.795288,1.896783,28424604
2006-09-14,4.790615,4.828005,4.785941,4.804636,1.900481,21283161
2006-09-15,4.790615,4.813983,4.729856,4.799962,1.898632,51796713
2006-09-18,4.823331,4.823331,4.739203,4.739203,1.874599,18950195
2006-09-19,4.753224,4.757898,4.683118,4.748551,1.878297,24453760
2006-09-20,4.743877,4.790615,4.729856,4.757898,1.881994,33032553
2006-09-21,4.771919,4.851374,4.753224,4.823331,1.907876,33694038
2006-09-22,4.799962,4.823331,4.762572,4.762572,1.883842,32663042
2006-09-25,4.767246,4.818657,4.734529,4.767246,1.885691,32458451
2006-09-26,4.781267,4.809310,4.753224,4.771919,1.887540,47384712
2006-09-27,4.804636,4.813983,4.767246,4.781267,1.891238,35002176
2006-09-28,4.795288,4.865395,4.767246,4.837352,1.913421,43255642
2006-09-29,4.832679,4.865395,4.832679,4.851374,1.918968,22265277
2006-10-02,4.860721,4.874742,4.818657,4.832679,1.911573,26906524
2006-10-03,4.832679,4.860721,4.795288,4.860721,1.922665,19436717
2006-10-04,4.870069,4.944849,4.860721,4.930828,1.950396,35602042
2006-10-05,4.944849,4.958870,4.907459,4.921480,1.946699,25149507
2006-10-06,4.935501,4.940175,4.916806,4.926154,1.948548,18883345
2006-10-09,4.912133,5.042998,4.907459,5.038324,1.992917,35293369
2006-10-10,5.052346,5.201906,5.047672,5.164516,2.042832,71805685
2006-10-11,5.150495,5.267339,5.094410,5.243970,2.074260,102586394
2006-10-12,5.229949,5.257992,5.150495,5.225275,2.066865,60841070
2006-10-13,5.234623,5.239297,5.057020,5.085062,2.011404,84308539
2006-10-16,5.085062,5.141147,5.085062,5.113105,2.022496,33104942
2006-10-17,5.075715,5.089736,5.028977,5.066367,2.004009,53832269
2006-10-18,5.085062,5.113105,5.052346,5.075715,2.007707,53290635
2006-10-19,5.052346,5.080388,4.991587,5.000934,1.978126,65106895
2006-10-20,5.042998,5.042998,4.940175,4.991587,1.974430,74889891
2006-10-23,5.005608,5.010282,4.944849,4.972892,1.967035,33998659
2006-10-24,5.000934,5.005608,4.958870,4.991587,1.974430,45440718
2006-10-25,4.972892,4.996260,4.940175,4.982239,1.970732,30365234
2006-10-26,4.996260,5.010282,4.916806,4.926154,1.948548,49412454
2006-10-27,4.926154,4.963544,4.888764,4.916806,1.944849,35084668
2006-10-30,4.907459,4.958870,4.870069,4.954197,1.959640,36455434
2006-10-31,4.940175,5.042998,4.940175,5.005608,1.979976,41115335
2006-11-01,null,null,null,null,null,null
2006-11-02,5.000934,5.047672,4.972892,5.000934,1.978126,31719978
2006-11-03,5.010282,5.052346,4.968218,4.996260,1.976278,37063210
2006-11-06,5.028977,5.061693,5.005608,5.038324,1.992917,41629552
2006-11-07,5.033651,5.038324,4.996260,5.019629,1.985522,30809574
2006-11-08,4.991587,5.005608,4.954197,4.986913,1.972581,44288083
2006-11-09,4.977565,5.024303,4.972892,4.996260,1.976278,34507068
2006-11-10,4.982239,5.042998,4.977565,5.028977,1.989219,43110282
2006-11-13,5.028977,5.103757,5.019629,5.061693,2.002160,46761438
2006-11-14,5.071041,5.108431,5.033651,5.066367,2.004009,51545415
2006-11-15,5.094410,5.169190,5.089736,5.155169,2.039135,66645090
2006-11-16,5.164516,5.183211,5.103757,5.113105,2.022496,38914469
2006-11-17,5.131800,5.159842,5.113105,5.131800,2.029891,39498203
2006-11-20,5.164516,5.183211,5.131800,5.150495,2.037286,53639861
2006-11-21,5.155169,5.234623,5.150495,5.173864,2.046529,55681481
2006-11-22,5.192559,5.234623,5.187885,5.206580,2.059471,31602264
2006-11-23,5.211254,5.215928,5.183211,5.197233,2.055773,25746233
2006-11-24,5.173864,5.187885,5.127126,5.155169,2.039135,42981181
2006-11-27,5.136474,5.159842,5.052346,5.052346,1.998463,57980285
2006-11-28,5.047672,5.085062,5.005608,5.047672,1.996614,54507514
2006-11-29,5.075715,5.099083,5.042998,5.057020,2.000312,39226002
2006-11-30,5.071041,5.071041,4.986913,4.986913,1.972581,50613446
2006-12-01,5.010282,5.052346,4.912133,4.940175,1.954094,116670385
2006-12-04,4.944849,5.024303,4.940175,4.982239,1.970732,95751533
2006-12-05,4.986913,5.047672,4.958870,4.982239,1.970732,63708342
2006-12-06,5.005608,5.075715,4.968218,5.047672,1.996614,88802361
2006-12-07,5.066367,5.071041,4.996260,5.024303,1.987370,53502851
2006-12-08,null,null,null,null,null,null
2006-12-11,4.982239,5.014956,4.940175,4.968218,1.965186,58777916
2006-12-12,4.968218,4.982239,4.949523,4.963544,1.963337,33524151
2006-12-13,4.972892,5.019629,4.963544,4.991587,1.974430,26510785
2006-12-14,5.024303,5.024303,4.982239,4.982239,1.970732,39765312
2006-12-15,5.005608,5.028977,4.977565,5.014956,1.983673,52784791
2006-12-18,4.996260,5.052346,4.991587,5.038324,1.992917,50807405
2006-12-19,5.019629,5.052346,4.986913,5.028977,1.989219,39603220
2006-12-20,5.066367,5.094410,5.038324,5.038324,1.992917,57202427
2006-12-21,5.033651,5.127126,5.033651,5.099083,2.016949,52689650
2006-12-22,5.085062,5.094410,5.033651,5.033651,1.991068,29532638
2006-12-27,5.057020,5.099083,5.052346,5.099083,2.016949,15546664
2006-12-28,5.117779,5.243970,5.103757,5.229949,2.068714,79693273
2006-12-29,5.262665,5.468311,5.257992,5.468311,2.162998,285584947
2007-01-02,5.468311,5.477659,5.407552,5.458964,2.159301,119453416
2007-01-03,5.468311,5.561787,5.458964,5.468311,2.162998,157076250
2007-01-04,5.444942,5.458964,5.379510,5.388857,2.131570,109614724
2007-01-05,5.379510,5.407552,5.337446,5.342120,2.113084,99404013
2007-01-08,5.342120,5.370162,5.286034,5.309403,2.100142,96982844
2007-01-09,5.328098,5.398205,5.314077,5.318751,2.103840,124455421
2007-01-10,5.281361,5.304729,5.243970,5.243970,2.074260,108616845
2007-01-11,5.262665,5.370162,5.262665,5.365488,2.122327,98850670
2007-01-12,5.388857,5.449616,5.365488,5.402879,2.137117,84967052
2007-01-15,5.430921,5.468311,5.412226,5.444942,2.153755,66638421
2007-01-16,5.440269,5.496354,5.402879,5.416900,2.142663,85662106
2007-01-17,5.458964,5.468311,5.342120,5.384183,2.129722,73439183
2007-01-18,5.412226,5.426247,5.318751,5.328098,2.107537,69357820
2007-01-19,5.323424,5.421574,5.295382,5.393531,2.133419,109424282
2007-01-22,5.515049,5.547765,5.449616,5.468311,2.162998,105377932
2007-01-23,5.468311,5.557113,5.468311,5.529070,2.187032,93518599
2007-01-24,5.543092,5.552439,5.482333,5.538418,2.190730,73961357
2007-01-25,5.529070,5.627220,5.477659,5.524397,2.185183,116406757
2007-01-26,5.477659,5.505702,5.407552,5.449616,2.155604,99936153
2007-01-29,5.430921,5.482333,5.416900,5.468311,2.162998,48832086
2007-01-30,5.449616,5.454290,5.384183,5.407552,2.138965,80974308
2007-01-31,5.398205,5.440269,5.388857,5.407552,2.138965,68039352
2007-02-01,5.458964,5.463638,5.426247,5.426247,2.146360,54876163
2007-02-02,5.454290,5.454290,5.407552,5.412226,2.140814,49760064
2007-02-05,5.412226,5.421574,5.342120,5.370162,2.124176,77142256
2007-02-06,5.356141,5.416900,5.351467,5.365488,2.122327,85030068
2007-02-07,5.365488,5.388857,5.318751,5.379510,2.127873,65025633
2007-02-08,5.379510,5.416900,5.318751,5.337446,2.111234,67533614
2007-02-09,5.356141,5.407552,5.351467,5.393531,2.133419,64533395
2007-02-12,5.365488,5.374836,5.295382,5.295382,2.094596,68137978
2007-02-13,5.328098,5.332772,5.262665,5.295382,2.094596,65976626
2007-02-14,5.309403,5.356141,5.286034,5.351467,2.116780,75902983
2007-02-15,5.356141,5.356141,5.295382,5.328098,2.107537,63227110
2007-02-16,5.332772,5.337446,5.286034,5.318751,2.103840,65300907
2007-02-19,5.314077,5.346793,5.300056,5.318751,2.103840,37251280
2007-02-20,5.328098,5.332772,5.257992,5.290708,2.092747,48046659
2007-02-21,5.309403,5.351467,5.206580,5.225275,2.066865,93108652
2007-02-22,5.229949,5.267339,5.215928,5.243970,2.074260,66663763
2007-02-23,5.248644,5.337446,5.243970,5.318751,2.103840,97909009
2007-02-26,5.332772,5.365488,5.318751,5.337446,2.111234,62525129
2007-02-27,5.276687,5.295382,5.215928,5.215928,2.063168,88980693
2007-02-28,5.141147,5.220601,5.141147,5.145821,2.035437,120678059
2007-03-01,5.150495,5.183211,5.042998,5.141147,2.033588,161307019
2007-03-02,5.178538,5.215928,5.108431,5.155169,2.039135,90335154
2007-03-05,5.085062,5.099083,5.038324,5.066367,2.004009,90148557
2007-03-06,5.103757,5.131800,5.057020,5.085062,2.011404,67344617
2007-03-07,5.094410,5.094410,5.028977,5.028977,1.989219,67867983
2007-03-08,5.047672,5.113105,5.014956,5.094410,2.015101,91582094
2007-03-09,5.089736,5.122452,5.047672,5.089736,2.013253,68179231
2007-03-12,5.103757,5.117779,5.024303,5.028977,1.989219,66545642
2007-03-13,5.033651,5.047672,4.982239,4.996260,1.976278,82295719
2007-03-14,4.949523,4.954197,4.879416,4.898111,1.937455,136144356
2007-03-15,4.991587,5.000934,4.916806,5.000934,1.978126,110671456
2007-03-16,5.005608,5.010282,4.921480,4.972892,1.967035,124187295
2007-03-19,4.991587,5.057020,4.972892,5.042998,1.994765,79074603
2007-03-20,5.028977,5.052346,4.991587,5.052346,1.998463,61480839
2007-03-21,5.108431,5.220601,5.061693,5.211254,2.061319,144526847
2007-03-22,5.304729,5.365488,5.272013,5.351467,2.116780,158613702
2007-03-23,5.342120,5.421574,5.262665,5.402879,2.137117,123194510
2007-03-26,5.398205,5.510375,5.323424,5.346793,2.114932,143838461
2007-03-27,5.393531,5.398205,5.272013,5.290708,2.092747,109444661
2007-03-28,5.262665,5.272013,5.201906,5.225275,2.066865,87238378
2007-03-29,5.248644,5.323424,5.234623,5.323424,2.105688,57571525
2007-03-30,5.309403,5.356141,5.267339,5.314077,2.101991,66366348
2007-04-02,5.300056,5.323424,5.262665,5.290708,2.092747,39504598
2007-04-03,5.304729,5.384183,5.290708,5.374836,2.126024,64550194
2007-04-04,5.384183,5.393531,5.356141,5.384183,2.129722,50951220
2007-04-05,5.374836,5.407552,5.360815,5.379510,2.127873,47195915
2007-04-10,5.379510,5.519723,5.379510,5.505702,2.177789,87164831
2007-04-11,5.505702,5.594503,5.491680,5.552439,2.196276,119038994
2007-04-12,5.552439,5.552439,5.430921,5.468311,2.162998,82327012
2007-04-13,5.496354,5.505702,5.402879,5.501028,2.175940,97623293
2007-04-16,5.505702,5.636567,5.487006,5.585156,2.209217,175625187
2007-04-17,5.580482,5.622546,5.533744,5.585156,2.209217,140658820
2007-04-18,5.617872,5.617872,5.496354,5.557113,2.198124,100217357
2007-04-19,5.491680,5.515049,5.454290,5.487006,2.170393,84259113
2007-04-20,5.529070,5.599177,5.524397,5.585156,2.209217,88664182
2007-04-23,5.599177,5.636567,5.580482,5.631893,2.227704,81413845
2007-04-24,5.631893,5.669283,5.580482,5.655262,2.236947,76478002
2007-04-25,null,null,null,null,null,null
2007-04-26,5.804823,5.804823,5.753411,5.758085,2.277619,167697330
2007-04-27,5.767433,5.786128,5.711347,5.758085,2.277619,115472906
2007-04-30,5.748738,5.781454,5.739390,5.776780,2.285014,52917010
2007-05-02,5.776780,5.814170,5.776780,5.786128,2.288711,158029481
2007-05-03,5.818844,5.818844,5.730042,5.767433,2.281317,202283631
2007-05-04,5.776780,5.814170,5.762759,5.804823,2.296107,147315861
2007-05-07,5.804823,5.860908,5.800149,5.851561,2.314593,77067281
2007-05-08,5.842213,5.842213,5.776780,5.804823,2.296107,170013797
2007-05-09,5.832865,5.865582,5.781454,5.818844,2.301652,115008917
2007-05-10,5.823518,5.856234,5.758085,5.767433,2.281317,136432018
2007-05-11,5.739390,5.748738,5.664610,5.716021,2.260980,210095547
2007-05-14,5.730042,5.739390,5.683305,5.706674,2.257283,214481020
2007-05-15,5.697326,5.734716,5.594503,5.673957,2.244342,440168997
2007-05-16,5.659936,5.734716,5.645915,5.669283,2.242493,465862377
2007-05-17,5.711347,5.716021,5.636567,5.650588,2.235099,380088768
2007-05-18,5.655262,5.702000,5.641241,5.692652,2.251736,115741426
2007-05-21,5.412226,5.458964,5.351467,5.360815,2.261596,119836552
2007-05-22,5.374836,5.440269,5.342120,5.365488,2.263567,125927391
2007-05-23,5.365488,5.435595,5.365488,5.407552,2.281313,147431389
2007-05-24,5.384183,5.402879,5.300056,5.304729,2.237935,294612010
2007-05-25,5.295382,5.304729,5.234623,5.290708,2.232019,297435984
2007-05-28,5.309403,5.323424,5.281361,5.300056,2.235963,93158925
2007-05-29,5.309403,5.337446,5.281361,5.290708,2.232019,106367312
2007-05-30,5.253318,5.332772,5.225275,5.328098,2.247794,133516938
2007-05-31,5.379510,5.388857,5.276687,5.300056,2.235963,141334065
2007-06-01,5.309403,5.318751,5.229949,5.272013,2.224133,80488317
2007-06-04,5.253318,5.304729,5.178538,5.229949,2.206387,123138419
2007-06-05,5.234623,5.304729,5.220601,5.272013,2.224133,105644453
2007-06-06,5.281361,5.300056,5.215928,5.225275,2.204415,76231301
2007-06-07,5.257992,5.257992,5.145821,5.164516,2.178782,93051699
2007-06-08,5.131800,5.183211,5.080388,5.159842,2.176811,164704381
2007-06-11,5.201906,5.201906,5.108431,5.145821,2.170896,77468333
2007-06-12,5.136474,5.173864,5.071041,5.103757,2.153150,91468494
2007-06-13,5.089736,5.173864,5.066367,5.155169,2.174839,78799528
2007-06-14,5.206580,5.243970,5.183211,5.225275,2.204415,67418073
2007-06-15,5.243970,5.356141,5.234623,5.346793,2.255681,149029273
2007-06-18,5.337446,5.346793,5.300056,5.328098,2.247794,63029324
2007-06-19,5.351467,5.370162,5.295382,5.337446,2.251737,63946665
2007-06-20,5.356141,5.374836,5.281361,5.300056,2.235963,75625905
2007-06-21,5.253318,5.290708,5.192559,5.248644,2.214274,77380694
2007-06-22,5.248644,5.262665,5.211254,5.225275,2.204415,48137655
2007-06-25,5.169190,5.215928,5.169190,5.197233,2.192585,65777579
2007-06-26,5.169190,5.234623,5.155169,5.169190,2.180754,77363877
2007-06-27,5.145821,5.173864,5.080388,5.108431,2.155121,80608486
2007-06-28,5.150495,5.169190,5.103757,5.122452,2.161036,60259361
2007-06-29,5.122452,5.183211,5.071041,5.169190,2.180754,70659104
2007-07-02,5.155169,5.187885,5.113105,5.164516,2.178782,51673461
2007-07-03,5.178538,5.225275,5.178538,5.197233,2.192585,39123455
2007-07-04,5.215928,5.220601,5.178538,5.187885,2.188641,28774193
2007-07-05,5.197233,5.197233,5.103757,5.136474,2.166952,58885280
2007-07-06,5.150495,5.155169,5.089736,5.099083,2.151178,60374945
2007-07-09,5.122452,5.136474,5.085062,5.099083,2.151178,37435705
2007-07-10,5.099083,5.103757,4.991587,5.010282,2.113715,79835055
2007-07-11,4.982239,5.010282,4.930828,5.000934,2.109771,73022429
2007-07-12,5.014956,5.038324,4.982239,5.010282,2.113715,69268289
2007-07-13,5.061693,5.127126,5.042998,5.103757,2.153150,59467713
2007-07-16,5.103757,5.136474,5.099083,5.131800,2.164980,51417176
2007-07-17,5.122452,5.131800,5.071041,5.094410,2.149206,59601057
2007-07-18,5.066367,5.136474,5.019629,5.057020,2.133433,66655000
2007-07-19,5.075715,5.127126,5.052346,5.127126,2.163009,63842364
2007-07-20,5.117779,5.159842,5.024303,5.033651,2.123573,86503264
2007-07-23,5.042998,5.071041,4.986913,5.071041,2.139348,61938865
2007-07-24,5.057020,5.113105,4.977565,4.982239,2.101884,71547958
2007-07-25,4.958870,5.113105,4.944849,5.010282,2.113715,97092374
2007-07-26,5.080388,5.145821,4.991587,5.000934,2.109771,162503544
2007-07-27,4.977565,5.155169,4.972892,5.113105,2.157094,118845724
2007-07-30,5.108431,5.131800,5.047672,5.094410,2.149206,99266050
2007-07-31,5.131800,5.281361,5.127126,5.220601,2.202443,157351614
2007-08-01,5.108431,5.187885,5.052346,5.117779,2.159065,115068873
2007-08-02,5.159842,5.197233,5.136474,5.164516,2.178782,64636952
2007-08-03,5.178538,5.225275,5.131800,5.150495,2.172867,50594461
2007-08-06,5.094410,5.122452,5.066367,5.113105,2.157094,62401228
2007-08-07,5.169190,5.257992,5.155169,5.253318,2.216245,81355345
2007-08-08,5.267339,5.370162,5.253318,5.356141,2.259624,95856960
2007-08-09,5.328098,5.407552,5.248644,5.281361,2.228076,136858670
2007-08-10,5.211254,5.276687,5.042998,5.169190,2.180754,135271862
2007-08-13,5.215928,5.290708,5.211254,5.267339,2.222161,57411944
2007-08-14,5.215928,5.314077,5.197233,5.225275,2.204415,60913592
2007-08-16,5.094410,5.141147,5.047672,5.075715,2.141320,130905521
2007-08-17,5.038324,5.402879,5.010282,5.243970,2.212302,165412407
2007-08-20,5.276687,5.328098,5.225275,5.248644,2.214274,105080916
2007-08-21,5.267339,5.290708,5.220601,5.262665,2.220189,80850485
2007-08-22,5.276687,5.309403,5.220601,5.253318,2.216245,105552801
2007-08-23,5.281361,5.295382,5.262665,5.267339,2.222161,82042876
2007-08-24,5.243970,5.276687,5.225275,5.257992,2.218218,53329854
2007-08-27,5.267339,5.276687,5.234623,5.248644,2.214274,36015192
2007-08-28,5.239297,5.267339,5.127126,5.150495,2.172867,64977995
2007-08-29,5.131800,5.206580,5.108431,5.145821,2.170896,91531025
2007-08-30,5.169190,5.197233,5.080388,5.141147,2.168923,103915622
2007-08-31,5.178538,5.183211,5.127126,5.169190,2.180754,62171343
2007-09-03,5.197233,5.197233,5.155169,5.187885,2.188641,33161629
2007-09-04,5.173864,5.206580,5.131800,5.183211,2.186669,67352185
2007-09-05,5.159842,5.164516,5.014956,5.033651,2.123573,96424146
2007-09-06,5.057020,5.071041,4.944849,5.028977,2.121602,76211533
2007-09-07,5.010282,5.024303,4.856047,4.870069,2.054562,84258475
2007-09-10,4.879416,4.912133,4.799962,4.851374,2.046675,71829427
2007-09-11,4.884090,4.991587,4.837352,4.940175,2.084139,94277050
2007-09-12,4.935501,4.958870,4.851374,4.935501,2.082167,82608732
2007-09-13,4.930828,4.972892,4.856047,4.949523,2.088082,77042057
2007-09-14,4.921480,4.949523,4.879416,4.940175,2.084139,59863996
2007-09-17,4.921480,5.005608,4.865395,4.968218,2.095969,79304286
2007-09-18,4.935501,5.085062,4.921480,5.057020,2.133433,90307030
2007-09-19,5.197233,5.234623,5.136474,5.155169,2.174839,120791888
2007-09-20,5.103757,5.159842,5.094410,5.145821,2.170896,64171713
2007-09-21,5.108431,5.159842,5.061693,5.071041,2.139348,116980098
2007-09-24,5.000934,5.099083,5.000934,5.080388,2.143291,52044265
2007-09-25,5.047672,5.066367,5.005608,5.038324,2.125545,68537642
2007-09-26,5.061693,5.075715,5.028977,5.047672,2.129489,63159361
2007-09-27,5.075715,5.080388,4.996260,5.038324,2.125545,83171061
2007-09-28,5.042998,5.085062,5.028977,5.061693,2.135404,65859972
2007-10-01,5.038324,5.197233,4.991587,5.169190,2.180754,81149043
2007-10-02,5.164516,5.234623,5.117779,5.141147,2.168923,116072163
2007-10-03,5.150495,5.215928,5.141147,5.187885,2.188641,88615607
2007-10-04,5.173864,5.286034,5.169190,5.262665,2.220189,107215116
2007-10-05,5.281361,5.300056,5.220601,5.267339,2.222161,63938032
2007-10-08,5.272013,5.286034,5.187885,5.220601,2.202443,76812899
2007-10-09,5.220601,5.248644,5.183211,5.225275,2.204415,108543491
2007-10-10,5.225275,5.225275,5.150495,5.178538,2.184698,92788986
2007-10-11,5.183211,5.197233,5.141147,5.155169,2.174839,73167435
2007-10-12,5.103757,5.141147,5.066367,5.141147,2.168923,102635572
2007-10-15,5.122452,5.136474,5.028977,5.033651,2.123573,84788954
2007-10-16,5.014956,5.047672,4.958870,5.047672,2.129489,68868939
2007-10-17,5.047672,5.094410,4.991587,5.019629,2.117658,98998294
2007-10-18,5.010282,5.038324,4.963544,4.991587,2.105828,75823888
2007-10-19,4.963544,5.061693,4.916806,5.038324,2.125545,138330614
2007-10-22,4.986913,5.014956,4.907459,4.977565,2.099912,149232277
2007-10-23,5.000934,5.047672,4.991587,5.010282,2.113715,116960203
2007-10-24,4.972892,5.005608,4.930828,4.954197,2.090054,89746595
2007-10-25,4.972892,4.986913,4.907459,4.944849,2.086110,92605481
2007-10-26,4.954197,5.028977,4.851374,4.996260,2.107800,130861967
2007-10-29,5.038324,5.085062,5.028977,5.047672,2.129489,87099000
2007-10-30,5.042998,5.103757,5.033651,5.085062,2.145262,83778944
2007-10-31,5.089736,5.136474,5.075715,5.103757,2.153150,80512349
2007-11-01,null,null,null,null,null,null
2007-11-02,4.963544,5.005608,4.907459,4.949523,2.088082,99826739
2007-11-05,4.930828,4.958870,4.884090,4.930828,2.080195,99324254
2007-11-06,4.958870,5.005608,4.935501,4.958870,2.092025,113116501
2007-11-07,4.972892,4.991587,4.888764,4.944849,2.086110,86449702
2007-11-08,4.856047,4.898111,4.823331,4.832679,2.038789,100472911
2007-11-09,4.846700,4.888764,4.757898,4.804636,2.026958,88681541
2007-11-12,4.785941,4.902785,4.743877,4.874742,2.056534,104410668
2007-11-13,4.860721,4.963544,4.818657,4.944849,2.086110,72000030
2007-11-14,5.010282,5.033651,4.799962,4.856047,2.048647,148159922
2007-11-15,4.846700,4.860721,4.739203,4.809310,2.028930,103976985
2007-11-16,4.795288,4.846700,4.762572,4.837352,2.040760,68221231
2007-11-19,4.837352,4.851374,4.753224,4.776593,2.015128,68031680
2007-11-20,4.823331,4.865395,4.795288,4.837352,2.040760,73442078
2007-11-21,4.767246,4.804636,4.725182,4.771919,2.013156,74504719
2007-11-22,4.776593,4.832679,4.757898,4.776593,2.015128,47229106
2007-11-23,4.785941,4.902785,4.781267,4.879416,2.058506,71022926
2007-11-26,4.916806,4.935501,4.790615,4.874742,2.056534,58636687
2007-11-27,4.842026,4.902785,4.823331,4.870069,2.054562,51833175
2007-11-28,4.898111,5.019629,4.837352,4.991587,2.105828,87659031
2007-11-29,5.028977,5.061693,4.958870,5.033651,2.123573,59313695
2007-11-30,5.033651,5.131800,5.028977,5.094410,2.149206,67842479
2007-12-03,5.071041,5.108431,5.033651,5.061693,2.135404,46666430
2007-12-04,5.066367,5.066367,4.986913,5.024303,2.119630,65801485
2007-12-05,5.038324,5.113105,5.024303,5.089736,2.147235,51428002
2007-12-06,5.113105,5.159842,5.075715,5.117779,2.159065,78111737
2007-12-07,5.127126,5.150495,5.108431,5.127126,2.163009,45745137
2007-12-10,5.108431,5.164516,5.089736,5.131800,2.164980,55513996
2007-12-11,5.136474,5.136474,5.080388,5.117779,2.159065,50041047
2007-12-12,5.075715,5.141147,5.010282,5.085062,2.145262,102099486
2007-12-13,5.038324,5.089736,5.014956,5.052346,2.131461,79290199
2007-12-14,5.085062,5.099083,5.047672,5.080388,2.143291,57598893
2007-12-17,5.024303,5.057020,5.000934,5.038324,2.125545,61460292
2007-12-18,5.033651,5.103757,5.024303,5.047672,2.129489,50230627
2007-12-19,5.019629,5.066367,5.005608,5.019629,2.117658,80345180
2007-12-20,5.028977,5.028977,4.916806,4.916806,2.074280,72226579
2007-12-21,4.968218,5.061693,4.949523,4.996260,2.107800,101566440
2007-12-27,5.024303,5.047672,5.005608,5.024303,2.119630,23422068
2007-12-28,5.019629,5.066367,5.005608,5.057020,2.133433,21229617
2008-01-02,5.047672,5.061693,4.940175,4.954197,2.090054,49468698
2008-01-03,4.949523,4.968218,4.893438,4.968218,2.095969,37388787
2008-01-04,4.977565,5.000934,4.888764,4.930828,2.080195,46618858
2008-01-07,4.935501,4.949523,4.884090,4.921480,2.076252,50351609
2008-01-08,4.926154,4.926154,4.837352,4.846700,2.044704,93640073
2008-01-09,4.828005,4.874742,4.771919,4.785941,2.019071,102904207
2008-01-10,4.804636,4.888764,4.804636,4.860721,2.050619,84319154
2008-01-11,4.860721,4.977565,4.856047,4.930828,2.080195,85845869
2008-01-14,4.930828,5.024303,4.921480,4.949523,2.088082,80410007
2008-01-15,4.944849,4.949523,4.767246,4.776593,2.015128,110628274
2008-01-16,4.776593,4.818657,4.715834,4.748551,2.003297,122538529
2008-01-17,4.781267,4.799962,4.664423,4.697139,1.981607,84374561
2008-01-18,4.692465,4.785941,4.584969,4.627033,1.952032,106688440
2008-01-21,4.573284,4.573284,4.374649,4.388670,1.851472,138680133
2008-01-22,4.211067,4.566274,4.161992,4.475135,1.887950,141116736
2008-01-23,4.524210,4.524210,4.140960,4.297532,1.813023,146107916
2008-01-24,4.428397,4.498504,4.376986,4.416713,1.863303,116054046
2008-01-25,4.456440,4.479809,4.355954,4.362965,1.840628,63648730
2008-01-28,4.274163,4.437745,4.274163,4.430734,1.869218,58720736
2008-01-29,4.442419,4.524210,4.421387,4.454103,1.879076,60542338
2008-01-30,4.440082,4.458777,4.400355,4.433071,1.870204,49606116
2008-01-31,4.435408,4.449429,4.325574,4.442419,1.874148,65395276
2008-02-01,4.472798,4.531220,4.416713,4.454103,1.879076,63672655
2008-02-04,4.477472,4.500841,4.440082,4.475135,1.887950,42313564
2008-02-05,4.468124,4.468124,4.257805,4.276500,1.804150,88409316
2008-02-06,4.246120,4.346606,4.246120,4.288184,1.809080,81416238
2008-02-07,4.276500,4.281174,4.190035,4.239110,1.788376,80355048
2008-02-08,4.264815,4.288184,4.143297,4.159656,1.754857,61899295
2008-02-11,4.108244,4.169003,4.084875,4.119928,1.738097,70859649
2008-02-12,4.150308,4.253131,4.089549,4.241446,1.789362,90262355
2008-02-13,4.222751,4.304542,4.192372,4.267152,1.800207,74192341
2008-02-14,4.306879,4.325574,4.243783,4.260142,1.797249,50848372
2008-02-15,4.274163,4.274163,4.150308,4.169003,1.758800,80587629
2008-02-18,4.197046,4.269489,4.171340,4.248457,1.792320,33954441
2008-02-19,4.225088,4.295195,4.169003,4.239110,1.788376,48473177
2008-02-20,4.183024,4.232099,4.161992,4.229762,1.784433,45824604
2008-02-21,4.248457,4.330248,4.211067,4.241446,1.789362,65582834
2008-02-22,4.218078,4.248457,4.070854,4.105907,1.732181,82133817
2008-02-25,4.147971,4.213404,4.117592,4.187698,1.766687,60018013
2008-02-26,4.201719,4.318564,4.187698,4.299869,1.814009,71310839
2008-02-27,4.309216,4.346606,4.262478,4.325574,1.824853,47104863
2008-02-28,4.290521,4.311553,4.187698,4.211067,1.776546,57816754
2008-02-29,4.164329,4.194709,4.124602,4.159656,1.754857,61839111
2008-03-03,4.124602,4.164329,4.066180,4.117592,1.737111,66890751
2008-03-04,4.122265,4.159656,4.019442,4.042811,1.705563,57299146
2008-03-05,4.061506,4.119928,4.049822,4.108244,1.733167,40591395
2008-03-06,4.070854,4.070854,3.993737,4.007758,1.690775,46815939
2008-03-07,3.991400,4.056833,3.946999,3.972705,1.675987,63716474
2008-03-10,3.965694,4.014769,3.911946,3.939988,1.662184,43204022
2008-03-11,3.954010,4.136287,3.932978,4.103570,1.731195,80064918
2008-03-12,4.173677,4.218078,4.122265,4.173677,1.760772,69792160
2008-03-13,4.096560,4.126939,4.033464,4.126939,1.741054,104263664
2008-03-14,4.115255,4.234436,4.033464,4.133950,1.744012,107032514
2008-03-17,3.989063,4.112918,3.946999,4.005421,1.689789,97146381
2008-03-18,4.077865,4.159656,4.049822,4.138624,1.745984,76808713
2008-03-19,4.176014,4.178351,3.907272,3.972705,1.675987,138681616
2008-03-20,3.932978,4.112918,3.701626,4.063843,1.714436,215336224
2008-03-25,4.257805,4.257805,4.176014,4.208730,1.775560,95724574
2008-03-26,4.197046,4.197046,4.115255,4.138624,1.745984,62877982
2008-03-27,4.129276,4.234436,4.124602,4.199383,1.771616,66523591
2008-03-28,4.199383,4.204056,4.140960,4.204056,1.773588,39048489
2008-03-31,4.159656,4.197046,4.143297,4.173677,1.760772,44278166
2008-04-01,4.138624,4.369975,4.136287,4.341933,1.831755,89519237
2008-04-02,4.346606,4.526547,4.339596,4.468124,1.884992,111763392
2008-04-03,4.468124,4.468124,4.367638,4.437745,1.872176,56434149
2008-04-04,4.430734,4.482146,4.395681,4.435408,1.871190,41830549
2008-04-07,4.465787,4.517199,4.430734,4.493830,1.895837,50450539
2008-04-08,4.454103,4.505515,4.442419,4.493830,1.895837,34225871
2008-04-09,4.458777,4.482146,4.428397,4.449429,1.877105,37696598
2008-04-10,4.433071,4.440082,4.341933,4.398018,1.855416,43192267
2008-04-11,4.423724,4.447092,4.330248,4.391007,1.852458,44002489
2008-04-14,4.334922,4.374649,4.323237,4.341933,1.831755,35682390
2008-04-15,4.372312,4.383997,4.271826,4.353617,1.836684,49857755
2008-04-16,4.383997,4.437745,4.330248,4.426060,1.867246,49432762
2008-04-17,4.426060,4.461114,4.393344,4.435408,1.871190,39762966
2008-04-18,4.479809,4.552252,4.451766,4.524210,1.908653,69087543
2008-04-21,4.528883,4.559263,4.470461,4.510188,1.902738,61931519
2008-04-22,4.479809,4.528883,4.463451,4.486819,1.892878,62022278
2008-04-23,4.484483,4.500841,4.393344,4.486819,1.892878,43051571
2008-04-24,4.472798,4.514862,4.414376,4.496167,1.896823,38034828
2008-04-25,4.477472,4.580295,4.468124,4.500841,1.898794,41693965
2008-04-28,4.517199,4.540568,4.433071,4.484483,1.891893,58678003
2008-04-29,4.440082,4.496167,4.428397,4.454103,1.879076,39385387
2008-04-30,4.451766,4.510188,4.451766,4.489156,1.893865,116502666
2008-05-02,4.533557,4.570947,4.521873,4.540568,1.915554,124029912
2008-05-05,4.542905,4.545242,4.484483,4.496167,1.896823,62926864
2008-05-06,4.493830,4.514862,4.456440,4.475135,1.887950,131017336
2008-05-07,4.486819,4.503178,4.447092,4.465787,1.884006,89408757
2008-05-08,4.383997,4.440082,4.309216,4.346606,1.833726,246952304
2008-05-09,4.313890,4.316227,4.197046,4.267152,1.800207,302630124
2008-05-12,4.267152,4.288184,4.201719,4.215741,1.778517,369324674
2008-05-13,4.234436,4.239110,4.105907,4.227425,1.783447,339322963
2008-05-14,4.257805,4.348943,4.253131,4.334922,1.828797,444216289
2008-05-15,4.337259,4.374649,4.309216,4.358291,1.838656,227212904
2008-05-16,4.369975,4.437745,4.323237,4.327911,1.825839,188894380
2008-05-19,4.033464,4.033464,3.954010,3.991400,1.834432,77366138
2008-05-20,3.956346,3.968031,3.907272,3.951673,1.816174,169649346
2008-05-21,3.935315,3.937651,3.874555,3.900261,1.792545,249378519
2008-05-22,3.867545,3.944662,3.820807,3.902598,1.793619,192614519
2008-05-23,3.909609,3.932978,3.867545,3.888577,1.787175,221427897
2008-05-26,3.869882,3.900261,3.834828,3.876892,1.781804,72234778
2008-05-27,3.958683,3.972705,3.883903,3.909609,1.796842,254493523
2008-05-28,3.916619,3.944662,3.879229,3.888577,1.787175,69615103
2008-05-29,3.900261,3.907272,3.834828,3.860534,1.774286,55535286
2008-05-30,3.874555,3.963357,3.874555,3.939988,1.810803,79189334
2008-06-02,3.928304,3.930641,3.844176,3.860534,1.774286,60658293
2008-06-03,3.846513,3.893251,3.823144,3.858197,1.773212,107539976
2008-06-04,3.834828,3.867545,3.799775,3.858197,1.773212,62305314
2008-06-05,3.853524,3.855860,3.778743,3.788091,1.740992,51064639
2008-06-06,3.806786,3.813796,3.633856,3.661899,1.682995,93273356
2008-06-09,3.654888,3.701626,3.610487,3.645541,1.675476,60744988
2008-06-10,3.622172,3.668910,3.561413,3.645541,1.675476,66443461
2008-06-11,3.659562,3.703963,3.535707,3.538044,1.626071,77666504
2008-06-12,3.545055,3.605814,3.500654,3.573097,1.642182,72934417
2008-06-13,3.538044,3.598803,3.491306,3.591792,1.650774,60536258
2008-06-16,3.598803,3.615161,3.463264,3.505328,1.611035,77126477
2008-06-17,3.514675,3.570760,3.493643,3.526360,1.620701,63069373
2008-06-18,3.498317,3.535707,3.479622,3.486633,1.602443,68916421
2008-06-19,3.465601,3.491306,3.442232,3.446905,1.584184,66470927
2008-06-20,3.444569,3.458590,3.332398,3.390820,1.558408,133181242
2008-06-23,3.388483,3.418863,3.344083,3.360441,1.544446,49273011
2008-06-24,3.360441,3.372125,3.299682,3.358104,1.543372,57830461
2008-06-25,3.388483,3.477285,3.376799,3.456253,1.588481,65330000
2008-06-26,3.430547,3.458590,3.388483,3.411852,1.568074,65180081
2008-06-27,3.404842,3.411852,3.344083,3.383810,1.555186,62457315
2008-06-30,3.383810,3.404842,3.334735,3.390820,1.558408,60475875
2008-07-01,3.355767,3.402505,3.318377,3.390820,1.558408,61737002
2008-07-02,3.423537,3.505328,3.365114,3.446905,1.584184,82499330
2008-07-03,3.407178,3.519349,3.407178,3.512338,1.614257,76572389
2008-07-04,3.524023,3.524023,3.395494,3.418863,1.571296,50953599
2008-07-07,3.437558,3.458590,3.390820,3.430547,1.576666,38369822
2008-07-08,3.365114,3.393157,3.334735,3.379136,1.553038,59871048
2008-07-09,3.414189,3.458590,3.395494,3.432884,1.577740,50309587
2008-07-10,3.383810,3.512338,3.383810,3.446905,1.584184,80116585
2008-07-11,3.453916,3.467937,3.271639,3.280987,1.507929,108393710
2008-07-14,3.309029,3.337072,3.255281,3.273976,1.504707,71581618
2008-07-15,3.252944,3.252944,3.094036,3.164142,1.454227,129033489
2008-07-16,3.173490,3.215554,3.070667,3.203869,1.472486,72148527
2008-07-17,3.234249,3.304355,3.194522,3.231912,1.485374,123595055
2008-07-18,3.215554,3.295008,3.201532,3.248270,1.492893,116199125
2008-07-21,3.269302,3.269302,3.189848,3.241260,1.489671,86650727
2008-07-22,3.210880,3.236586,3.150121,3.189848,1.466042,84455301
2008-07-23,3.248270,3.393157,3.243596,3.362778,1.545519,177162491
2008-07-24,3.411852,3.505328,3.397831,3.477285,1.598147,141827399
2008-07-25,3.421200,3.477285,3.400168,3.446905,1.584184,94958593
2008-07-28,3.439895,3.446905,3.388483,3.428210,1.575592,50824315
2008-07-29,3.332398,3.388483,3.302019,3.365114,1.546593,69722122
2008-07-30,3.421200,3.421200,3.353430,3.381473,1.554112,60814655
2008-07-31,3.386146,3.449242,3.365114,3.386146,1.556260,53771403
2008-08-01,3.360441,3.444569,3.344083,3.404842,1.564852,49902746
2008-08-04,3.393157,3.418863,3.360441,3.376799,1.551964,42136067
2008-08-05,3.397831,3.603477,3.397831,3.580108,1.645404,100136215
2008-08-06,3.617498,3.657225,3.538044,3.598803,1.653996,73910453
2008-08-07,3.580108,3.650214,3.575434,3.601140,1.655070,58833514
2008-08-08,3.582445,3.612824,3.528696,3.589455,1.649700,61937232
2008-08-11,3.612824,3.710974,3.596466,3.680594,1.691587,60414935
2008-08-12,3.675920,3.713310,3.626846,3.645541,1.675476,66316252
2008-08-13,3.622172,3.629183,3.502991,3.514675,1.615331,72691424
2008-08-14,3.524023,3.538044,3.460927,3.514675,1.615331,34478383
2008-08-18,3.488969,3.528696,3.439895,3.498317,1.607813,38577114
2008-08-19,3.439895,3.446905,3.369788,3.383810,1.555186,59472764
2008-08-20,3.390820,3.404842,3.278650,3.320714,1.526187,59746387
2008-08-21,3.295008,3.309029,3.182837,3.196859,1.469264,81061638
2008-08-22,3.206206,3.255281,3.150121,3.241260,1.489671,60701932
2008-08-25,3.234249,3.238923,3.171153,3.192185,1.467116,42512414
2008-08-26,3.175827,3.234249,3.133763,3.217891,1.478930,57152879
2008-08-27,3.220228,3.236586,3.185174,3.201532,1.471412,52391084
2008-08-28,3.196859,3.442232,3.196859,3.402505,1.563778,132193371
2008-08-29,3.449242,3.493643,3.425873,3.432884,1.577740,112088081
2008-09-01,3.411852,3.507664,3.397831,3.474948,1.597073,57750975
2008-09-02,3.491306,3.710974,3.472611,3.631519,1.669032,171258804
2008-09-03,3.615161,3.687605,3.587119,3.659562,1.681920,91066176
2008-09-04,3.671246,3.689942,3.510001,3.524023,1.619627,86548457
2008-09-05,3.491306,3.547392,3.456253,3.488969,1.603517,96533412
2008-09-08,3.645541,3.717984,3.617498,3.622172,1.664737,116507390
2008-09-09,3.626846,3.767059,3.601140,3.701626,1.701253,114887798
2008-09-10,3.685268,3.724995,3.617498,3.626846,1.666884,90416952
2008-09-11,3.612824,3.615161,3.507664,3.568424,1.640034,82160246
2008-09-12,3.626846,3.661899,3.570760,3.652551,1.678698,79302294
2008-09-15,3.552065,3.566087,3.444569,3.545055,1.629293,136843148
2008-09-16,3.474948,3.495980,3.295008,3.376799,1.551964,164967952
2008-09-17,3.446905,3.465601,3.234249,3.250607,1.493966,183117409
2008-09-18,3.187511,3.425873,3.187511,3.313703,1.522965,149136699
2008-09-19,3.510001,3.767059,3.505328,3.682931,1.692661,257272693
2008-09-22,3.713310,3.818470,3.589455,3.598803,1.653996,123562113
2008-09-23,3.608151,3.636193,3.486633,3.556739,1.634664,84306663
2008-09-24,3.566087,3.629183,3.552065,3.608151,1.658292,48574795
2008-09-25,3.577771,3.774069,3.568424,3.729669,1.714142,78490395
2008-09-26,3.715647,3.827818,3.654888,3.739016,1.718437,102243738
2008-09-29,3.706300,3.706300,3.559076,3.568424,1.640034,89444060
2008-09-30,3.456253,3.622172,3.442232,3.594129,1.651847,95248419
2008-10-01,3.666573,3.666573,3.400168,3.575434,1.643256,99623764
2008-10-02,3.575434,3.696952,3.505328,3.524023,1.619627,61741870
2008-10-03,3.528696,3.703963,3.477285,3.645541,1.675476,64715976
2008-10-06,3.449242,3.538044,3.199196,3.234249,1.486449,91443243
2008-10-07,3.360441,3.486633,3.166479,3.276313,1.505781,79889446
2008-10-08,3.112731,3.271639,2.944475,3.084688,1.417710,136555108
2008-10-09,3.150121,3.168816,2.839315,2.851000,1.310309,141565084
2008-10-10,2.664049,2.822957,2.458403,2.710787,1.245867,206977235
2008-10-13,2.869695,3.138437,2.818283,3.138437,1.442414,135887040
2008-10-14,3.264628,3.446905,3.159469,3.231912,1.485374,134093764
2008-10-15,3.196859,3.196859,3.035614,3.056646,1.404823,107080022
2008-10-16,2.876705,2.914096,2.659375,2.673396,1.228683,163746514
2008-10-17,2.804262,2.897737,2.621985,2.813610,1.293124,132705053
2008-10-20,2.935128,2.942138,2.764535,2.867358,1.317827,65384733
2008-10-21,2.879042,2.907085,2.780893,2.907085,1.336085,47921994
2008-10-22,2.820620,2.883716,2.794914,2.813610,1.293124,47214775
2008-10-23,2.813610,2.848663,2.701439,2.759861,1.268422,63371768
2008-10-24,2.561226,2.584595,2.378949,2.463077,1.132021,127372202
2008-10-27,2.297158,2.308842,2.182650,2.213030,1.017100,110401494
2008-10-28,2.299495,2.318190,2.005047,2.028416,0.932252,133956966
2008-10-29,2.168629,2.383623,2.131239,2.383623,1.095504,126596987
2008-10-30,2.460740,2.659375,2.357917,2.607964,1.198610,148735235
2008-10-31,2.565900,2.671060,2.402318,2.657038,1.221164,107786954
2008-11-03,2.708450,2.734155,2.607964,2.720134,1.250163,47672975
2008-11-04,2.743503,3.026266,2.720134,2.972518,1.366158,111573473
2008-11-05,2.991213,3.009908,2.851000,2.897737,1.331788,87673866
2008-11-06,2.804262,2.972518,2.757524,2.832305,1.301716,62142821
2008-11-07,2.818283,2.846326,2.682744,2.832305,1.301716,74782460
2008-11-10,2.930454,2.967844,2.757524,2.827631,1.299568,62842713
2008-11-11,2.778556,2.778556,2.350906,2.350906,1.080467,179401548
2008-11-12,2.439708,2.439708,2.161618,2.189661,1.006360,204562858
2008-11-13,2.191998,2.353243,2.177977,2.234062,1.026766,118428102
2008-11-14,2.334548,2.334548,2.248083,2.255094,1.036433,89582157
2008-11-17,2.224714,2.262105,2.026079,2.070480,0.951585,105496622
2008-11-18,2.070480,2.121891,1.920919,2.121891,0.975213,117122782
2008-11-19,2.100859,2.121891,1.991026,2.000373,0.919364,86640354
2008-11-20,1.920919,2.070480,1.883529,2.019068,0.927956,98994987
2008-11-21,2.037764,2.091512,1.925593,1.998037,0.918290,76397445
2008-11-24,2.047111,2.234062,1.995700,2.234062,1.026766,102954367
2008-11-25,2.187324,2.297158,2.142923,2.196672,1.009582,85279329
2008-11-26,2.168629,2.297158,2.117218,2.238736,1.028914,64058722
2008-11-27,2.322864,2.329874,2.271452,2.271452,1.043951,41849974
2008-11-28,2.271452,2.283137,2.159282,2.206019,1.013878,74620881
2008-12-01,2.166292,2.166292,2.012058,2.016732,0.926882,94369291
2008-12-02,1.977005,2.131239,1.962983,2.105533,0.967695,69186399
2008-12-03,2.093849,2.159282,2.023742,2.149934,0.988101,58894015
2008-12-04,2.168629,2.252757,2.056459,2.086838,0.959103,92579043
2008-12-05,2.075154,2.135913,1.967657,2.005047,0.921512,71699455
2008-12-08,null,null,null,null,null,null
2008-12-09,2.271452,2.271452,2.140587,2.252757,1.035358,97808971
2008-12-10,2.252757,2.294821,2.206019,2.294821,1.054691,56053174
2008-12-11,2.278463,2.280800,2.189661,2.194335,1.008508,76782985
2008-12-12,2.086838,2.126565,1.977005,2.091512,0.961251,124894442
2008-12-15,2.112544,2.145260,2.033090,2.035427,0.935474,60417079
2008-12-16,2.065806,2.131239,2.040100,2.131239,0.979509,66470804
2008-12-17,2.182650,2.203682,2.112544,2.154608,0.990250,66557234
2008-12-18,2.175640,2.280800,2.114881,2.280800,1.048247,69668622
2008-12-19,2.215367,2.399981,2.215367,2.399981,1.103022,97995209
2008-12-22,2.392970,2.392970,2.327537,2.336885,1.074023,53710384
2008-12-23,2.322864,2.406991,2.313516,2.336885,1.074023,31150754
2008-12-29,2.348569,2.392970,2.311179,2.346232,1.078319,21447154
2008-12-30,2.357917,2.383623,2.299495,2.371938,1.090133,28198712
2009-01-02,2.395307,2.409328,2.346232,2.374275,1.091208,37523055
2009-01-05,2.402318,2.423350,2.374275,2.404655,1.105170,39444236
2009-01-06,2.416339,2.572910,2.390633,2.533183,1.164241,64942965
2009-01-07,2.514488,2.570573,2.507478,2.551878,1.172833,49836971
2009-01-08,2.509814,2.603290,2.500467,2.579921,1.185722,50440347
2009-01-09,2.584595,2.607964,2.453729,2.458403,1.129872,76629179
2009-01-12,2.449055,2.523836,2.439708,2.479435,1.139539,30624424
2009-01-13,2.456066,2.463077,2.355580,2.378949,1.093356,89283920
2009-01-14,2.411665,2.411665,2.227051,2.378949,1.093356,80958450
2009-01-15,2.299495,2.348569,2.224714,2.259768,1.038581,77643179
2009-01-16,2.348569,2.364928,2.285473,2.313516,1.063283,66643659
2009-01-19,2.332211,2.381286,2.100859,2.224714,1.022470,96481519
2009-01-20,2.234062,2.252757,2.084501,2.131239,0.979509,76444430
2009-01-21,2.131239,2.131239,1.972331,2.019068,0.927956,159526515
2009-01-22,2.077491,2.119555,1.967657,2.023742,0.930104,82652622
2009-01-23,2.000373,2.056459,1.932604,2.056459,0.945141,56139374
2009-01-26,2.026079,2.199009,2.019068,2.166292,0.995619,90246605
2009-01-27,2.166292,2.203682,2.131239,2.196672,1.009582,60264338
2009-01-28,2.243409,2.416339,2.238736,2.350906,1.080467,127730171
2009-01-29,2.322864,2.378949,2.266778,2.318190,1.065431,68015301
2009-01-30,2.283137,2.350906,2.252757,2.311179,1.062209,66544118
2009-02-02,2.266778,2.269115,2.170966,2.236399,1.027840,63977751
2009-02-03,2.257431,2.257431,2.131239,2.177977,1.000990,63830388
2009-02-04,2.196672,2.243409,2.152271,2.187324,1.005286,62666740
2009-02-05,2.121891,2.175640,2.103196,2.163955,0.994546,68311387
2009-02-06,2.196672,2.262105,2.182650,2.252757,1.035358,65503800
2009-02-09,2.215367,2.334548,2.208356,2.306505,1.060061,59261066
2009-02-10,2.280800,2.350906,2.243409,2.266778,1.041803,59601803
2009-02-11,2.222378,2.262105,2.208356,2.229388,1.024618,48135422
2009-02-12,2.201346,2.220041,2.121891,2.147597,0.987027,75067287
2009-02-13,2.189661,2.241073,2.131239,2.196672,1.009582,60134536
2009-02-16,2.154608,2.168629,2.114881,2.121891,0.975213,30030649
2009-02-17,2.119555,2.119555,1.948962,1.960646,0.901105,94263902
2009-02-18,1.979341,2.023742,1.874182,1.995700,0.917216,77109875
2009-02-19,1.995700,2.000373,1.918582,1.965320,0.903253,48887161
2009-02-20,1.895214,1.904561,1.663862,1.663862,0.764704,157047529
2009-02-23,1.729295,1.808749,1.635819,1.639558,0.753534,103395783
2009-02-24,1.600299,1.780706,1.590951,1.744251,0.801651,73845001
2009-02-25,1.804075,1.841465,1.720882,1.751729,0.805088,71212152
2009-02-26,1.803140,1.869508,1.787249,1.860160,0.854922,68845180
2009-02-27,1.806879,1.848008,1.767620,1.809684,0.831724,54163953
2009-03-02,1.733968,1.743316,1.664797,1.664797,0.765134,49950386
2009-03-03,1.667601,1.677883,1.570386,1.582538,0.727328,72527881
2009-03-04,1.617124,1.653580,1.542344,1.617124,0.743224,62226242
2009-03-05,1.593755,1.595625,1.465694,1.465694,0.673627,66101328
2009-03-06,1.458216,1.467564,1.217049,1.357263,0.623793,144796933
2009-03-09,1.364741,1.364741,1.253505,1.308655,0.601453,75272116
2009-03-10,1.336698,1.523649,1.322677,1.514301,0.695967,110614788
2009-03-11,1.514301,1.696578,1.478781,1.590951,0.731195,113419807
2009-03-12,1.547018,1.637689,1.506823,1.589082,0.730336,84240938
2009-03-13,1.642363,1.682557,1.547952,1.589082,0.730336,60659752
2009-03-16,1.675079,1.733034,1.629276,1.678818,0.771578,75796066
2009-03-17,1.686296,1.686296,1.595625,1.663862,0.764704,82449545
2009-03-18,1.722751,1.794727,1.705926,1.785380,0.820554,102184207
2009-03-19,1.832118,1.967657,1.703122,1.719947,0.790481,178499372
2009-03-20,1.698448,1.804075,1.603103,1.749859,0.804228,207323322
2009-03-23,1.794727,1.925593,1.790054,1.913909,0.879625,135273875
2009-03-24,1.979341,2.009721,1.822770,1.916246,0.880699,108252527
2009-03-25,1.869508,1.962983,1.846139,1.944288,0.893587,81597621
2009-03-26,1.934941,2.056459,1.925593,2.056459,0.945141,66729119
2009-03-27,2.065806,2.093849,1.972331,2.037764,0.936548,51060494
2009-03-30,1.958309,1.974668,1.824640,1.841465,0.846330,68483340
2009-03-31,1.827444,1.937277,1.824640,1.937277,0.890365,72698695
2009-04-01,1.897550,1.951299,1.841465,1.918582,0.881773,82310883
2009-04-02,1.991026,2.007384,1.916246,1.991026,0.915068,110088105
2009-04-03,1.955973,2.051785,1.925593,2.023742,0.930104,89494094
2009-04-06,2.019068,2.070480,1.895214,1.977005,0.908624,82934300
2009-04-07,1.981678,1.984015,1.855487,1.897550,0.872106,75204389
2009-04-08,1.841465,1.965320,1.826509,1.951299,0.896809,61835513
2009-04-09,1.991026,2.086838,1.955973,2.084501,0.958029,79116816
2009-04-14,2.103196,2.213030,2.075154,2.177977,1.000990,94331869
2009-04-15,2.121891,2.175640,2.082164,2.140587,0.983806,67605172
2009-04-16,2.168629,2.220041,2.121891,2.163955,0.994546,80428488
2009-04-17,2.196672,2.257431,2.147597,2.206019,1.013878,81477980
2009-04-20,2.182650,2.227051,2.049448,2.093849,0.962325,78655598
2009-04-21,2.084501,2.121891,1.977005,2.082164,0.956954,76229225
2009-04-22,2.070480,2.149934,2.044774,2.133576,0.980583,66963126
2009-04-23,2.105533,2.163955,2.084501,2.133576,0.980583,52375003
2009-04-24,2.117218,2.156945,2.086838,2.154608,0.990250,58996948
2009-04-27,2.105533,2.177977,2.093849,2.173303,0.998842,49177640
2009-04-28,2.119555,2.142923,2.065806,2.098523,0.964473,66584513
2009-04-29,2.166292,2.166292,2.089175,2.149934,0.988101,63493760
2009-04-30,2.173303,2.283137,2.168629,2.278463,1.047173,99885759
2009-05-04,2.285473,2.329874,2.271452,2.313516,1.063283,51105414
2009-05-05,2.334548,2.357917,2.252757,2.285473,1.050394,65746213
2009-05-06,2.264441,2.397644,2.264441,2.364928,1.086912,90446851
2009-05-07,2.395307,2.442045,2.271452,2.313516,1.063283,94242500
2009-05-08,2.343896,2.406991,2.322864,2.392970,1.099800,76595279
2009-05-11,2.425687,2.432697,2.299495,2.383623,1.095504,70345464
2009-05-12,2.339222,2.388296,2.327537,2.383623,1.095504,50368001
2009-05-13,2.383623,2.388296,2.152271,2.187324,1.005286,90148531
2009-05-14,2.152271,2.243409,2.082164,2.159282,0.992398,85055654
2009-05-15,2.206019,2.318190,2.189661,2.318190,1.065431,101797497
2009-05-18,2.278463,2.423350,2.245746,2.421013,1.112688,72416472
2009-05-19,2.439708,2.458403,2.374275,2.444382,1.123428,69241865
2009-05-20,2.430360,2.502804,2.430360,2.491119,1.144908,58218673
2009-05-21,2.453729,2.472424,2.390633,2.409328,1.107318,44724777
2009-05-22,2.390633,2.470087,2.390633,2.430360,1.116984,42302243
2009-05-25,2.423350,2.449055,2.350906,2.416339,1.110540,22092248
2009-05-26,2.423350,2.430360,2.332211,2.428023,1.115910,57198286
2009-05-27,2.430360,2.446719,2.385959,2.409328,1.107318,47263640
2009-05-28,2.374275,2.411665,2.341559,2.364928,1.086912,56003457
2009-05-29,2.392970,2.397644,2.332211,2.343896,1.077246,41487687
2009-06-01,2.383623,2.470087,2.383623,2.456066,1.128798,58680895
2009-06-02,2.416339,2.428023,2.388296,2.411665,1.108392,47535584
2009-06-03,2.406991,2.406991,2.339222,2.348569,1.079393,58572414
2009-06-04,2.355580,2.364928,2.304169,2.327537,1.069727,52977872
2009-06-05,2.346232,2.374275,2.304169,2.311179,1.062209,53946319
2009-06-08,2.290147,2.311179,2.206019,2.243409,1.031062,60251572
2009-06-09,2.250420,2.290147,2.248083,2.276126,1.046099,43659552
2009-06-10,2.313516,2.341559,2.290147,2.336885,1.074023,52974360
2009-06-11,2.341559,2.367264,2.315853,2.355580,1.082615,47373244
2009-06-12,2.332211,2.341559,2.311179,2.318190,1.065431,32740454
2009-06-15,2.301832,2.304169,2.241073,2.241073,1.029988,50040982
2009-06-16,2.222378,2.236399,2.163955,2.184987,1.004212,48811016
2009-06-17,2.166292,2.175640,2.117218,2.156945,0.991323,67179575
2009-06-18,2.159282,2.184987,2.103196,2.184987,1.004212,53009433
2009-06-19,2.196672,2.220041,2.093849,2.131239,0.979509,136182134
2009-06-22,2.131239,2.152271,2.103196,2.131239,0.979509,55575331
2009-06-23,2.084501,2.135913,2.068143,2.089175,0.960177,66871331
2009-06-24,2.119555,2.154608,2.082164,2.154608,0.990250,44756483
2009-06-25,2.135913,2.149934,2.089175,2.135913,0.981657,45537977
2009-06-26,2.145260,2.184987,2.114881,2.124228,0.976287,39086397
2009-06-29,2.114881,2.168629,2.098523,2.163955,0.994546,33227163
2009-06-30,2.154608,2.170966,2.121891,2.145260,0.985953,46547148
2009-07-01,2.149934,2.220041,2.142923,2.215367,1.018174,55295682
2009-07-02,2.206019,2.206019,2.107870,2.107870,0.968769,55010693
2009-07-03,2.119555,2.131239,2.077491,2.131239,0.979509,33534913
2009-07-06,2.086838,2.100859,2.051785,2.075154,0.953733,51774186
2009-07-07,2.093849,2.145260,2.070480,2.075154,0.953733,49734022
2009-07-08,2.054122,2.063469,1.988689,1.998037,0.918290,56044381
2009-07-09,2.021405,2.075154,2.009721,2.051785,0.942992,42372569
2009-07-10,2.042437,2.082164,2.021405,2.028416,0.932252,42278343
2009-07-13,1.998037,2.061132,1.965320,2.049448,0.941918,60945808
2009-07-14,2.063469,2.154608,2.047111,2.140587,0.983806,68703319
2009-07-15,2.152271,2.215367,2.152271,2.203682,1.012804,53731398
2009-07-16,2.191998,2.243409,2.163955,2.227051,1.023544,56918045
2009-07-17,2.215367,2.222378,2.173303,2.220041,1.020322,75723829
2009-07-20,2.229388,2.252757,2.210693,2.229388,1.024618,42483595
2009-07-21,2.236399,2.318190,2.229388,2.290147,1.052543,64885249
2009-07-22,2.299495,2.306505,2.255094,2.294821,1.054691,35540073
2009-07-23,2.308842,2.343896,2.259768,2.343896,1.077246,56666670
2009-07-24,2.343896,2.385959,2.322864,2.350906,1.080467,57664237
2009-07-27,2.362591,2.367264,2.306505,2.332211,1.071875,46981192
2009-07-28,2.332211,2.346232,2.299495,2.308842,1.061135,47712467
2009-07-29,2.299495,2.355580,2.299495,2.327537,1.069727,46145012
2009-07-30,2.350906,2.458403,2.329874,2.446719,1.124503,78166528
2009-07-31,2.444382,2.465414,2.423350,2.442045,1.122354,52757144
2009-08-03,2.449055,2.502804,2.425687,2.456066,1.128798,61498475
2009-08-04,2.467750,2.488782,2.435034,2.458403,1.129872,61559152
2009-08-05,2.449055,2.486446,2.423350,2.449055,1.125576,76721973
2009-08-06,2.449055,2.547205,2.444382,2.535520,1.165315,75300154
2009-08-07,2.526173,2.664049,2.465414,2.650028,1.217942,100166356
2009-08-10,2.645354,2.738829,2.619648,2.729482,1.254459,81722130
2009-08-11,2.729482,2.783230,2.666386,2.682744,1.232979,98689106
2009-08-12,2.661712,2.694428,2.591605,2.692091,1.237275,78039499
2009-08-13,2.710787,2.769209,2.701439,2.731819,1.255533,72085814
2009-08-14,2.743503,2.757524,2.659375,2.680407,1.231905,45308504
2009-08-17,2.640680,2.680407,2.561226,2.570573,1.181425,71446413
2009-08-18,2.593942,2.607964,2.512151,2.577584,1.184648,73062186
2009-08-19,2.542531,2.568237,2.505141,2.514488,1.155649,70523717
2009-08-20,2.551878,2.561226,2.526173,2.537857,1.166389,54098633
2009-08-21,2.540194,2.591605,2.519162,2.584595,1.187870,90666357
2009-08-24,2.598616,2.680407,2.593942,2.654701,1.220090,63236297
2009-08-25,2.624322,2.724808,2.612637,2.713123,1.246941,89110294
2009-08-26,2.713123,2.811273,2.713123,2.778556,1.277014,110828883
2009-08-27,2.778556,2.855673,2.750514,2.787904,1.281310,98964348
2009-08-28,2.827631,2.935128,2.815946,2.855673,1.312456,162720987
2009-08-31,2.818283,2.834641,2.787904,2.825294,1.298494,56941335
2009-09-01,2.858010,2.867358,2.717797,2.717797,1.249089,127997734
2009-09-02,2.696765,2.696765,2.610300,2.659375,1.222238,106886433
2009-09-03,2.668723,2.713123,2.631332,2.673396,1.228683,76411160
2009-09-04,2.694428,2.762198,2.694428,2.748177,1.263052,68521100
2009-09-07,2.787904,2.813610,2.771546,2.801925,1.287754,42545315
2009-09-08,2.801925,2.804262,2.720134,2.750514,1.264126,85703687
2009-09-09,2.729482,2.778556,2.720134,2.776219,1.275939,67071553
2009-09-10,2.801925,2.813610,2.731819,2.776219,1.275939,75327694
2009-09-11,2.822957,2.879042,2.811273,2.829968,1.300642,114829249
2009-09-14,2.804262,2.808936,2.757524,2.801925,1.287754,52487411
2009-09-15,2.811273,2.820620,2.778556,2.813610,1.293124,50209841
2009-09-16,2.832305,2.879042,2.827631,2.869695,1.318901,61489903
2009-09-17,2.893064,2.902411,2.843989,2.869695,1.318901,62648705
2009-09-18,2.869695,2.921106,2.841652,2.879042,1.323197,127298277
2009-09-21,2.886053,2.904748,2.808936,2.827631,1.299568,61191077
2009-09-22,2.836978,2.872032,2.808936,2.832305,1.301716,59425768
2009-09-23,2.843989,2.916432,2.836978,2.904748,1.335011,66616505
2009-09-24,2.867358,2.867358,2.804262,2.804262,1.288828,118618422
2009-09-25,2.792578,2.804262,2.741166,2.759861,1.268422,82077793
2009-09-28,2.743503,2.827631,2.701439,2.827631,1.299568,70762811
2009-09-29,2.836978,2.853337,2.806599,2.827631,1.299568,52826118
2009-09-30,2.846326,2.883716,2.771546,2.825294,1.298494,107334385
2009-10-01,2.808936,2.848663,2.750514,2.766872,1.271644,66053260
2009-10-02,2.741166,2.752851,2.680407,2.708450,1.244793,84788850
2009-10-05,2.701439,2.708450,2.666386,2.689755,1.236201,67402001
2009-10-06,2.710787,2.827631,2.710787,2.827631,1.299568,104591866
2009-10-07,2.820620,2.851000,2.783230,2.820620,1.296346,91451635
2009-10-08,2.855673,2.869695,2.839315,2.853337,1.311383,75417636
2009-10-09,2.855673,2.890727,2.851000,2.886053,1.326419,72998690
2009-10-12,2.907085,2.944475,2.893064,2.937464,1.350047,65896633
2009-10-13,2.935128,2.944475,2.874369,2.888390,1.327493,83086452
2009-10-14,2.923443,2.956160,2.916432,2.956160,1.358640,79537785
2009-10-15,2.986539,3.000560,2.935128,2.944475,1.353269,79129337
2009-10-16,2.960833,2.963170,2.879042,2.900074,1.332863,77023299
2009-10-19,2.949149,2.986539,2.942138,2.984202,1.371528,75480243
2009-10-20,2.991213,3.002897,2.946812,2.958496,1.359713,68177145
2009-10-21,2.970181,2.995887,2.886053,2.991213,1.374750,95451325
2009-10-22,2.935128,2.949149,2.879042,2.895401,1.330715,85965432
2009-10-23,2.935128,2.944475,2.813610,2.846326,1.308160,88618640
2009-10-26,2.865021,2.869695,2.741166,2.757524,1.267347,94281102
2009-10-27,2.741166,2.757524,2.668723,2.727145,1.253385,110031544
2009-10-28,2.703776,2.729482,2.659375,2.694428,1.238349,79386719
2009-10-29,2.689755,2.778556,2.666386,2.752851,1.265200,77809601
2009-10-30,2.792578,2.799588,2.675733,2.687418,1.235127,93611734
2009-11-02,2.696765,2.731819,2.652364,2.692091,1.237275,73453187
2009-11-03,2.664049,2.671060,2.598616,2.624322,1.206128,78980660
2009-11-04,2.652364,2.664049,2.619648,2.631332,1.209350,65527876
2009-11-05,2.600953,2.687418,2.561226,2.675733,1.229757,80285607
2009-11-06,2.678070,2.708450,2.628996,2.671060,1.227609,72461277
2009-11-09,2.692091,2.731819,2.687418,2.710787,1.245867,65249347
2009-11-10,2.745840,2.787904,2.731819,2.752851,1.265200,97953985
2009-11-11,2.792578,2.865021,2.780893,2.834641,1.302790,118100202
2009-11-12,2.832305,2.872032,2.799588,2.843989,1.307086,73237949
2009-11-13,2.820620,2.869695,2.808936,2.862684,1.315678,62063732
2009-11-16,2.886053,2.946812,2.886053,2.932791,1.347899,70760634
2009-11-17,2.916432,2.937464,2.881379,2.881379,1.324270,57381507
2009-11-18,2.904748,2.907085,2.874369,2.881379,1.324270,61189205
2009-11-19,2.869695,2.879042,2.785567,2.787904,1.281310,78578068
2009-11-20,2.783230,2.799588,2.731819,2.734155,1.256607,80695516
2009-11-23,2.771546,2.787904,2.752851,2.773882,1.274865,47579734
2009-11-24,2.748177,2.811273,2.736492,2.787904,1.281310,58090045
2009-11-25,2.804262,2.820620,2.762198,2.792578,1.283458,50811150
2009-11-26,2.776219,2.778556,2.666386,2.678070,1.230831,69914367
2009-11-27,2.603290,2.731819,2.589269,2.715460,1.248015,102417623
2009-11-30,2.729482,2.738829,2.675733,2.696765,1.239423,67724863
2009-12-01,2.708450,2.759861,2.708450,2.759861,1.268422,51850894
2009-12-02,2.748177,2.780893,2.734155,2.759861,1.268422,51144570
2009-12-03,2.787904,2.836978,2.776219,2.799588,1.286680,65192854
2009-12-04,2.785567,2.893064,2.766872,2.879042,1.323197,97858973
2009-12-07,2.869695,2.879042,2.843989,2.843989,1.307086,37669575
2009-12-08,2.855673,2.886053,2.790241,2.820620,1.296346,67039842
2009-12-09,2.813610,2.832305,2.764535,2.804262,1.288828,75233484
2009-12-10,2.794914,2.836978,2.785567,2.811273,1.292050,57644713
2009-12-11,2.818283,2.853337,2.813610,2.815946,1.294198,59613604
2009-12-14,2.851000,2.860347,2.839315,2.846326,1.308160,45403424
2009-12-15,2.860347,2.869695,2.820620,2.848663,1.309235,49750877
2009-12-16,2.855673,2.893064,2.851000,2.893064,1.329641,49461702
2009-12-17,2.869695,2.883716,2.834641,2.843989,1.307086,60394570
2009-12-18,2.832305,2.862684,2.799588,2.811273,1.292050,103878861
2009-12-21,2.827631,2.851000,2.801925,2.843989,1.307086,39969823
2009-12-22,2.858010,2.902411,2.851000,2.883716,1.325345,49526990
2009-12-23,2.904748,2.935128,2.890727,2.914096,1.339307,36128235
2009-12-28,2.937464,2.963170,2.937464,2.963170,1.361861,31847778
2009-12-29,2.970181,2.988876,2.965507,2.986539,1.372602,33290310
2009-12-30,2.979528,2.993550,2.939801,2.944475,1.353269,35299694
2010-01-04,2.942138,2.965507,2.911759,2.958496,1.359713,56266333
2010-01-05,2.963170,2.970181,2.928117,2.937464,1.350047,48336764
2010-01-06,2.951486,2.984202,2.939801,2.974855,1.367232,41122752
2010-01-07,2.965507,2.965507,2.923443,2.932791,1.347899,67227361
2010-01-08,2.951486,2.977191,2.928117,2.972518,1.366158,67902692
2010-01-11,2.988876,2.998223,2.958496,2.958496,1.359713,42366758
2010-01-12,2.977191,2.981865,2.925780,2.944475,1.353269,44994625
2010-01-13,2.937464,2.977191,2.928117,2.972518,1.366158,45876930
2010-01-14,2.998223,2.998223,2.970181,2.993550,1.375824,48025624
2010-01-15,3.005234,3.016919,2.914096,2.914096,1.339307,82622755
2010-01-18,2.932791,2.937464,2.886053,2.897737,1.331788,37994503
2010-01-19,2.888390,2.935128,2.848663,2.930454,1.346825,58863820
2010-01-20,2.923443,2.939801,2.832305,2.832305,1.301716,84528543
2010-01-21,2.855673,2.883716,2.790241,2.790241,1.282384,88944158
2010-01-22,2.759861,2.773882,2.664049,2.706113,1.243719,115315171
2010-01-25,2.671060,2.736492,2.636006,2.692091,1.237275,72196190
2010-01-26,2.654701,2.703776,2.631332,2.701439,1.241571,61563307
2010-01-27,2.659375,2.671060,2.598616,2.621985,1.205054,88564814
2010-01-28,2.664049,2.680407,2.558889,2.558889,1.176056,91563313
2010-01-29,2.558889,2.631332,2.544868,2.596279,1.193240,80285015
2010-02-01,2.565900,2.647691,2.563563,2.636006,1.211498,60484044
2010-02-02,2.631332,2.680407,2.600953,2.675733,1.229757,61132029
2010-02-03,2.685081,2.694428,2.626659,2.631332,1.209350,53987148
2010-02-04,2.626659,2.647691,2.486446,2.491119,1.144908,95853412
2010-02-05,2.474761,2.481772,2.388296,2.390633,1.098726,159386352
2010-02-08,2.409328,2.479435,2.350906,2.472424,1.136317,115394430
2010-02-09,2.458403,2.502804,2.411665,2.418676,1.111614,78104752
2010-02-10,2.465414,2.533183,2.460740,2.526173,1.161020,93976286
2010-02-11,2.549541,2.568237,2.423350,2.451392,1.126650,98140082
2010-02-12,2.493456,2.505141,2.414002,2.460740,1.130947,69504750
2010-02-15,2.484109,2.495793,2.432697,2.449055,1.125576,32657798
2010-02-16,2.477098,2.491119,2.381286,2.421013,1.112688,120107061
2010-02-17,2.463077,2.542531,2.451392,2.523836,1.159945,78261997
2010-02-18,2.521499,2.528510,2.477098,2.500467,1.149205,63820054
2010-02-19,2.463077,2.528510,2.451392,2.526173,1.161020,65364535
2010-02-22,2.547205,2.551878,2.507478,2.521499,1.158871,41022603
2010-02-23,2.530846,2.554215,2.432697,2.453729,1.127724,73945734
2010-02-24,2.467750,2.470087,2.383623,2.439708,1.121280,76094556
2010-02-25,2.423350,2.498130,2.402318,2.418676,1.111614,83432555
2010-02-26,2.442045,2.456066,2.378949,2.414002,1.109466,69802581
2010-03-01,2.446719,2.463077,2.411665,2.449055,1.125576,51794675
2010-03-02,2.444382,2.472424,2.425687,2.446719,1.124503,54781706
2010-03-03,2.430360,2.502804,2.409328,2.488782,1.143834,81495117
2010-03-04,2.467750,2.565900,2.453729,2.537857,1.166389,81495747
2010-03-05,2.565900,2.657038,2.547205,2.652364,1.219016,106454565
2010-03-08,2.673396,2.682744,2.647691,2.661712,1.223312,44551850
2010-03-09,2.661712,2.661712,2.593942,2.636006,1.211498,55565440
2010-03-10,2.633669,2.664049,2.619648,2.661712,1.223312,52812597
2010-03-11,2.636006,2.654701,2.610300,2.624322,1.206128,54518805
2010-03-12,2.633669,2.685081,2.631332,2.661712,1.223312,53900236
2010-03-15,2.661712,2.666386,2.631332,2.636006,1.211498,40176826
2010-03-16,2.638343,2.685081,2.636006,2.673396,1.228683,43974448
2010-03-17,2.708450,2.738829,2.692091,2.722471,1.251237,71433740
2010-03-18,2.722471,2.745840,2.706113,2.717797,1.249089,66496586
2010-03-19,2.734155,2.792578,2.631332,2.652364,1.219016,193324259
2010-03-22,2.636006,2.645354,2.542531,2.619648,1.203980,107154766
2010-03-23,2.619648,2.631332,2.572910,2.598616,1.194314,95551146
2010-03-24,2.612637,2.612637,2.561226,2.600953,1.195388,68588239
2010-03-25,2.598616,2.640680,2.589269,2.633669,1.210424,57513579
2010-03-26,2.633669,2.643017,2.607964,2.633669,1.210424,48653788
2010-03-29,2.645354,2.673396,2.621985,2.640680,1.213646,54040071
2010-03-30,2.661712,2.664049,2.600953,2.605627,1.197536,43749432
2010-03-31,2.603290,2.626659,2.551878,2.577584,1.184648,61403902
2010-04-01,2.591605,2.631332,2.582258,2.631332,1.209350,43524144
2010-04-06,2.652364,2.652364,2.612637,2.631332,1.209350,40275516
2010-04-07,2.621985,2.626659,2.584595,2.584595,1.187870,60629988
2010-04-08,2.575247,2.582258,2.516825,2.526173,1.161020,75504434
2010-04-09,2.554215,2.563563,2.530846,2.563563,1.178204,51407775
2010-04-12,2.579921,2.612637,2.575247,2.610300,1.199684,59011682
2010-04-13,2.593942,2.621985,2.584595,2.617311,1.202906,49201217
2010-04-14,2.636006,2.710787,2.633669,2.710787,1.245867,106398079
2010-04-15,2.729482,2.734155,2.673396,2.696765,1.239423,72880108
2010-04-16,2.689755,2.706113,2.607964,2.614974,1.201832,106315470
2010-04-19,2.589269,2.621985,2.547205,2.584595,1.187870,82975211
2010-04-20,2.607964,2.628996,2.572910,2.628996,1.208276,76588813
2010-04-21,2.643017,2.643017,2.579921,2.582258,1.186796,63674718
2010-04-22,2.596279,2.617311,2.519162,2.537857,1.166389,89099987
2010-04-23,2.537857,2.549541,2.488782,2.521499,1.158871,77053112
2010-04-26,2.547205,2.563563,2.507478,2.519162,1.157797,49361947
2010-04-27,2.507478,2.514488,2.376612,2.376612,1.092282,115690906
2010-04-28,2.350906,2.397644,2.285473,2.341559,1.076171,158809072
2010-04-29,2.353243,2.360254,2.301832,2.327537,1.069727,141404934
2010-04-30,2.336885,2.397644,2.301832,2.334548,1.072949,158012729
2010-05-03,2.325200,2.348569,2.304169,2.334548,1.072949,63994141
2010-05-04,2.322864,2.341559,2.149934,2.166292,0.995619,167628386
2010-05-05,2.177977,2.187324,2.061132,2.117218,0.973065,204857104
2010-05-06,2.084501,2.156945,1.814357,1.953636,0.897883,293875771
2010-05-07,1.902224,2.047111,1.823705,1.876518,0.862440,308727335
2010-05-10,2.103196,2.248083,2.075154,2.245746,1.032136,391341719
2010-05-11,2.203682,2.213030,2.110207,2.189661,1.006360,290340442
2010-05-12,2.175640,2.259768,2.140587,2.224714,1.022470,229868354
2010-05-13,2.262105,2.262105,2.105533,2.147597,0.987027,256282453
2010-05-14,2.145260,2.145260,1.953636,2.033090,0.934400,473003932
2010-05-17,2.005047,2.093849,1.977005,2.056459,0.945141,275382318
2010-05-18,2.100859,2.131239,2.058796,2.107870,0.968769,265622245
2010-05-19,2.061132,2.065806,1.967657,2.007384,0.922586,366390273
2010-05-20,2.035427,2.058796,1.920919,1.979341,0.909697,233047498
2010-05-21,1.988689,2.044774,1.955973,2.044774,0.939770,232771679
2010-05-24,2.014395,2.033090,1.944288,1.962983,0.936426,107234012
2010-05-25,1.899887,1.906898,1.817162,1.897550,0.905211,291596487
2010-05-26,1.941951,1.958309,1.904561,1.904561,0.908556,291972486
2010-05-27,1.923256,2.042437,1.916246,2.037764,0.972099,273876117
2010-05-28,2.056459,2.063469,1.993363,2.007384,0.957607,343683581
2010-05-31,1.993363,2.040100,1.986352,2.030753,0.968755,100351839
2010-06-01,2.019068,2.019068,1.902224,1.965320,0.937540,175167848
2010-06-02,1.953636,1.995700,1.911572,1.951299,0.930852,146932175
2010-06-03,2.012058,2.028416,1.979341,1.984015,0.946459,96101094
2010-06-04,1.986352,2.000373,1.838661,1.862965,0.888713,170476471
2010-06-07,1.829313,1.902224,1.794727,1.855487,0.885145,143533422
2010-06-08,1.869508,1.888203,1.776967,1.839596,0.877565,173103911
2010-06-09,1.863899,1.892877,1.841465,1.890540,0.901867,150092690
2010-06-10,1.881192,1.986352,1.860160,1.977005,0.943115,161063241
2010-06-11,1.991026,2.042437,1.977005,2.035427,0.970985,128061021
2010-06-14,2.065806,2.100859,2.058796,2.093849,0.998854,113115214
2010-06-15,2.061132,2.163955,2.044774,2.159282,1.030069,120206848
2010-06-16,2.177977,2.199009,2.103196,2.154608,1.027839,131033494
2010-06-17,2.154608,2.187324,2.133576,2.152271,1.026724,115400070
2010-06-18,2.163955,2.241073,2.152271,2.238736,1.067971,174830258
2010-06-21,2.290147,2.322864,2.217704,2.231725,1.064627,101666936
2010-06-22,2.201346,2.208356,2.135913,2.173303,1.036757,149006194
2010-06-23,2.133576,2.210693,2.121891,2.168629,1.034527,113722850
2010-06-24,2.189661,2.189661,2.091512,2.103196,1.003313,113864334
2010-06-25,2.119555,2.191998,2.089175,2.177977,1.038987,146853406
2010-06-28,2.187324,2.199009,2.119555,2.168629,1.034527,130015400
2010-06-29,2.114881,2.126565,2.000373,2.000373,0.954262,189022588
2010-06-30,2.016732,2.086838,1.981678,2.042437,0.974329,169674627
2010-07-01,2.000373,2.049448,1.974668,1.998037,0.953148,129504887
2010-07-02,2.026079,2.033090,1.986352,2.005047,0.956492,89399214
2010-07-05,2.009721,2.014395,1.948962,1.965320,0.937540,75168752
2010-07-06,1.977005,2.061132,1.967657,2.035427,0.970985,118562510
2010-07-07,2.007384,2.196672,1.995700,2.194335,1.046790,194029882
2010-07-08,2.215367,2.243409,2.194335,2.236399,1.066857,156984246
2010-07-09,2.245746,2.280800,2.238736,2.266778,1.081349,97387950
2010-07-12,2.266778,2.297158,2.238736,2.273789,1.084693,70459732
2010-07-13,2.278463,2.327537,2.264441,2.322864,1.108104,75044131
2010-07-14,2.339222,2.350906,2.280800,2.306505,1.100300,67537882
2010-07-15,2.290147,2.318190,2.227051,2.245746,1.071316,87278893
2010-07-16,2.252757,2.292484,2.199009,2.236399,1.066857,102173996
2010-07-19,2.203682,2.236399,2.161618,2.199009,1.049020,104923128
2010-07-20,2.220041,2.231725,2.145260,2.196672,1.047905,92706113
2010-07-21,2.217704,2.234062,2.152271,2.166292,1.033412,108565169
2010-07-22,2.156945,2.269115,2.152271,2.269115,1.082463,112736054
2010-07-23,2.269115,2.292484,2.210693,2.245746,1.071316,83883121
2010-07-26,2.287810,2.336885,2.269115,2.336885,1.114793,106390691
2010-07-27,2.350906,2.432697,2.348569,2.430360,1.159384,163736082
2010-07-28,2.442045,2.460740,2.388296,2.399981,1.144892,114027506
2010-07-29,2.411665,2.435034,2.381286,2.385959,1.138203,79230121
2010-07-30,2.381286,2.399981,2.336885,2.374275,1.132629,85365097
2010-08-02,2.383623,2.467750,2.376612,2.460740,1.173877,67577973
2010-08-03,2.453729,2.477098,2.430360,2.467750,1.177221,72250901
2010-08-04,2.453729,2.463077,2.369601,2.432697,1.160499,91532712
2010-08-05,2.442045,2.456066,2.383623,2.399981,1.144892,67620660
2010-08-06,2.416339,2.444382,2.339222,2.348569,1.120366,83635670
2010-08-09,2.388296,2.411665,2.378949,2.402318,1.146007,51023748
2010-08-10,2.390633,2.425687,2.367264,2.409328,1.149351,56284559
2010-08-11,2.376612,2.390633,2.257431,2.264441,1.080234,101308682
2010-08-12,2.257431,2.278463,2.189661,2.236399,1.066857,94060948
2010-08-13,2.255094,2.264441,2.177977,2.208356,1.053479,91534759
2010-08-16,2.213030,2.224714,2.159282,2.194335,1.046790,64253681
2010-08-17,2.203682,2.234062,2.177977,2.231725,1.064627,57296844
2010-08-18,2.217704,2.238736,2.189661,2.206019,1.052364,59244899
2010-08-19,2.224714,2.231725,2.126565,2.140587,1.021150,105405528
2010-08-20,2.128902,2.145260,2.089175,2.091512,0.997739,98199826
2010-08-23,2.105533,2.166292,2.089175,2.133576,1.017806,73796889
2010-08-24,2.112544,2.131239,2.089175,2.119555,1.011117,100291747
2010-08-25,2.110207,2.126565,2.042437,2.068143,0.986591,116750248
2010-08-26,2.093849,2.175640,2.082164,2.152271,1.026724,113696769
2010-08-27,2.131239,2.145260,2.058796,2.110207,1.006658,136089851
2010-08-30,2.124228,2.133576,2.072817,2.086838,0.995510,46869431
2010-08-31,2.044774,2.084501,2.021405,2.070480,0.987706,123691779
2010-09-01,2.079828,2.180314,2.054122,2.166292,1.033412,118896938
2010-09-02,2.159282,2.187324,2.147597,2.173303,1.036757,76586374
2010-09-03,2.177977,2.257431,2.175640,2.236399,1.066857,112380790
2010-09-06,2.252757,2.262105,2.234062,2.245746,1.071316,61735086
2010-09-07,2.234062,2.234062,2.180314,2.201346,1.050135,102533851
2010-09-08,2.180314,2.234062,2.156945,2.222378,1.060168,82883761
2010-09-09,2.210693,2.322864,2.199009,2.292484,1.093611,116792232
2010-09-10,2.264441,2.294821,2.243409,2.276126,1.085808,83714062
2010-09-13,2.306505,2.336885,2.290147,2.276126,1.085808,97414824
2010-09-14,2.292484,2.311179,2.252757,2.292484,1.093611,72334508
2010-09-15,2.304169,2.308842,2.245746,2.276126,1.085808,60656087
2010-09-16,2.271452,2.287810,2.236399,2.252757,1.074660,67086443
2010-09-17,2.290147,2.322864,2.208356,2.245746,1.071316,178257436
2010-09-20,2.248083,2.287810,2.224714,2.271452,1.083578,82098761
2010-09-21,2.252757,2.327537,2.248083,2.306505,1.100300,89165339
2010-09-22,2.308842,2.308842,2.252757,2.259768,1.078005,91694107
2010-09-23,2.280800,2.287810,2.182650,2.208356,1.053479,98846643
2010-09-24,2.196672,2.290147,2.177977,2.280800,1.088038,120237860
2010-09-27,2.285473,2.290147,2.262105,2.276126,1.085808,71471944
2010-09-28,2.257431,2.280800,2.224714,2.248083,1.072431,115006468
2010-09-29,2.259768,2.273789,2.203682,2.213030,1.055709,100471633
2010-09-30,2.189661,2.264441,2.175640,2.227051,1.062397,124272221
2010-10-01,2.236399,2.252757,2.194335,2.215367,1.056824,104893948
2010-10-04,2.220041,2.222378,2.156945,2.163955,1.032298,85392628
2010-10-05,2.156945,2.250420,2.142923,2.243409,1.070201,100721919
2010-10-06,2.262105,2.278463,2.248083,2.269115,1.082463,88778501
2010-10-07,2.273789,2.292484,2.250420,2.278463,1.086923,81496200
2010-10-08,2.271452,2.294821,2.259768,2.280800,1.088038,72525890
2010-10-11,2.285473,2.292484,2.273789,2.290147,1.092497,37230062
2010-10-12,2.276126,2.332211,2.255094,2.318190,1.105874,79468173
2010-10-13,2.327537,2.385959,2.318190,2.369601,1.130399,101494536
2010-10-14,2.376612,2.392970,2.341559,2.348569,1.120366,62345662
2010-10-15,2.362591,2.388296,2.346232,2.357917,1.124826,77498759
2010-10-18,2.353243,2.416339,2.348569,2.414002,1.151581,71945647
2010-10-19,2.416339,2.477098,2.409328,2.432697,1.160499,98215958
2010-10-20,2.416339,2.493456,2.411665,2.474761,1.180565,99834544
2010-10-21,2.474761,2.521499,2.463077,2.502804,1.193943,98966759
2010-10-22,2.493456,2.507478,2.472424,2.486446,1.186140,59489970
2010-10-25,2.500467,2.505141,2.402318,2.421013,1.154925,95783717
2010-10-26,2.397644,2.435034,2.395307,2.425687,1.157155,74415413
2010-10-27,2.409328,2.467750,2.397644,2.421013,1.154925,86453127
2010-10-28,2.437371,2.449055,2.395307,2.418676,1.153810,93897305
2010-10-29,2.399981,2.404655,2.339222,2.362591,1.127056,103483604
2010-11-01,2.371938,2.376612,2.306505,2.327537,1.110333,79533482
2010-11-02,2.318190,2.362591,2.311179,2.353243,1.122596,64961307
2010-11-03,2.360254,2.362591,2.283137,2.294821,1.094726,80876564
2010-11-04,2.336885,2.364928,2.322864,2.329874,1.111448,88288707
2010-11-05,2.339222,2.350906,2.243409,2.259768,1.078005,124457064
2010-11-08,2.266778,2.313516,2.245746,2.304169,1.099186,77673631
2010-11-09,2.322864,2.350906,2.283137,2.327537,1.110333,123465036
2010-11-10,2.306505,2.325200,2.187324,2.206019,1.052364,188012918
2010-11-11,2.224714,2.229388,2.133576,2.175640,1.037872,145341030
2010-11-12,2.131239,2.220041,2.084501,2.184987,1.042331,155321352
2010-11-15,2.168629,2.220041,2.149934,2.213030,1.055709,105903187
2010-11-16,2.199009,2.224714,2.173303,2.187324,1.043446,101321126
2010-11-17,2.177977,2.213030,2.168629,2.182650,1.041216,72507066
2010-11-18,2.206019,2.213030,2.180314,2.191998,1.045675,89613055
2010-11-19,2.203682,2.203682,2.110207,2.152271,1.026724,111388395
2010-11-22,2.189661,2.191998,2.070480,2.093849,0.998854,131119797
2010-11-23,2.072817,2.082164,2.012058,2.021405,0.964295,138645054
2010-11-24,2.021405,2.040100,1.967657,2.026079,0.966525,128105358
2010-11-25,2.016732,2.035427,1.979341,2.002710,0.955377,88359677
2010-11-26,1.981678,1.991026,1.944288,1.991026,0.949803,133099319
2010-11-29,2.016732,2.030753,1.906898,1.909235,0.910786,169161796
2010-11-30,1.916246,1.925593,1.850813,1.874182,0.894064,198706159
2010-12-01,1.890540,1.939614,1.883529,1.925593,0.918589,174232124
2010-12-02,1.944288,2.000373,1.869508,1.998037,0.953148,321392685
2010-12-03,1.998037,2.012058,1.962983,2.002710,0.955377,157609322
2010-12-06,2.009721,2.026079,1.937277,1.946625,0.928622,116840912
2010-12-07,1.948962,1.998037,1.927930,1.974668,0.942000,108287155
2010-12-08,1.953636,2.019068,1.948962,2.014395,0.960951,111443904
2010-12-09,2.037764,2.079828,2.030753,2.061132,0.983247,144506427
2010-12-10,2.072817,2.072817,2.023742,2.028416,0.967640,85595103
2010-12-13,2.047111,2.075154,2.014395,2.051785,0.978788,90308384
2010-12-14,2.058796,2.082164,2.021405,2.065806,0.985476,102133712
2010-12-15,2.056459,2.056459,2.005047,2.007384,0.957607,125369226
2010-12-16,2.005047,2.030753,1.984015,2.012058,0.959836,83436423
2010-12-17,2.012058,2.014395,1.934941,1.944288,0.927508,134206974
2010-12-20,1.939614,1.998037,1.911572,1.977005,0.943115,102780281
2010-12-21,1.991026,2.030753,1.986352,2.023742,0.965410,75866790
2010-12-22,2.026079,2.047111,2.005047,2.005047,0.956492,55949881
2010-12-23,2.016732,2.021405,1.986352,1.998037,0.953148,35478915
2010-12-27,2.002710,2.012058,1.958309,1.962983,0.936426,38587773
2010-12-28,1.967657,1.977005,1.939614,1.944288,0.927508,31648010
2010-12-29,1.951299,1.965320,1.934941,1.941951,0.926393,36941986
2010-12-30,1.944288,1.948962,1.890540,1.897550,0.905211,69906876
2011-01-03,1.913909,1.967657,1.913909,1.920919,0.916359,78710278
2011-01-04,1.918582,1.967657,1.904561,1.958309,0.934196,101848913
2011-01-05,1.948962,1.955973,1.895214,1.923256,0.917474,121059030
2011-01-06,1.927930,1.955973,1.916246,1.918582,0.915244,87136014
2011-01-07,1.918582,1.920919,1.874182,1.874182,0.894064,140469198
2011-01-10,1.869508,1.871845,1.767620,1.767620,0.843229,226631806
2011-01-11,1.786315,1.813423,1.759207,1.811553,0.864187,147681405
2011-01-12,1.809684,1.998037,1.808749,1.998037,0.953148,391442866
2011-01-13,2.002710,2.061132,1.981678,2.047111,0.976558,207664937
2011-01-14,2.037764,2.107870,2.023742,2.098523,1.001084,157594925
2011-01-17,2.096186,2.149934,2.054122,2.082164,0.993280,149304968
2011-01-18,2.089175,2.149934,2.089175,2.133576,1.017806,141636804
2011-01-19,2.145260,2.177977,2.100859,2.140587,1.021150,190368941
2011-01-20,2.128902,2.243409,2.121891,2.215367,1.056824,242058339
2011-01-21,2.236399,2.332211,2.220041,2.248083,1.072431,262444363
2011-01-24,2.255094,2.285473,2.217704,2.259768,1.078005,138732091
2011-01-25,2.269115,2.285473,2.168629,2.210693,1.054594,214490689
2011-01-26,2.229388,2.236399,2.166292,2.182650,1.041216,134949373
2011-01-27,2.175640,2.308842,2.135913,2.290147,1.092497,241438112
2011-01-28,2.292484,2.353243,2.238736,2.250420,1.073545,211562535
2011-01-31,2.234062,2.308842,2.182650,2.271452,1.083578,179441251
2011-02-01,2.297158,2.325200,2.236399,2.325200,1.109218,140217111
2011-02-02,2.332211,2.404655,2.322864,2.385959,1.138203,184307728
2011-02-03,2.371938,2.425687,2.294821,2.315853,1.104759,223583321
2011-02-04,2.336885,2.360254,2.320527,2.343896,1.118137,125289361
2011-02-07,2.350906,2.390633,2.343896,2.353243,1.122596,113031173
2011-02-08,2.339222,2.348569,2.294821,2.327537,1.110333,152653664
2011-02-09,2.318190,2.329874,2.283137,2.304169,1.099186,128842090
2011-02-10,2.283137,2.294821,2.220041,2.271452,1.083578,173252740
2011-02-11,2.243409,2.304169,2.227051,2.290147,1.092497,136415743
2011-02-14,2.299495,2.308842,2.252757,2.264441,1.080234,116478137
2011-02-15,2.248083,2.334548,2.245746,2.334548,1.113678,147309953
2011-02-16,2.329874,2.421013,2.329874,2.421013,1.154925,159342331
2011-02-17,2.421013,2.460740,2.385959,2.414002,1.151581,151940784
2011-02-18,2.416339,2.435034,2.341559,2.367264,1.129285,141179374
2011-02-21,2.364928,2.372406,2.243409,2.245279,1.071093,153185210
2011-02-22,2.206019,2.250888,2.181716,2.207889,1.053256,99709552
2011-02-23,2.206019,2.260235,2.198541,2.226584,1.062174,131791961
2011-02-24,2.207889,2.249018,2.189194,2.232192,1.064850,120205631
2011-02-25,2.249018,2.293886,2.235931,2.278930,1.087146,101848286
2011-02-28,2.271452,2.316320,2.234062,2.284539,1.089821,111648601
2011-03-01,2.303234,2.325668,2.204150,2.222845,1.060391,158155218
2011-03-02,2.194802,2.249018,2.159282,2.224714,1.061282,151080416
2011-03-03,2.234062,2.265844,2.196672,2.217236,1.057715,171301395
2011-03-04,2.256496,2.301364,2.234062,2.237801,1.067525,178802320
2011-03-07,2.215367,2.258366,2.181716,2.200411,1.049689,145677629
2011-03-08,2.217236,2.235931,2.191063,2.235931,1.066633,122256539
2011-03-09,2.243409,2.262105,2.220975,2.243409,1.070201,116836210
2011-03-10,2.219106,2.235931,2.194802,2.209758,1.054148,96145972
2011-03-11,2.187324,2.215367,2.163021,2.176107,1.038095,127411605
2011-03-14,2.177977,2.263974,2.176107,2.211628,1.055040,184199141
2011-03-15,2.140587,2.192933,2.082632,2.114413,1.008664,263378571
2011-03-16,2.131239,2.140587,1.991026,2.000373,0.954262,332044383
2011-03-17,2.015329,2.075154,1.989156,2.058328,0.981909,196685659
2011-03-18,2.078893,2.091979,2.039633,2.058328,0.981909,196541881
2011-03-21,2.095718,2.131239,2.077023,2.131239,1.016691,129713971
2011-03-22,2.140587,2.177977,2.106935,2.131239,1.016691,139647773
2011-03-23,2.114413,2.127500,2.097588,2.123761,1.013124,109523490
2011-03-24,2.106935,2.142456,2.105066,2.136848,1.019367,122044464
2011-03-25,2.149934,2.159282,2.123761,2.131239,1.016691,76040802
2011-03-28,2.123761,2.149934,2.118152,2.144326,1.022934,64704252
2011-03-29,2.123761,2.129369,2.020938,2.047111,0.976558,234287357
2011-03-30,2.067676,2.075154,2.024677,2.043372,0.974775,152924811
2011-03-31,2.047111,2.048981,1.918115,1.951766,0.931075,314364658
2011-04-01,1.953636,1.974200,1.873247,1.972331,0.940885,408460273
2011-04-04,1.938680,1.992895,1.895681,1.991026,0.949803,228874538
2011-04-05,1.981678,2.009721,1.953636,1.991026,0.949803,159028991
2011-04-06,2.022808,2.120022,1.994765,2.097588,1.000638,352990668
2011-04-07,2.097588,2.176107,2.093849,2.136848,1.019367,254621190
2011-04-08,2.163021,2.172368,2.093849,2.112544,1.007773,171662749
2011-04-11,2.112544,2.149934,2.110674,2.123761,1.013124,94683803
2011-04-12,2.110674,2.142456,2.097588,2.103196,1.003313,118128456
2011-04-13,2.114413,2.131239,2.093849,2.103196,1.003313,81525167
2011-04-14,2.093849,2.101327,2.037764,2.054589,0.980126,148933073
2011-04-15,2.058328,2.062067,2.011590,2.019068,0.963181,132602576
2011-04-18,2.015329,2.017199,1.916246,1.934941,0.923048,209810863
2011-04-19,1.944288,1.970461,1.931202,1.955505,0.932858,117001643
2011-04-20,1.972331,1.985417,1.944288,1.948027,0.929291,112275882
2011-04-21,1.961114,2.050850,1.946158,2.030286,0.968532,150182848
2011-04-26,2.024677,2.054589,2.011590,2.026547,0.966748,81811121
2011-04-27,2.030286,2.106935,2.020938,2.080762,0.992611,121447400
2011-04-28,2.099457,2.108805,2.069545,2.093849,0.998854,95111873
2011-04-29,2.091979,2.108805,2.080762,2.095718,0.999746,48042029
2011-05-02,2.110674,2.120022,2.073284,2.077023,0.990828,63531150
2011-05-03,2.088240,2.093849,2.047111,2.082632,0.993503,153964155
2011-05-04,2.063937,2.097588,2.020938,2.024677,0.965856,151081297
2011-05-05,2.026547,2.032155,1.977939,1.989156,0.948911,117869238
2011-05-06,1.992895,2.041503,1.974200,2.011590,0.959613,132217637
2011-05-09,2.002243,2.004112,1.959244,1.966722,0.938209,114934066
2011-05-10,1.959244,2.009721,1.942419,2.002243,0.955154,178297471
2011-05-11,2.009721,2.026547,1.991026,2.002243,0.955154,122530558
2011-05-12,1.977939,1.996634,1.957375,1.966722,0.938209,172882568
2011-05-13,1.991026,2.000373,1.908767,1.919985,0.915914,224984542
2011-05-16,1.899420,1.936810,1.878855,1.929332,0.920373,100084082
2011-05-17,1.931202,1.948027,1.882594,1.882594,0.898077,210620484
2011-05-18,1.899420,1.901289,1.851747,1.875116,0.894509,146842049
2011-05-19,1.886333,1.914376,1.851747,1.878855,0.896293,143344517
2011-05-20,1.875116,1.895681,1.807814,1.811553,0.864187,273262266
2011-05-23,1.717000,1.729000,1.687000,1.694000,0.845445,272109922
2011-05-24,1.700000,1.703000,1.654000,1.676000,0.836462,266060512
2011-05-25,1.658000,1.768000,1.654000,1.761000,0.878884,460818025
2011-05-26,1.770000,1.824000,1.717000,1.749000,0.872895,480275959
2011-05-27,1.781000,1.785000,1.746000,1.781000,0.888865,332518136
2011-05-30,1.800000,1.800000,1.753000,1.761000,0.878884,125300741
2011-05-31,1.782000,1.819000,1.780000,1.803000,0.899845,357125515
2011-06-01,1.804000,1.817000,1.743000,1.752000,0.874392,279037336
2011-06-02,1.720000,1.782000,1.717000,1.748000,0.872396,225455072
2011-06-03,1.730000,1.850000,1.730000,1.834000,0.915317,392889285
2011-06-06,1.833000,1.833000,1.764000,1.779000,0.887867,193330171
2011-06-07,1.773000,1.819000,1.769000,1.813000,0.904836,160591404
2011-06-08,1.805000,1.820000,1.770000,1.789000,0.892858,153187083
2011-06-09,1.780000,1.803000,1.753000,1.780000,0.888366,146721335
2011-06-10,1.771000,1.798000,1.744000,1.761000,0.878884,159547400
2011-06-13,1.759000,1.782000,1.754000,1.761000,0.878884,81172912
2011-06-14,1.786000,1.812000,1.772000,1.805000,0.900843,161101870
2011-06-15,1.786000,1.790000,1.716000,1.716000,0.856425,240710237
2011-06-16,1.695000,1.741000,1.661000,1.740000,0.868403,248855714
2011-06-17,1.740000,1.819000,1.720000,1.819000,0.907830,355488441
2011-06-20,1.771000,1.808000,1.753000,1.804000,0.900344,184771807
2011-06-21,1.815000,1.860000,1.804000,1.860000,0.928293,161407282
2011-06-22,1.867000,1.884000,1.840000,1.864000,0.930289,160659608
2011-06-23,1.849000,1.849000,1.779000,1.783000,0.889863,184276650
2011-06-24,1.815000,1.818000,1.654000,1.707000,0.851933,252566555
2011-06-27,1.693000,1.748000,1.686000,1.727000,0.861915,117113493
2011-06-28,1.742000,1.775000,1.692000,1.762000,0.879383,130435267
2011-06-29,1.773000,1.837000,1.768000,1.786000,0.891361,172530081
2011-06-30,1.797000,1.836000,1.773000,1.836000,0.916315,127359302
2011-07-01,1.836000,1.922000,1.823000,1.913000,0.954744,195784374
2011-07-04,1.909000,1.910000,1.872000,1.900000,0.948256,91901251
2011-07-05,1.891000,1.899000,1.850000,1.862000,0.929291,106288302
2011-07-06,1.845000,1.849000,1.746000,1.779000,0.887867,218440524
2011-07-07,1.795000,1.835000,1.733000,1.733000,0.864909,189090311
2011-07-08,1.751000,1.754000,1.632000,1.654000,0.825482,272233571
2011-07-11,1.630000,1.670000,1.501000,1.526000,0.761599,332529852
2011-07-12,1.487000,1.593000,1.414000,1.577000,0.787053,383155170
2011-07-13,1.570000,1.662000,1.561000,1.642000,0.819493,328063295
2011-07-14,1.621000,1.659000,1.578000,1.607000,0.802025,224317953
2011-07-15,1.597000,1.627000,1.565000,1.583000,0.790047,147166143
2011-07-18,1.573000,1.598000,1.472000,1.480000,0.738642,207434615
2011-07-19,1.490000,1.575000,1.489000,1.544000,0.770583,179605470
2011-07-20,1.565000,1.647000,1.537000,1.646000,0.821489,205332897
2011-07-21,1.648000,1.824000,1.617000,1.803000,0.899845,497461325
2011-07-22,1.850000,1.897000,1.737000,1.752000,0.874392,342273089
2011-07-25,1.723000,1.724000,1.594000,1.606000,0.801526,312848389
2011-07-26,1.633000,1.682000,1.597000,1.656000,0.826480,260532792
2011-07-27,1.611000,1.630000,1.542000,1.571000,0.784058,237731933
2011-07-28,1.540000,1.622000,1.516000,1.621000,0.809012,308629082
2011-07-29,1.590000,1.632000,1.559000,1.616000,0.806517,217009905
2011-08-01,1.684000,1.684000,1.483000,1.489000,0.743133,296049672
2011-08-02,1.467000,1.485000,1.411000,1.411000,0.704205,327440719
2011-08-03,1.367000,1.448000,1.341000,1.372000,0.684741,377327748
2011-08-04,1.420000,1.426000,1.230000,1.230000,0.613871,281168729
2011-08-05,1.194000,1.353000,1.135000,1.230000,0.613871,571478323
2011-08-08,1.340000,1.420000,1.272000,1.297000,0.647310,470002265
2011-08-09,1.300000,1.396000,1.273000,1.312000,0.654796,425965504
2011-08-10,1.370000,1.375000,1.132000,1.132000,0.564961,372402023
2011-08-11,1.169000,1.232000,1.065000,1.208000,0.602891,397365365
2011-08-12,1.219000,1.260000,1.162000,1.247000,0.622355,274143280
2011-08-16,1.250000,1.298000,1.235000,1.292000,0.644814,131776809
2011-08-17,1.268000,1.343000,1.261000,1.318000,0.657790,140877376
2011-08-18,1.292000,1.300000,1.175000,1.196000,0.596902,195489134
2011-08-19,1.184000,1.194000,1.125000,1.132000,0.564961,250410078
2011-08-22,1.121000,1.180000,1.101000,1.102000,0.549989,172726842
2011-08-23,1.125000,1.135000,1.065000,1.095000,0.546495,177919070
2011-08-24,1.110000,1.135000,1.080000,1.120000,0.558972,116867864
2011-08-25,1.142000,1.207000,1.130000,1.138000,0.567955,181626409
2011-08-26,1.138000,1.161000,1.100000,1.123000,0.560469,130525456
2011-08-29,1.153000,1.170000,1.135000,1.157000,0.577438,77513041
2011-08-30,1.174000,1.175000,1.126000,1.134000,0.565959,114070622
2011-08-31,1.138000,1.153000,1.111000,1.134000,0.565959,181182162
2011-09-01,1.140000,1.168000,1.130000,1.162000,0.579933,159247823
2011-09-02,1.138000,1.149000,1.105000,1.106000,0.551985,132797467
2011-09-05,1.074000,1.079000,1.007000,1.029000,0.513555,180306276
2011-09-06,1.025000,1.044000,0.950000,0.997000,0.497585,255735928
2011-09-07,1.041000,1.047000,1.011000,1.035000,0.516550,175451697
2011-09-08,1.044000,1.077000,1.034000,1.044000,0.521042,181068338
2011-09-09,1.032000,1.040000,0.959500,0.959500,0.478869,162413838
2011-09-12,0.929500,0.932500,0.864000,0.868000,0.433203,306542229
2011-09-13,0.910000,0.930500,0.853000,0.923000,0.460653,346579793
2011-09-14,0.903000,0.960000,0.895500,0.954000,0.476124,231404739
2011-09-15,0.959000,1.057000,0.954000,1.052000,0.525034,226711967
2011-09-16,1.080000,1.088000,1.005000,1.022000,0.510062,307292911
2011-09-19,0.980000,1.025000,0.965000,0.980000,0.489100,148988216
2011-09-20,0.954500,1.023000,0.954500,0.997000,0.497585,163716738
2011-09-21,1.005000,1.015000,0.964500,0.967000,0.482612,129118062
2011-09-22,0.928500,0.990000,0.925000,0.952500,0.475376,207047256
2011-09-23,0.972500,1.017000,0.937500,1.011000,0.504572,203221339
2011-09-26,0.996500,1.149000,0.990500,1.095000,0.546495,351934200
2011-09-27,1.149000,1.174000,1.124000,1.158000,0.577937,266384977
2011-09-28,1.133000,1.175000,1.123000,1.157000,0.577438,213082716
2011-09-29,1.150000,1.233000,1.148000,1.225000,0.611376,245297111
2011-09-30,1.215000,1.254000,1.173000,1.190000,0.593908,185616521
2011-10-03,1.150000,1.211000,1.124000,1.180000,0.588917,149511043
2011-10-04,1.154000,1.177000,1.095000,1.107000,0.552484,198226947
2011-10-05,1.130000,1.170000,1.105000,1.170000,0.583926,155413124
2011-10-06,1.180000,1.237000,1.168000,1.237000,0.617365,218728373
2011-10-07,1.242000,1.295000,1.232000,1.277000,0.637328,243541159
2011-10-10,1.300000,1.350000,1.280000,1.350000,0.673761,172211303
2011-10-11,1.351000,1.400000,1.298000,1.333000,0.665277,271445068
2011-10-12,1.321000,1.398000,1.318000,1.398000,0.697717,238964544
2011-10-13,1.394000,1.420000,1.278000,1.284000,0.640821,223734180
2011-10-14,1.292000,1.342000,1.252000,1.298000,0.647809,195478107
2011-10-17,1.325000,1.347000,1.203000,1.229000,0.613372,187204979
2011-10-18,1.211000,1.263000,1.208000,1.244000,0.620858,131234854
2011-10-19,1.270000,1.339000,1.253000,1.335000,0.666275,162158056
2011-10-20,1.310000,1.324000,1.196000,1.204000,0.600895,243234726
2011-10-21,1.232000,1.299000,1.226000,1.281000,0.639324,197258019
2011-10-24,1.303000,1.328000,1.245000,1.292000,0.644814,135276342
2011-10-25,1.286000,1.304000,1.249000,1.273000,0.635332,116219035
2011-10-26,1.273000,1.326000,1.261000,1.278000,0.637827,136957376
2011-10-27,1.354000,1.407000,1.342000,1.407000,0.702209,282819238
2011-10-28,1.410000,1.446000,1.362000,1.394000,0.695720,218373930
2011-10-31,1.375000,1.375000,1.291000,1.291000,0.644315,163117357
2011-11-01,1.240000,1.247000,1.084000,1.087000,0.542502,327416306
2011-11-02,1.128000,1.162000,1.072000,1.142000,0.569952,278346805
2011-11-03,1.091000,1.223000,1.081000,1.184000,0.590913,375260666
2011-11-04,1.200000,1.225000,1.100000,1.127000,0.562466,242369149
2011-11-07,1.110000,1.213000,1.090000,1.159000,0.578436,249231715
2011-11-08,1.173000,1.250000,1.168000,1.200000,0.598899,264395665
2011-11-09,1.250000,1.250000,1.106000,1.149000,0.573445,323260229
2011-11-10,1.119000,1.224000,1.117000,1.179000,0.588418,292192079
2011-11-11,1.193000,1.299000,1.192000,1.283000,0.640322,249218021
2011-11-14,1.350000,1.350000,1.218000,1.230000,0.613871,280803393
2011-11-15,1.220000,1.253000,1.174000,1.218000,0.607882,212142719
2011-11-16,1.207000,1.270000,1.201000,1.226000,0.611875,191469679
2011-11-17,1.217000,1.238000,1.188000,1.190000,0.593908,144150465
2011-11-18,1.175000,1.240000,1.170000,1.219000,0.608381,143012731
2011-11-21,1.213000,1.220000,1.150000,1.150000,0.573944,116801424
2011-11-22,1.164000,1.179000,1.111000,1.122000,0.559970,114924265
2011-11-23,1.101000,1.143000,1.080000,1.080000,0.539009,119064766
2011-11-24,1.093000,1.138000,1.076000,1.096000,0.546994,130820700
2011-11-25,1.104000,1.111000,1.053000,1.079000,0.538510,140996365
2011-11-28,1.103000,1.170000,1.085000,1.155000,0.576440,186543347
2011-11-29,1.167000,1.183000,1.130000,1.157000,0.577438,126995002
2011-11-30,1.140000,1.244000,1.135000,1.228000,0.612873,228435483
2011-12-01,1.238000,1.275000,1.229000,1.241000,0.619361,180938141
2011-12-02,1.262000,1.325000,1.258000,1.298000,0.647809,246207082
2011-12-05,1.349000,1.375000,1.331000,1.348000,0.672763,220549582
2011-12-06,1.329000,1.374000,1.317000,1.337000,0.667273,167388915
2011-12-07,1.380000,1.389000,1.262000,1.300000,0.648807,191782430
2011-12-08,1.320000,1.321000,1.177000,1.184000,0.590913,237452158
2011-12-09,1.182000,1.279000,1.173000,1.277000,0.637328,244272232
2011-12-12,1.261000,1.298000,1.203000,1.203000,0.600396,170570327
2011-12-13,1.214000,1.245000,1.190000,1.207000,0.602392,163620714
2011-12-14,1.222000,1.245000,1.185000,1.193000,0.595405,209238778
2011-12-15,1.211000,1.259000,1.197000,1.258000,0.627845,197721251
2011-12-16,1.262000,1.295000,1.216000,1.216000,0.606884,354229154
2011-12-19,1.218000,1.283000,1.215000,1.220000,0.608880,185389774
2011-12-20,1.228000,1.294000,1.226000,1.291000,0.644315,164939108
2011-12-21,1.311000,1.390000,1.286000,1.306000,0.651801,359909274
2011-12-22,1.330000,1.346000,1.313000,1.339000,0.668271,151963953
2011-12-23,1.360000,1.364000,1.300000,1.310000,0.653798,99712944
2011-12-27,1.314000,1.320000,1.259000,1.279000,0.638326,73932287
2011-12-28,1.278000,1.323000,1.271000,1.273000,0.635332,111896672
2011-12-29,1.283000,1.294000,1.262000,1.292000,0.644814,95020041
2011-12-30,1.306000,1.309000,1.277000,1.294000,0.645812,58817944
2012-01-02,1.290000,1.333000,1.288000,1.330000,0.663779,74459288
2012-01-03,1.340000,1.351000,1.314000,1.334000,0.665776,132349462
2012-01-04,1.326000,1.329000,1.273000,1.283000,0.640322,151796476
2012-01-05,1.283000,1.289000,1.185000,1.189000,0.593409,215819636
2012-01-06,1.187000,1.207000,1.130000,1.137000,0.567456,162045860
2012-01-09,1.144000,1.168000,1.093000,1.101000,0.549489,139731229
2012-01-10,1.126000,1.181000,1.114000,1.174000,0.585922,148129690
2012-01-11,1.180000,1.208000,1.166000,1.192000,0.594906,127757306
2012-01-12,1.195000,1.285000,1.195000,1.240000,0.618862,216491125
2012-01-13,1.270000,1.288000,1.210000,1.240000,0.618862,174001156
2012-01-16,1.206000,1.264000,1.190000,1.256000,0.626847,147205645
2012-01-17,1.288000,1.294000,1.251000,1.265000,0.631339,145875655
2012-01-18,1.262000,1.296000,1.242000,1.281000,0.639324,151175474
2012-01-19,1.300000,1.372000,1.294000,1.360000,0.678752,290488249
2012-01-20,1.360000,1.409000,1.353000,1.381000,0.689232,247214302
2012-01-23,1.406000,1.492000,1.392000,1.456000,0.726664,278789104
2012-01-24,1.445000,1.461000,1.416000,1.453000,0.725166,165797918
2012-01-25,1.467000,1.487000,1.418000,1.448000,0.722671,169899887
2012-01-26,1.457000,1.511000,1.456000,1.458000,0.727662,267194765
2012-01-27,1.450000,1.486000,1.412000,1.448000,0.722671,175943587
2012-01-30,1.440000,1.464000,1.390000,1.416000,0.706700,132238171
2012-01-31,1.439000,1.478000,1.417000,1.460000,0.728660,189166943
2012-02-01,1.468000,1.556000,1.460000,1.541000,0.769086,269519923
2012-02-02,1.560000,1.585000,1.526000,1.547000,0.772080,187678253
2012-02-03,1.540000,1.586000,1.532000,1.564000,0.780564,207585915
2012-02-06,1.560000,1.569000,1.524000,1.527000,0.762098,137522321
2012-02-07,1.550000,1.563000,1.523000,1.550000,0.773577,144221410
2012-02-08,1.569000,1.650000,1.565000,1.596000,0.796535,303895748
2012-02-09,1.620000,1.634000,1.571000,1.577000,0.787053,165349046
2012-02-10,1.561000,1.583000,1.510000,1.521000,0.759104,147375130
2012-02-13,1.544000,1.556000,1.486000,1.491000,0.744132,104435066
2012-02-14,1.484000,1.526000,1.471000,1.483000,0.740139,121888519
2012-02-15,1.510000,1.533000,1.485000,1.492000,0.744631,127700651
2012-02-16,1.471000,1.524000,1.460000,1.518000,0.757607,113991143
2012-02-17,1.548000,1.559000,1.532000,1.541000,0.769086,103061698
2012-02-20,1.555000,1.579000,1.540000,1.565000,0.781064,79792501
2012-02-21,1.578000,1.580000,1.511000,1.528000,0.762598,118871159
2012-02-22,1.530000,1.534000,1.479000,1.481000,0.739141,101645756
2012-02-23,1.473000,1.495000,1.418000,1.448000,0.722671,115052359
2012-02-24,1.455000,1.503000,1.441000,1.490000,0.743632,92881986
2012-02-27,1.469000,1.494000,1.427000,1.484000,0.740638,120373871
2012-02-28,1.490000,1.512000,1.441000,1.474000,0.735647,134092272
2012-02-29,1.481000,1.507000,1.458000,1.461000,0.729159,174812275
2012-03-01,1.456000,1.526000,1.443000,1.526000,0.761599,185654422
2012-03-02,1.529000,1.545000,1.491000,1.510000,0.753614,133334946
2012-03-05,1.498000,1.516000,1.472000,1.500000,0.748623,110120953
2012-03-06,1.489000,1.496000,1.426000,1.426000,0.711691,153859510
2012-03-07,1.421000,1.473000,1.417000,1.463000,0.730157,168107343
2012-03-08,1.488000,1.507000,1.472000,1.503000,0.750120,165532480
2012-03-09,1.511000,1.518000,1.453000,1.459000,0.728161,138090006
2012-03-12,1.452000,1.478000,1.426000,1.435000,0.716183,115862642
2012-03-13,1.456000,1.496000,1.452000,1.492000,0.744631,133592143
2012-03-14,1.520000,1.548000,1.487000,1.498000,0.747625,206637425
2012-03-15,1.505000,1.558000,1.441000,1.558000,0.777570,292988870
2012-03-16,1.580000,1.585000,1.549000,1.564000,0.780564,259835068
2012-03-19,1.551000,1.563000,1.528000,1.551000,0.774076,125574164
2012-03-20,1.543000,1.550000,1.523000,1.523000,0.760102,98708429
2012-03-21,1.532000,1.543000,1.471000,1.493000,0.745130,128830346
2012-03-22,1.490000,1.494000,1.444000,1.460000,0.728660,131871009
2012-03-23,1.467000,1.480000,1.435000,1.477000,0.737144,152924561
2012-03-26,1.482000,1.490000,1.438000,1.460000,0.728660,127977025
2012-03-27,1.470000,1.483000,1.425000,1.435000,0.716183,139922907
2012-03-28,1.427000,1.444000,1.413000,1.425000,0.711192,133794829
2012-03-29,1.412000,1.445000,1.342000,1.349000,0.673262,192835439
2012-03-30,1.362000,1.367000,1.311000,1.344000,0.670766,180094255
2012-04-02,1.357000,1.357000,1.293000,1.332000,0.664777,159369112
2012-04-03,1.327000,1.338000,1.269000,1.269000,0.633335,176284696
2012-04-04,1.259000,1.294000,1.235000,1.247000,0.622355,233331227
2012-04-05,1.250000,1.263000,1.208000,1.235000,0.616366,186410627
2012-04-10,1.207000,1.216000,1.133000,1.137000,0.567456,204087281
2012-04-11,1.139000,1.222000,1.137000,1.199000,0.598400,254252817
2012-04-12,1.214000,1.225000,1.166000,1.222000,0.609878,196718208
2012-04-13,1.210000,1.222000,1.153000,1.163000,0.580433,200812223
2012-04-16,1.154000,1.188000,1.136000,1.153000,0.575442,146164582
2012-04-17,1.156000,1.246000,1.151000,1.246000,0.621856,191153071
2012-04-18,1.246000,1.246000,1.181000,1.181000,0.589416,158940822
2012-04-19,1.189000,1.208000,1.136000,1.143000,0.570451,202373728
2012-04-20,1.141000,1.170000,1.115000,1.144000,0.570950,204754884
2012-04-23,1.126000,1.129000,1.070000,1.072000,0.535016,193398208
2012-04-24,1.084000,1.117000,1.060000,1.115000,0.556477,174441556
2012-04-25,1.121000,1.182000,1.121000,1.157000,0.577438,193959610
2012-04-26,1.158000,1.180000,1.122000,1.146000,0.571948,162127658
2012-04-27,1.121000,1.177000,1.101000,1.166000,0.581930,170646607
2012-04-30,1.175000,1.186000,1.140000,1.143000,0.570451,107205972
2012-05-02,1.165000,1.173000,1.084000,1.090000,0.543999,195635952
2012-05-03,1.100000,1.120000,1.050000,1.056000,0.527031,186272299
2012-05-04,1.059000,1.096000,1.041000,1.051000,0.524535,170873594
2012-05-07,1.016000,1.097000,1.005000,1.092000,0.544998,134148884
2012-05-08,1.079000,1.101000,1.048000,1.053000,0.525534,168947870
2012-05-09,1.058000,1.070000,1.005000,1.023000,0.510561,186033516
2012-05-10,1.040000,1.102000,1.021000,1.087000,0.542502,209407877
2012-05-11,1.069000,1.084000,1.046000,1.071000,0.534517,153230636
2012-05-14,1.052000,1.056000,1.018000,1.033000,0.515552,124790480
2012-05-15,1.040000,1.066000,0.956500,0.976500,0.487354,238478969
2012-05-16,0.967500,1.026000,0.942000,0.996500,0.497335,261989547
2012-05-17,1.004000,1.010000,0.945000,0.991000,0.494590,219700802
2012-05-18,0.972000,1.034000,0.964000,0.997500,0.497834,253887493
2012-05-21,1.005000,1.031000,0.985000,1.024000,0.511060,158098134
2012-05-22,1.043000,1.077000,1.033000,1.071000,0.534517,197506966
2012-05-23,1.047000,1.058000,1.015000,1.024000,0.511060,160527430
2012-05-24,1.037000,1.038000,1.000000,1.025000,0.511559,162597680
2012-05-25,1.033000,1.048000,1.023000,1.033000,0.515552,150513488
2012-05-28,1.043000,1.050000,1.013000,1.016000,0.507068,106140553
2012-05-29,1.025000,1.028000,0.993500,1.010000,0.504073,139659418
2012-05-30,0.994000,1.048000,0.982500,1.002000,0.500080,201741080
2012-05-31,1.005000,1.015000,0.993500,1.003000,0.500579,130247733
2012-06-01,1.007000,1.016000,0.982000,0.997500,0.497834,228623578
2012-06-04,0.984000,1.064000,0.981000,1.055000,0.526532,177531808
2012-06-05,1.069000,1.083000,1.048000,1.069000,0.533519,149182009
2012-06-06,1.079000,1.129000,1.071000,1.126000,0.561966,251416321
2012-06-07,1.121000,1.154000,1.114000,1.132000,0.564961,320453506
2012-06-08,1.107000,1.116000,1.083000,1.098000,0.547992,235362103
2012-06-11,1.151000,1.153000,1.030000,1.033000,0.515552,459863837
2012-06-12,1.010000,1.047000,0.985000,0.994500,0.496337,415521207
2012-06-13,1.000000,1.022000,0.987000,0.993500,0.495838,221238966
2012-06-14,0.998500,1.024000,0.978000,1.022000,0.510062,194098690
2012-06-15,1.031000,1.060000,1.027000,1.059000,0.528528,258083871
2012-06-18,1.064000,1.066000,0.976000,0.983000,0.514909,281268310
2012-06-19,0.988000,1.032000,0.959500,1.030000,0.539528,244842958
2012-06-20,1.032000,1.058000,1.022000,1.050000,0.550004,172457832
2012-06-21,1.036000,1.078000,1.031000,1.049000,0.549480,348834104
2012-06-22,1.035000,1.076000,1.028000,1.037000,0.543195,289416088
2012-06-25,1.032000,1.043000,0.969000,0.969500,0.507837,161709751
2012-06-26,0.967500,0.997000,0.954500,0.962000,0.503909,152556476
2012-06-27,0.973000,0.996000,0.962500,0.993000,0.520147,122404351
2012-06-28,0.995000,1.012000,0.973000,1.002000,0.524861,190242333
2012-06-29,1.062000,1.120000,1.042000,1.118000,0.585624,337316263
2012-07-02,1.120000,1.139000,1.093000,1.102000,0.577243,241475391
2012-07-03,1.107000,1.132000,1.104000,1.127000,0.590338,165322752
2012-07-04,1.126000,1.131000,1.084000,1.092000,0.572004,138581176
2012-07-05,1.098000,1.103000,1.012000,1.044000,0.546862,291724014
2012-07-06,1.032000,1.058000,1.012000,1.012000,0.530099,158135043
2012-07-09,1.013000,1.038000,1.002000,1.030000,0.539528,121152331
2012-07-10,1.034000,1.052000,1.013000,1.020000,0.534290,136980176
2012-07-11,1.015000,1.045000,1.011000,1.042000,0.545814,118891866
2012-07-12,1.032000,1.045000,1.012000,1.024000,0.536385,106617345
2012-07-13,1.026000,1.027000,1.002000,1.022000,0.535337,125351206
2012-07-16,1.015000,1.024000,0.995500,1.008000,0.528004,77586300
2012-07-17,1.008000,1.012000,0.972000,0.977000,0.511766,160418862
2012-07-18,0.982500,1.002000,0.961500,0.996500,0.521980,145125115
2012-07-19,1.001000,1.005000,0.977500,1.003000,0.525385,141948453
2012-07-20,0.995000,0.998000,0.924000,0.937500,0.491075,204305281
2012-07-23,0.916000,0.948000,0.853500,0.921000,0.482432,293499061
2012-07-24,0.925000,0.929000,0.873000,0.879000,0.460432,142207712
2012-07-25,0.873500,0.919000,0.870500,0.891500,0.466980,115442936
2012-07-26,0.897500,0.973500,0.877500,0.970000,0.508099,191075319
2012-07-27,0.977000,1.000000,0.953000,0.990500,0.518837,180520950
2012-07-30,1.000000,1.060000,0.997000,1.056000,0.553147,171497234
2012-07-31,1.056000,1.069000,1.012000,1.033000,0.541099,139091863
2012-08-01,1.030000,1.050000,1.021000,1.038000,0.543719,97710477
2012-08-02,1.031000,1.083000,0.938000,0.938000,0.491337,223292208
2012-08-03,0.958000,1.056000,0.929000,1.056000,0.553147,218642911
2012-08-06,1.056000,1.119000,1.046000,1.096000,0.574100,257688169
2012-08-07,1.092000,1.122000,1.067000,1.116000,0.584576,172165577
2012-08-08,1.116000,1.137000,1.103000,1.125000,0.589290,118551306
2012-08-09,1.136000,1.148000,1.121000,1.121000,0.587195,124431138
2012-08-10,1.113000,1.121000,1.091000,1.093000,0.572528,72482026
2012-08-13,1.097000,1.122000,1.094000,1.102000,0.577243,75246065
2012-08-14,1.109000,1.120000,1.106000,1.111000,0.581957,59378051
2012-08-16,1.117000,1.173000,1.113000,1.162000,0.608671,143693899
2012-08-17,1.186000,1.210000,1.170000,1.174000,0.614957,159895826
2012-08-20,1.176000,1.228000,1.146000,1.179000,0.617576,159032643
2012-08-21,1.192000,1.245000,1.191000,1.239000,0.649005,127459770
2012-08-22,1.236000,1.282000,1.230000,1.247000,0.653196,167655928
2012-08-23,1.268000,1.284000,1.205000,1.207000,0.632243,151783812
2012-08-24,1.200000,1.216000,1.169000,1.190000,0.623338,132642372
2012-08-27,1.196000,1.226000,1.187000,1.226000,0.642195,95949245
2012-08-28,1.219000,1.247000,1.213000,1.221000,0.639577,98583138
2012-08-29,1.226000,1.231000,1.205000,1.212000,0.634862,67265233
2012-08-30,1.212000,1.225000,1.196000,1.201000,0.629100,68976280
2012-08-31,1.203000,1.250000,1.200000,1.250000,0.654767,138957547
2012-09-03,1.250000,1.265000,1.243000,1.261000,0.660529,106067147
2012-09-04,1.267000,1.288000,1.253000,1.256000,0.657910,130007709
2012-09-05,1.258000,1.272000,1.233000,1.261000,0.660529,125293740
2012-09-06,1.271000,1.354000,1.261000,1.336000,0.699815,361453276
2012-09-07,1.364000,1.402000,1.342000,1.356000,0.710291,313107920
2012-09-10,1.359000,1.369000,1.334000,1.345000,0.704529,117988396
2012-09-11,1.328000,1.358000,1.305000,1.358000,0.711339,174255653
2012-09-12,1.360000,1.382000,1.340000,1.365000,0.715006,267077209
2012-09-13,1.373000,1.375000,1.310000,1.333000,0.698244,124617823
2012-09-14,1.368000,1.378000,1.346000,1.353000,0.708720,160971242
2012-09-17,1.336000,1.346000,1.321000,1.344000,0.704006,108491632
2012-09-18,1.331000,1.334000,1.263000,1.265000,0.662624,254346557
2012-09-19,1.273000,1.289000,1.238000,1.268000,0.664196,204722892
2012-09-20,1.250000,1.266000,1.205000,1.225000,0.641672,181881540
2012-09-21,1.240000,1.264000,1.224000,1.256000,0.657910,184338391
2012-09-24,1.241000,1.257000,1.226000,1.248000,0.653719,93833791
2012-09-25,1.250000,1.285000,1.232000,1.281000,0.671005,137748731
2012-09-26,1.259000,1.262000,1.203000,1.221000,0.639577,180635533
2012-09-27,1.230000,1.239000,1.207000,1.221000,0.639577,145302015
2012-09-28,1.231000,1.240000,1.183000,1.183000,0.619672,161432306
2012-10-01,1.179000,1.235000,1.177000,1.235000,0.646910,135855605
2012-10-02,1.226000,1.262000,1.214000,1.234000,0.646386,148794206
2012-10-03,1.225000,1.257000,1.224000,1.244000,0.651624,129256244
2012-10-04,1.256000,1.268000,1.245000,1.257000,0.658434,161125086
2012-10-05,1.268000,1.301000,1.259000,1.298000,0.679910,168643406
2012-10-08,1.280000,1.285000,1.254000,1.256000,0.657910,122835646
2012-10-09,1.257000,1.279000,1.242000,1.246000,0.652672,150274715
2012-10-10,1.238000,1.250000,1.225000,1.235000,0.646910,116576760
2012-10-11,1.225000,1.285000,1.217000,1.278000,0.669434,186894784
2012-10-12,1.273000,1.293000,1.267000,1.267000,0.663672,185906135
2012-10-15,1.269000,1.288000,1.263000,1.268000,0.664196,126314055
2012-10-16,1.283000,1.323000,1.280000,1.323000,0.693005,234269205
2012-10-17,1.335000,1.362000,1.328000,1.360000,0.712386,237519254
2012-10-18,1.368000,1.369000,1.322000,1.350000,0.707148,222438337
2012-10-19,1.347000,1.354000,1.303000,1.307000,0.684624,181403062
2012-10-22,1.311000,1.335000,1.293000,1.310000,0.686196,166358307
2012-10-23,1.318000,1.322000,1.278000,1.282000,0.671529,179759834
2012-10-24,1.286000,1.300000,1.264000,1.293000,0.677291,167951032
2012-10-25,1.295000,1.313000,1.265000,1.267000,0.663672,168977964
2012-10-26,1.253000,1.280000,1.244000,1.272000,0.666291,162592723
2012-10-29,1.257000,1.260000,1.232000,1.238000,0.648481,95159802
2012-10-30,1.245000,1.256000,1.237000,1.250000,0.654767,69222135
2012-10-31,1.257000,1.266000,1.239000,1.239000,0.649005,105342585
2012-11-01,1.235000,1.273000,1.226000,1.273000,0.666815,96936814
2012-11-02,1.274000,1.280000,1.254000,1.265000,0.662624,101928879
2012-11-05,1.252000,1.258000,1.230000,1.238000,0.648481,87977680
2012-11-06,1.240000,1.254000,1.235000,1.254000,0.656862,74594947
2012-11-07,1.267000,1.272000,1.211000,1.212000,0.634862,146353487
2012-11-08,1.223000,1.233000,1.201000,1.218000,0.638005,131289252
2012-11-09,1.213000,1.222000,1.182000,1.210000,0.633815,143222305
2012-11-12,1.203000,1.213000,1.190000,1.194000,0.625433,103989802
2012-11-13,1.186000,1.259000,1.185000,1.256000,0.657910,220933908
2012-11-14,1.247000,1.252000,1.221000,1.234000,0.646386,126211678
2012-11-15,1.220000,1.234000,1.216000,1.224000,0.641148,136187893
2012-11-16,1.228000,1.233000,1.184000,1.185000,0.620719,148140402
2012-11-19,1.200000,1.237000,1.195000,1.233000,0.645862,117656360
2012-11-20,1.220000,1.229000,1.202000,1.220000,0.639053,109299258
2012-11-21,1.208000,1.259000,1.205000,1.249000,0.654243,145381178
2012-11-22,1.255000,1.267000,1.246000,1.259000,0.659481,76479565
2012-11-23,1.262000,1.275000,1.246000,1.272000,0.666291,94381867
2012-11-26,1.268000,1.274000,1.253000,1.258000,0.658957,82421375
2012-11-27,1.270000,1.276000,1.248000,1.258000,0.658957,99356379
2012-11-28,1.252000,1.258000,1.226000,1.247000,0.653196,123255775
2012-11-29,1.264000,1.304000,1.258000,1.299000,0.680434,206380502
2012-11-30,1.299000,1.308000,1.289000,1.294000,0.677815,120458529
2012-12-03,1.299000,1.338000,1.295000,1.306000,0.684101,167541562
2012-12-04,1.309000,1.337000,1.307000,1.326000,0.694577,133980799
2012-12-05,1.339000,1.357000,1.296000,1.312000,0.687244,198870558
2012-12-06,1.325000,1.339000,1.272000,1.294000,0.677815,205305078
2012-12-07,1.296000,1.303000,1.266000,1.282000,0.671529,149855576
2012-12-10,1.230000,1.231000,1.188000,1.216000,0.636957,273393633
2012-12-11,1.223000,1.247000,1.198000,1.234000,0.646386,155714838
2012-12-12,1.235000,1.264000,1.234000,1.260000,0.660005,145158648
2012-12-13,1.268000,1.283000,1.260000,1.274000,0.667339,140804908
2012-12-14,1.277000,1.283000,1.263000,1.276000,0.668386,106055877
2012-12-17,1.281000,1.288000,1.261000,1.284000,0.672577,103474743
2012-12-18,1.290000,1.312000,1.288000,1.308000,0.685148,179494923
2012-12-19,1.316000,1.330000,1.305000,1.312000,0.687244,214007755
2012-12-20,1.300000,1.319000,1.297000,1.312000,0.687244,122706925
2012-12-21,1.297000,1.309000,1.287000,1.295000,0.678339,138914232
2012-12-27,1.300000,1.330000,1.295000,1.313000,0.687767,109049429
2012-12-28,1.323000,1.324000,1.298000,1.300000,0.680958,101758711
2013-01-02,1.338000,1.375000,1.331000,1.375000,0.720244,234660990
2013-01-03,1.374000,1.384000,1.367000,1.372000,0.718672,145772978
2013-01-04,1.372000,1.384000,1.366000,1.382000,0.723910,170088318
2013-01-07,1.390000,1.447000,1.389000,1.404000,0.735434,207785897
2013-01-08,1.386000,1.425000,1.374000,1.403000,0.734911,203952729
2013-01-09,1.415000,1.448000,1.414000,1.438000,0.753244,224820926
2013-01-10,1.449000,1.500000,1.427000,1.480000,0.775244,315378563
2013-01-11,1.490000,1.502000,1.464000,1.491000,0.781006,226094167
2013-01-14,1.499000,1.505000,1.455000,1.473000,0.771578,200485723
2013-01-15,1.470000,1.503000,1.462000,1.496000,0.783625,210636497
2013-01-16,1.492000,1.493000,1.442000,1.465000,0.767387,205824925
2013-01-17,1.468000,1.492000,1.464000,1.490000,0.780482,154789341
2013-01-18,1.509000,1.510000,1.492000,1.507000,0.789387,181657125
2013-01-21,1.508000,1.517000,1.501000,1.506000,0.788863,87112875
2013-01-22,1.504000,1.510000,1.469000,1.502000,0.786768,149692091
2013-01-23,1.508000,1.509000,1.458000,1.463000,0.766339,188970192
2013-01-24,1.458000,1.505000,1.446000,1.499000,0.785197,167598576
2013-01-25,1.499000,1.514000,1.476000,1.486000,0.778387,224153581
2013-01-28,1.492000,1.525000,1.484000,1.525000,0.798816,201746393
2013-01-29,1.520000,1.531000,1.502000,1.524000,0.798292,199790664
2013-01-30,1.530000,1.542000,1.491000,1.499000,0.785197,157358822
2013-01-31,1.500000,1.513000,1.454000,1.502000,0.786768,193150675
2013-02-01,1.499000,1.514000,1.446000,1.458000,0.763720,204244832
2013-02-04,1.458000,1.458000,1.376000,1.380000,0.722863,187800729
2013-02-05,1.374000,1.435000,1.370000,1.409000,0.738053,170944515
2013-02-06,1.409000,1.424000,1.352000,1.386000,0.726006,221677350
2013-02-07,1.386000,1.410000,1.367000,1.367000,0.716053,131961816
2013-02-08,1.376000,1.403000,1.362000,1.399000,0.732815,116740123
2013-02-11,1.393000,1.407000,1.374000,1.378000,0.721815,87273606
2013-02-12,1.375000,1.412000,1.366000,1.410000,0.738577,114288221
2013-02-13,1.412000,1.415000,1.394000,1.407000,0.737006,104679554
2013-02-14,1.407000,1.410000,1.372000,1.384000,0.724958,136665488
2013-02-15,1.375000,1.390000,1.362000,1.374000,0.719720,108550292
2013-02-18,1.369000,1.369000,1.352000,1.364000,0.714482,73838253
2013-02-19,1.357000,1.397000,1.356000,1.393000,0.729672,113353284
2013-02-20,1.388000,1.401000,1.373000,1.376000,0.720768,109871098
2013-02-21,1.362000,1.362000,1.311000,1.320000,0.691434,172794641
2013-02-22,1.325000,1.349000,1.322000,1.345000,0.704529,123956566
2013-02-25,1.350000,1.434000,1.333000,1.356000,0.710291,281717275
2013-02-26,1.215000,1.269000,1.190000,1.233000,0.645862,375182275
2013-02-27,1.255000,1.259000,1.226000,1.256000,0.657910,127020626
2013-02-28,1.266000,1.267000,1.230000,1.243000,0.651100,149501713
2013-03-01,1.233000,1.247000,1.200000,1.241000,0.650053,164870606
2013-03-04,1.214000,1.222000,1.195000,1.201000,0.629100,130568038
2013-03-05,1.222000,1.255000,1.220000,1.255000,0.657386,144909097
2013-03-06,1.255000,1.294000,1.247000,1.262000,0.661053,165073059
2013-03-07,1.270000,1.276000,1.242000,1.243000,0.651100,119143592
2013-03-08,1.254000,1.270000,1.247000,1.264000,0.662100,116660897
2013-03-11,1.240000,1.261000,1.235000,1.255000,0.657386,81727002
2013-03-12,1.260000,1.278000,1.243000,1.260000,0.660005,149274085
2013-03-13,1.256000,1.277000,1.216000,1.231000,0.644815,154314680
2013-03-14,1.240000,1.259000,1.221000,1.252000,0.655815,120416971
2013-03-15,1.256000,1.258000,1.230000,1.231000,0.644815,167817149
2013-03-18,1.189000,1.206000,1.167000,1.200000,0.628576,190931755
2013-03-19,1.198000,1.209000,1.156000,1.166000,0.610767,157134340
2013-03-20,1.177000,1.209000,1.165000,1.206000,0.631719,180340635
2013-03-21,1.202000,1.225000,1.197000,1.213000,0.635386,158894276
2013-03-22,1.211000,1.240000,1.199000,1.223000,0.640624,148150791
2013-03-25,1.246000,1.253000,1.134000,1.147000,0.600814,269305503
2013-03-26,1.157000,1.167000,1.110000,1.124000,0.588767,285983370
2013-03-27,1.130000,1.152000,1.088000,1.134000,0.594005,255122708
2013-03-28,1.138000,1.179000,1.127000,1.142000,0.598195,199755118
2013-04-02,1.134000,1.165000,1.121000,1.165000,0.610243,124006537
2013-04-03,1.156000,1.164000,1.132000,1.133000,0.593481,129649071
2013-04-04,1.138000,1.163000,1.117000,1.126000,0.589814,185784357
2013-04-05,1.126000,1.154000,1.126000,1.150000,0.602386,180404519
2013-04-08,1.147000,1.178000,1.147000,1.166000,0.610767,136115261
2013-04-09,1.178000,1.219000,1.175000,1.208000,0.632767,186409259
2013-04-10,1.219000,1.262000,1.216000,1.262000,0.661053,182172172
2013-04-11,1.260000,1.272000,1.245000,1.264000,0.662100,163457225
2013-04-12,1.255000,1.259000,1.233000,1.241000,0.650053,130906546
2013-04-15,1.243000,1.263000,1.227000,1.251000,0.655291,138323639
2013-04-16,1.242000,1.265000,1.235000,1.241000,0.650053,119831616
2013-04-17,1.259000,1.263000,1.235000,1.250000,0.654767,180180106
2013-04-18,1.253000,1.272000,1.246000,1.258000,0.658957,185844145
2013-04-19,1.281000,1.309000,1.268000,1.294000,0.677815,263553283
2013-04-22,1.322000,1.338000,1.296000,1.317000,0.689863,177404547
2013-04-23,1.317000,1.359000,1.300000,1.359000,0.711863,234711279
2013-04-24,1.360000,1.378000,1.336000,1.358000,0.711339,194373922
2013-04-25,1.358000,1.373000,1.347000,1.358000,0.711339,103281107
2013-04-26,1.352000,1.365000,1.339000,1.358000,0.711339,101239908
2013-04-29,1.380000,1.401000,1.377000,1.394000,0.730196,144642504
2013-04-30,1.410000,1.415000,1.377000,1.377000,0.721291,130910118
2013-05-02,1.376000,1.406000,1.334000,1.374000,0.719720,197214815
2013-05-03,1.384000,1.386000,1.361000,1.386000,0.726006,116866236
2013-05-06,1.391000,1.392000,1.369000,1.376000,0.720768,71117114
2013-05-07,1.386000,1.407000,1.378000,1.399000,0.732815,138478688
2013-05-08,1.403000,1.413000,1.383000,1.394000,0.730196,118087397
2013-05-09,1.389000,1.393000,1.367000,1.370000,0.717625,99075453
2013-05-10,1.374000,1.405000,1.373000,1.403000,0.734911,183673086
2013-05-13,1.400000,1.409000,1.377000,1.386000,0.726006,93658676
2013-05-14,1.399000,1.424000,1.374000,1.412000,0.739625,173831214
2013-05-15,1.412000,1.462000,1.404000,1.460000,0.764768,185218017
2013-05-16,1.455000,1.483000,1.451000,1.470000,0.770006,167726551
2013-05-17,1.459000,1.485000,1.456000,1.477000,0.773673,174132019
2013-05-20,1.453000,1.468000,1.448000,1.457000,0.789938,132752372
2013-05-21,1.448000,1.461000,1.415000,1.424000,0.772046,152433307
2013-05-22,1.432000,1.469000,1.430000,1.461000,0.792106,173198948
2013-05-23,1.410000,1.427000,1.394000,1.398000,0.757950,193888671
2013-05-24,1.411000,1.417000,1.383000,1.383000,0.749817,126022181
2013-05-27,1.392000,1.408000,1.391000,1.405000,0.761745,47458230
2013-05-28,1.415000,1.461000,1.415000,1.459000,0.791022,165111630
2013-05-29,1.445000,1.458000,1.428000,1.428000,0.774215,120434890
2013-05-30,1.425000,1.469000,1.422000,1.456000,0.789396,142692585
2013-05-31,1.461000,1.462000,1.432000,1.459000,0.791022,126585675
2013-06-03,1.441000,1.454000,1.430000,1.430000,0.775299,142432211
2013-06-04,1.444000,1.456000,1.435000,1.449000,0.785600,97482064
2013-06-05,1.436000,1.457000,1.425000,1.425000,0.772588,121915494
2013-06-06,1.431000,1.435000,1.361000,1.361000,0.737890,163471085
2013-06-07,1.369000,1.402000,1.346000,1.402000,0.760119,156453841
2013-06-10,1.399000,1.414000,1.350000,1.361000,0.737890,137067084
2013-06-11,1.352000,1.360000,1.293000,1.322000,0.716745,185669365
2013-06-12,1.320000,1.336000,1.282000,1.291000,0.699938,133096898
2013-06-13,1.272000,1.332000,1.265000,1.324000,0.717830,161833725
2013-06-14,1.338000,1.344000,1.313000,1.336000,0.724335,107150029
2013-06-17,1.349000,1.360000,1.323000,1.349000,0.731384,85380196
2013-06-18,1.347000,1.367000,1.340000,1.350000,0.731926,88953074
2013-06-19,1.358000,1.364000,1.325000,1.325000,0.718372,101448493
2013-06-20,1.297000,1.311000,1.260000,1.264000,0.685300,186597645
2013-06-21,1.261000,1.281000,1.217000,1.217000,0.659818,213041371
2013-06-24,1.219000,1.260000,1.192000,1.232000,0.667950,193102238
2013-06-25,1.256000,1.263000,1.215000,1.226000,0.664697,148380190
2013-06-26,1.230000,1.273000,1.212000,1.269000,0.688010,146551992
2013-06-27,1.275000,1.284000,1.247000,1.258000,0.682046,112580174
2013-06-28,1.264000,1.273000,1.219000,1.231000,0.667408,121465080
2013-07-01,1.239000,1.260000,1.211000,1.240000,0.672287,107083379
2013-07-02,1.245000,1.245000,1.221000,1.223000,0.663071,74462103
2013-07-03,1.209000,1.229000,1.172000,1.229000,0.666324,160357753
2013-07-04,1.235000,1.300000,1.226000,1.300000,0.704817,161885332
2013-07-05,1.303000,1.329000,1.271000,1.271000,0.689095,166309206
2013-07-08,1.285000,1.300000,1.271000,1.300000,0.704817,81423781
2013-07-09,1.306000,1.324000,1.290000,1.310000,0.710239,121779460
2013-07-10,1.300000,1.315000,1.280000,1.283000,0.695601,121003045
2013-07-11,1.310000,1.313000,1.279000,1.288000,0.698312,101834340
2013-07-12,1.294000,1.304000,1.258000,1.259000,0.682589,110022401
2013-07-15,1.266000,1.278000,1.250000,1.278000,0.692890,78471396
2013-07-16,1.280000,1.285000,1.262000,1.263000,0.684757,65114457
2013-07-17,1.269000,1.294000,1.259000,1.273000,0.690179,107507107
2013-07-18,1.273000,1.329000,1.267000,1.320000,0.715661,130679058
2013-07-19,1.321000,1.359000,1.317000,1.347000,0.730299,119460198
2013-07-22,1.347000,1.377000,1.346000,1.370000,0.742769,78019264
2013-07-23,1.376000,1.409000,1.375000,1.383000,0.749817,117348331
2013-07-24,1.384000,1.413000,1.383000,1.405000,0.761745,98817350
2013-07-25,1.404000,1.412000,1.381000,1.406000,0.762287,77742282
2013-07-26,1.411000,1.421000,1.395000,1.398000,0.757950,81259533
2013-07-29,1.402000,1.409000,1.382000,1.394000,0.755781,63661716
2013-07-30,1.400000,1.434000,1.391000,1.433000,0.776926,89756424
2013-07-31,1.430000,1.433000,1.415000,1.426000,0.773130,72541104
2013-08-01,1.433000,1.463000,1.432000,1.459000,0.791022,115314812
2013-08-02,1.453000,1.476000,1.394000,1.430000,0.775299,192421761
2013-08-05,1.429000,1.432000,1.396000,1.414000,0.766624,84414047
2013-08-06,1.417000,1.429000,1.399000,1.404000,0.761203,117601547
2013-08-07,1.403000,1.440000,1.398000,1.432000,0.776384,91108714
2013-08-08,1.437000,1.480000,1.436000,1.480000,0.802408,122750246
2013-08-09,1.486000,1.502000,1.468000,1.494000,0.809998,139169719
2013-08-12,1.496000,1.500000,1.475000,1.489000,0.807287,80900265
2013-08-13,1.496000,1.500000,1.480000,1.491000,0.808371,94061807
2013-08-14,1.500000,1.500000,1.480000,1.500000,0.813251,79470865
2013-08-16,1.492000,1.596000,1.490000,1.596000,0.865299,246145636
2013-08-19,1.600000,1.617000,1.530000,1.530000,0.829516,176429076
2013-08-20,1.525000,1.527000,1.489000,1.520000,0.824094,158844897
2013-08-21,1.523000,1.543000,1.492000,1.514000,0.820841,132417474
2013-08-22,1.515000,1.572000,1.515000,1.568000,0.850118,129365945
2013-08-23,1.573000,1.574000,1.536000,1.563000,0.847407,133042695
2013-08-26,1.560000,1.560000,1.498000,1.511000,0.819215,125405067
2013-08-27,1.500000,1.516000,1.436000,1.445000,0.783432,184070385
2013-08-28,1.443000,1.473000,1.427000,1.460000,0.791564,144836475
2013-08-29,1.475000,1.502000,1.468000,1.498000,0.812167,136716287
2013-08-30,1.499000,1.515000,1.485000,1.485000,0.805119,130787838
2013-09-02,1.506000,1.539000,1.504000,1.536000,0.832769,97637881
2013-09-03,1.541000,1.555000,1.511000,1.531000,0.830058,122808602
2013-09-04,1.528000,1.536000,1.484000,1.508000,0.817588,121676629
2013-09-05,1.519000,1.528000,1.487000,1.515000,0.821383,118248063
2013-09-06,1.509000,1.544000,1.488000,1.536000,0.832769,161714740
2013-09-09,1.534000,1.574000,1.531000,1.569000,0.850660,168911024
2013-09-10,1.579000,1.607000,1.556000,1.607000,0.871263,253100945
2013-09-11,1.612000,1.639000,1.611000,1.635000,0.886444,197895494
2013-09-12,1.634000,1.654000,1.611000,1.621000,0.878853,124390736
2013-09-13,1.617000,1.618000,1.591000,1.614000,0.875058,79926411
2013-09-16,1.638000,1.643000,1.617000,1.630000,0.883733,95236926
2013-09-17,1.629000,1.631000,1.603000,1.623000,0.879937,97659060
2013-09-18,1.623000,1.653000,1.612000,1.645000,0.891865,137300848
2013-09-19,1.686000,1.709000,1.682000,1.705000,0.924395,251813763
2013-09-20,1.710000,1.719000,1.683000,1.689000,0.915721,156011264
2013-09-23,1.692000,1.711000,1.683000,1.690000,0.916263,103461006
2013-09-24,1.704000,1.706000,1.686000,1.697000,0.920058,110447260
2013-09-25,1.685000,1.692000,1.663000,1.668000,0.904335,146737494
2013-09-26,1.665000,1.666000,1.591000,1.605000,0.870179,240625426
2013-09-27,1.606000,1.618000,1.577000,1.581000,0.857167,154835305
2013-09-30,1.525000,1.537000,1.492000,1.525000,0.826805,224784123
2013-10-01,1.612000,1.627000,1.534000,1.612000,0.873974,198937313
2013-10-02,1.688000,1.690000,1.610000,1.688000,0.915178,375451292
2013-10-03,1.674000,1.706000,1.668000,1.674000,0.907588,144715143
2013-10-04,1.687000,1.719000,1.673000,1.687000,0.914636,196303330
2013-10-07,1.713000,1.722000,1.672000,1.713000,0.928733,142730165
2013-10-08,1.703000,1.738000,1.702000,1.703000,0.923311,212078219
2013-10-09,1.744000,1.751000,1.697000,1.744000,0.945540,187526073
2013-10-10,1.782000,1.823000,1.760000,1.782000,0.966142,276276772
2013-10-11,1.777000,1.810000,1.751000,1.777000,0.963431,189681655
2013-10-14,1.769000,1.789000,1.751000,1.769000,0.959094,103254101
2013-10-15,1.777000,1.787000,1.756000,1.766000,0.957467,132269730
2013-10-16,1.766000,1.840000,1.762000,1.825000,0.989455,205335962
2013-10-17,1.826000,1.830000,1.793000,1.816000,0.984576,146902260
2013-10-18,1.827000,1.839000,1.802000,1.815000,0.984034,138625677
2013-10-21,1.817000,1.832000,1.794000,1.823000,0.988371,96923284
2013-10-22,1.826000,1.853000,1.817000,1.841000,0.998130,142558478
2013-10-23,1.829000,1.831000,1.784000,1.793000,0.972106,166191979
2013-10-24,1.810000,1.820000,1.769000,1.820000,0.986744,140583278
2013-10-25,1.815000,1.822000,1.788000,1.800000,0.975901,105445381
2013-10-28,1.809000,1.812000,1.745000,1.758000,0.953130,141050279
2013-10-29,1.746000,1.821000,1.737000,1.820000,0.986744,170774564
2013-10-30,1.826000,1.863000,1.797000,1.806000,0.979154,172375645
2013-10-31,1.803000,1.839000,1.797000,1.831000,0.992708,142103243
2013-11-01,1.827000,1.860000,1.816000,1.830000,0.992166,126110838
2013-11-04,1.841000,1.848000,1.821000,1.832000,0.993251,91101397
2013-11-05,1.841000,1.844000,1.783000,1.790000,0.970479,134011739
2013-11-06,1.803000,1.816000,1.783000,1.795000,0.973190,99502333
2013-11-07,1.789000,1.836000,1.726000,1.744000,0.945540,233469331
2013-11-08,1.730000,1.769000,1.717000,1.759000,0.953672,149922503
2013-11-11,1.770000,1.790000,1.753000,1.790000,0.970479,66208378
2013-11-12,1.789000,1.813000,1.768000,1.771000,0.960178,94289010
2013-11-13,1.746000,1.770000,1.699000,1.730000,0.937950,164214441
2013-11-14,1.750000,1.757000,1.691000,1.737000,0.941745,145036969
2013-11-15,1.738000,1.743000,1.685000,1.699000,0.921142,118812117
2013-11-18,1.690000,1.759000,1.682000,1.751000,0.949335,136860503
2013-11-19,1.736000,1.765000,1.725000,1.725000,0.935239,104740494
2013-11-20,1.720000,1.734000,1.696000,1.698000,0.920600,116795682
2013-11-21,1.687000,1.738000,1.675000,1.737000,0.941745,143270475
2013-11-22,1.743000,1.745000,1.720000,1.726000,0.935781,81445230
2013-11-25,1.739000,1.744000,1.711000,1.726000,0.935781,76053984
2013-11-26,1.721000,1.747000,1.707000,1.744000,0.945540,87127146
2013-11-27,1.740000,1.761000,1.737000,1.754000,0.950961,89667136
2013-11-28,1.756000,1.802000,1.756000,1.790000,0.970479,106562254
2013-11-29,1.794000,1.804000,1.776000,1.780000,0.965058,94736305
2013-12-02,1.787000,1.795000,1.757000,1.766000,0.957467,69092410
2013-12-03,1.774000,1.789000,1.722000,1.722000,0.933612,118831764
2013-12-04,1.733000,1.744000,1.700000,1.723000,0.934154,110473645
2013-12-05,1.725000,1.734000,1.664000,1.664000,0.902166,154729878
2013-12-06,1.678000,1.692000,1.631000,1.692000,0.917347,182428896
2013-12-09,1.699000,1.707000,1.680000,1.700000,0.921684,71686689
2013-12-10,1.696000,1.714000,1.686000,1.700000,0.921684,84407072
2013-12-11,1.701000,1.713000,1.674000,1.677000,0.909214,74082573
2013-12-12,1.673000,1.674000,1.642000,1.657000,0.898371,92885617
2013-12-13,1.660000,1.681000,1.651000,1.654000,0.896745,68065669
2013-12-16,1.654000,1.723000,1.652000,1.723000,0.934154,80161646
2013-12-17,1.711000,1.718000,1.678000,1.679000,0.910299,67323261
2013-12-18,1.692000,1.710000,1.679000,1.701000,0.922227,72836146
2013-12-19,1.725000,1.745000,1.718000,1.744000,0.945540,126851115
2013-12-20,1.743000,1.787000,1.725000,1.776000,0.962889,141163074
2013-12-23,1.779000,1.789000,1.772000,1.780000,0.965058,48477399
2013-12-27,1.795000,1.798000,1.775000,1.798000,0.974817,38235621
2013-12-30,1.797000,1.800000,1.786000,1.794000,0.972648,39578835
2014-01-02,1.803000,1.827000,1.781000,1.783000,0.966684,104977447
2014-01-03,1.792000,1.817000,1.785000,1.809000,0.980781,61232116
2014-01-06,1.809000,1.838000,1.806000,1.828000,0.991082,89282140
2014-01-07,1.831000,1.900000,1.830000,1.888000,1.023612,199327238
2014-01-08,1.905000,1.957000,1.900000,1.929000,1.045841,215610890
2014-01-09,1.931000,1.980000,1.902000,1.944000,1.053973,192337874
2014-01-10,1.948000,1.961000,1.898000,1.911000,1.036082,157734849
2014-01-13,1.930000,1.945000,1.926000,1.932000,1.047467,90052009
2014-01-14,1.910000,1.950000,1.900000,1.950000,1.057226,107723475
2014-01-15,1.963000,2.016000,1.961000,2.014000,1.091925,164346133
2014-01-16,2.016000,2.024000,1.945000,1.946000,1.055057,149965186
2014-01-17,1.947000,1.969000,1.934000,1.958000,1.061564,134993647
2014-01-20,1.948000,1.957000,1.933000,1.948000,1.056142,67899006
2014-01-21,1.960000,1.976000,1.950000,1.954000,1.059395,99592087
2014-01-22,1.994000,2.008000,1.947000,1.977000,1.071865,162098591
2014-01-23,1.969000,1.995000,1.951000,1.961000,1.063190,122083752
2014-01-24,1.966000,1.986000,1.931000,1.931000,1.046925,220448825
2014-01-27,1.922000,1.968000,1.889000,1.946000,1.055057,173147875
2014-01-28,1.969000,2.008000,1.966000,1.968000,1.066985,176447716
2014-01-29,1.992000,2.008000,1.922000,1.952000,1.058311,184467852
2014-01-30,1.958000,1.983000,1.927000,1.958000,1.061564,135886608
2014-01-31,1.970000,2.010000,1.925000,2.010000,1.089756,186859385
2014-02-03,2.016000,2.042000,1.952000,1.952000,1.058311,215193408
2014-02-04,1.951000,2.002000,1.947000,1.997000,1.082708,197769726
2014-02-05,1.993000,2.058000,1.980000,2.034000,1.102768,173634610
2014-02-06,2.052000,2.098000,2.036000,2.094000,1.135298,236516698
2014-02-07,2.102000,2.118000,2.066000,2.096000,1.136383,155514728
2014-02-10,2.104000,2.112000,2.070000,2.082000,1.128792,95020354
2014-02-11,2.096000,2.140000,2.090000,2.140000,1.160238,103307504
2014-02-12,2.144000,2.164000,2.132000,2.150000,1.165660,124038097
2014-02-13,2.144000,2.144000,2.090000,2.132000,1.155900,120097554
2014-02-14,2.148000,2.172000,2.132000,2.160000,1.171081,120003256
2014-02-17,2.162000,2.200000,2.160000,2.190000,1.187347,72565424
2014-02-18,2.214000,2.226000,2.192000,2.218000,1.202527,125704840
2014-02-19,2.220000,2.240000,2.204000,2.234000,1.211202,100486844
2014-02-20,2.190000,2.234000,2.182000,2.234000,1.211202,102996441
2014-02-21,2.244000,2.248000,2.192000,2.194000,1.189515,101555640
2014-02-24,2.190000,2.234000,2.176000,2.234000,1.211202,80147421
2014-02-25,2.220000,2.236000,2.202000,2.236000,1.212286,66955953
2014-02-26,2.234000,2.242000,2.206000,2.216000,1.201443,56216280
2014-02-27,2.218000,2.230000,2.192000,2.216000,1.201443,75967156
2014-02-28,2.216000,2.246000,2.190000,2.246000,1.217708,79134476
2014-03-03,2.190000,2.222000,2.152000,2.156000,1.168913,119505345
2014-03-04,2.198000,2.232000,2.174000,2.232000,1.210117,118784958
2014-03-05,2.232000,2.298000,2.226000,2.288000,1.240479,135493239
2014-03-06,2.314000,2.328000,2.292000,2.320000,1.257828,110332945
2014-03-07,2.320000,2.326000,2.276000,2.276000,1.233973,102141421
2014-03-10,2.272000,2.320000,2.250000,2.284000,1.238310,91677074
2014-03-11,2.302000,2.306000,2.246000,2.250000,1.219877,129116640
2014-03-12,2.240000,2.268000,2.228000,2.256000,1.223130,109998706
2014-03-13,2.270000,2.284000,2.214000,2.214000,1.200358,83139146
2014-03-14,2.194000,2.226000,2.140000,2.152000,1.166744,145420515
2014-03-17,2.162000,2.172000,2.134000,2.170000,1.176503,124949125
2014-03-18,2.170000,2.274000,2.150000,2.240000,1.214455,162664699
2014-03-19,2.244000,2.270000,2.242000,2.262000,1.226382,83666970
2014-03-20,2.242000,2.290000,2.236000,2.290000,1.241563,113369295
2014-03-21,2.310000,2.326000,2.296000,2.304000,1.249153,129592070
2014-03-24,2.300000,2.314000,2.234000,2.246000,1.217708,125468164
2014-03-25,2.252000,2.280000,2.236000,2.260000,1.225298,99224501
2014-03-26,2.280000,2.296000,2.256000,2.294000,1.243731,132613302
2014-03-27,2.290000,2.332000,2.278000,2.320000,1.257828,120444098
2014-03-28,2.372000,2.446000,2.356000,2.402000,1.302286,388164512
2014-03-31,2.450000,2.482000,2.428000,2.460000,1.333732,155958034
2014-04-01,2.484000,2.532000,2.478000,2.532000,1.372768,181963661
2014-04-02,2.550000,2.560000,2.470000,2.472000,1.340237,192707051
2014-04-03,2.480000,2.552000,2.460000,2.552000,1.383611,205164694
2014-04-04,2.556000,2.588000,2.532000,2.588000,1.403129,153253569
2014-04-07,2.558000,2.588000,2.540000,2.554000,1.384695,126646717
2014-04-08,2.576000,2.582000,2.480000,2.506000,1.358671,202442995
2014-04-09,2.546000,2.550000,2.480000,2.494000,1.352165,145642568
2014-04-10,2.510000,2.512000,2.452000,2.456000,1.331563,129542721
2014-04-11,2.420000,2.446000,2.370000,2.392000,1.296864,206061199
2014-04-14,2.368000,2.408000,2.342000,2.396000,1.299033,112919557
2014-04-15,2.398000,2.400000,2.300000,2.300000,1.246985,147175770
2014-04-16,2.340000,2.404000,2.322000,2.404000,1.303370,125360584
2014-04-17,2.400000,2.428000,2.384000,2.428000,1.316382,93135236
2014-04-22,2.442000,2.478000,2.394000,2.478000,1.343490,93046895
2014-04-23,2.468000,2.504000,2.442000,2.446000,1.326141,94050899
2014-04-24,2.468000,2.488000,2.414000,2.462000,1.334816,98550675
2014-04-25,2.440000,2.454000,2.384000,2.404000,1.303370,81437625
2014-04-28,2.416000,2.444000,2.398000,2.416000,1.309876,74299104
2014-04-29,2.422000,2.484000,2.420000,2.480000,1.344575,103592728
2014-04-30,2.474000,2.480000,2.436000,2.460000,1.333732,90246530
2014-05-02,2.462000,2.488000,2.450000,2.460000,1.333732,79424222
2014-05-05,2.456000,2.476000,2.414000,2.460000,1.333732,77057457
2014-05-06,2.470000,2.484000,2.440000,2.448000,1.327226,76949281
2014-05-07,2.444000,2.444000,2.340000,2.346000,1.271924,134415901
2014-05-08,2.366000,2.458000,2.362000,2.454000,1.330479,155952347
2014-05-09,2.456000,2.464000,2.374000,2.396000,1.299033,92915219
2014-05-12,2.412000,2.426000,2.372000,2.384000,1.292527,92709638
2014-05-13,2.390000,2.396000,2.334000,2.354000,1.276262,103734005
2014-05-14,2.332000,2.370000,2.316000,2.346000,1.271924,89843319
2014-05-15,2.322000,2.364000,2.200000,2.200000,1.192768,266387639
2014-05-16,2.200000,2.292000,2.124000,2.266000,1.228551,252319167
2014-05-19,2.228000,2.240000,2.156000,2.214000,1.227442,109476851
2014-05-20,2.206000,2.290000,2.194000,2.280000,1.264033,127489867
2014-05-21,2.262000,2.310000,2.240000,2.300000,1.275121,102654947
2014-05-22,2.320000,2.322000,2.236000,2.268000,1.257380,101575840
2014-05-23,2.276000,2.318000,2.248000,2.316000,1.283991,99508992
2014-05-26,2.380000,2.434000,2.372000,2.414000,1.338323,173717293
2014-05-27,2.414000,2.448000,2.384000,2.390000,1.325017,110344986
2014-05-28,2.402000,2.440000,2.392000,2.436000,1.350519,106295582
2014-05-29,2.444000,2.456000,2.426000,2.436000,1.350519,76076886
2014-05-30,2.438000,2.478000,2.428000,2.458000,1.362716,113624286
2014-06-02,2.480000,2.488000,2.460000,2.484000,1.377131,69608174
2014-06-03,2.474000,2.480000,2.440000,2.450000,1.358281,82204735
2014-06-04,2.434000,2.458000,2.406000,2.452000,1.359390,80104274
2014-06-05,2.464000,2.546000,2.450000,2.510000,1.391545,266465610
2014-06-06,2.540000,2.620000,2.530000,2.612000,1.448094,245448306
2014-06-09,2.650000,2.664000,2.586000,2.612000,1.448094,159313715
2014-06-10,2.610000,2.640000,2.592000,2.604000,1.443658,126247780
2014-06-11,2.598000,2.602000,2.550000,2.558000,1.418156,172741647
2014-06-12,2.544000,2.554000,2.496000,2.506000,1.389327,172825970
2014-06-13,2.510000,2.516000,2.442000,2.496000,1.383783,177180850
2014-06-16,2.482000,2.510000,2.444000,2.458000,1.362716,92555926
2014-06-17,2.468000,2.482000,2.424000,2.440000,1.352737,128252490
2014-06-18,2.448000,2.458000,2.422000,2.440000,1.352737,81349527
2014-06-19,2.480000,2.490000,2.424000,2.424000,1.343867,123290734
2014-06-20,2.442000,2.442000,2.370000,2.372000,1.315038,150204269
2014-06-23,2.376000,2.384000,2.326000,2.336000,1.295079,145044098
2014-06-24,2.344000,2.346000,2.278000,2.294000,1.271794,140828072
2014-06-25,2.288000,2.350000,2.272000,2.292000,1.270686,142957260
2014-06-26,2.304000,2.326000,2.278000,2.290000,1.269577,157017973
2014-06-27,2.300000,2.328000,2.260000,2.278000,1.262924,108071356
2014-06-30,2.290000,2.300000,2.230000,2.256000,1.250727,121666428
2014-07-01,2.264000,2.338000,2.248000,2.322000,1.287318,131601477
2014-07-02,2.322000,2.348000,2.298000,2.332000,1.292862,120215305
2014-07-03,2.334000,2.358000,2.310000,2.346000,1.300623,148493178
2014-07-04,2.334000,2.338000,2.254000,2.274000,1.260706,116284491
2014-07-07,2.264000,2.284000,2.232000,2.232000,1.237422,75781399
2014-07-08,2.234000,2.240000,2.138000,2.140000,1.186417,177314348
2014-07-09,2.156000,2.220000,2.146000,2.202000,1.220789,153602547
2014-07-10,2.202000,2.208000,2.094000,2.178000,1.207484,237264603
2014-07-11,2.182000,2.240000,2.164000,2.198000,1.218572,158661617
2014-07-14,2.218000,2.248000,2.174000,2.238000,1.240748,138295383
2014-07-15,2.226000,2.244000,2.178000,2.202000,1.220789,132965971
2014-07-16,2.210000,2.298000,2.194000,2.296000,1.272903,150743949
2014-07-17,2.282000,2.286000,2.228000,2.230000,1.236313,109515370
2014-07-18,2.204000,2.250000,2.194000,2.244000,1.244074,113218821
2014-07-21,2.246000,2.246000,2.184000,2.202000,1.220789,91625353
2014-07-22,2.218000,2.260000,2.202000,2.244000,1.244074,84910626
2014-07-23,2.240000,2.294000,2.230000,2.264000,1.255162,112723150
2014-07-24,2.274000,2.346000,2.248000,2.344000,1.299515,156204590
2014-07-25,2.338000,2.386000,2.294000,2.304000,1.277338,138442335
2014-07-28,2.320000,2.338000,2.266000,2.286000,1.267359,85649063
2014-07-29,2.296000,2.334000,2.280000,2.300000,1.275121,103216988
2014-07-30,2.302000,2.326000,2.286000,2.288000,1.268468,100545844
2014-07-31,2.290000,2.300000,2.214000,2.230000,1.236313,124340815
2014-08-01,2.230000,2.302000,2.196000,2.258000,1.251836,180799050
2014-08-04,2.288000,2.308000,2.268000,2.290000,1.269577,108021581
2014-08-05,2.306000,2.340000,2.216000,2.236000,1.239639,157962733
2014-08-06,2.210000,2.236000,2.126000,2.164000,1.199722,187336024
2014-08-07,2.158000,2.192000,2.096000,2.106000,1.167567,197149890
2014-08-08,2.072000,2.174000,2.010000,2.128000,1.179764,194574995
2014-08-11,2.172000,2.182000,2.110000,2.150000,1.191961,100950536
2014-08-12,2.138000,2.188000,2.114000,2.120000,1.175329,122048146
2014-08-13,2.138000,2.158000,2.126000,2.142000,1.187526,82022432
2014-08-14,2.118000,2.162000,2.096000,2.116000,1.173111,118206978
2014-08-18,2.138000,2.170000,2.128000,2.156000,1.195287,91714708
2014-08-19,2.168000,2.174000,2.148000,2.162000,1.198613,87722868
2014-08-20,2.156000,2.176000,2.148000,2.158000,1.196396,67792581
2014-08-21,2.158000,2.246000,2.144000,2.230000,1.236313,137829047
2014-08-22,2.224000,2.266000,2.210000,2.228000,1.235204,129643965
2014-08-25,2.252000,2.292000,2.246000,2.288000,1.268468,84480904
2014-08-26,2.294000,2.326000,2.274000,2.326000,1.289535,128199838
2014-08-27,2.328000,2.348000,2.308000,2.332000,1.292862,110434215
2014-08-28,2.316000,2.330000,2.256000,2.262000,1.254053,115345266
2014-08-29,2.266000,2.298000,2.250000,2.264000,1.255162,80242107
2014-09-01,2.272000,2.278000,2.216000,2.246000,1.245183,70032525
2014-09-02,2.258000,2.294000,2.248000,2.264000,1.255162,88320798
2014-09-03,2.282000,2.342000,2.282000,2.330000,1.291753,157733450
2014-09-04,2.324000,2.468000,2.316000,2.460000,1.363825,331199224
2014-09-05,2.472000,2.496000,2.440000,2.458000,1.362716,229326313
2014-09-08,2.476000,2.492000,2.432000,2.460000,1.363825,108348488
2014-09-09,2.450000,2.474000,2.434000,2.438000,1.351628,111640882
2014-09-10,2.426000,2.458000,2.414000,2.442000,1.353846,107548488
2014-09-11,2.456000,2.462000,2.420000,2.446000,1.356063,96088659
2014-09-12,2.448000,2.456000,2.410000,2.422000,1.342757,92984100
2014-09-15,2.410000,2.442000,2.400000,2.426000,1.344975,100275781
2014-09-16,2.432000,2.432000,2.378000,2.408000,1.334996,114014328
2014-09-17,2.422000,2.464000,2.414000,2.460000,1.363825,114630286
2014-09-18,2.468000,2.504000,2.456000,2.466000,1.367151,171575227
2014-09-19,2.490000,2.494000,2.416000,2.418000,1.340540,195397556
2014-09-22,2.404000,2.438000,2.396000,2.410000,1.336105,109740897
2014-09-23,2.402000,2.406000,2.364000,2.366000,1.311711,117874160
2014-09-24,2.360000,2.410000,2.330000,2.410000,1.336105,134015442
2014-09-25,2.420000,2.436000,2.352000,2.364000,1.310602,170727419
2014-09-26,2.364000,2.434000,2.354000,2.428000,1.346084,127856645
2014-09-29,2.422000,2.432000,2.346000,2.380000,1.319473,117362786
2014-09-30,2.384000,2.416000,2.376000,2.406000,1.333887,142675222
2014-10-01,2.394000,2.424000,2.392000,2.398000,1.329452,120804369
2014-10-02,2.400000,2.408000,2.266000,2.266000,1.256271,238308292
2014-10-03,2.294000,2.338000,2.276000,2.332000,1.292862,123734061
2014-10-06,2.350000,2.372000,2.330000,2.332000,1.292862,114684867
2014-10-07,2.320000,2.338000,2.274000,2.284000,1.266250,137339455
2014-10-08,2.264000,2.314000,2.260000,2.276000,1.261815,143384661
2014-10-09,2.304000,2.310000,2.190000,2.210000,1.225225,221148362
2014-10-10,2.180000,2.264000,2.174000,2.206000,1.223007,202071159
2014-10-13,2.180000,2.280000,2.174000,2.226000,1.234095,207186095
2014-10-14,2.220000,2.262000,2.178000,2.256000,1.250727,220278357
2014-10-15,2.254000,2.268000,2.110000,2.124000,1.177547,258128000
2014-10-16,2.144000,2.164000,2.002000,2.100000,1.164241,345642959
2014-10-17,2.102000,2.206000,2.072000,2.192000,1.215245,283505458
2014-10-20,2.196000,2.234000,2.160000,2.174000,1.205266,166091956
2014-10-21,2.162000,2.274000,2.162000,2.274000,1.260706,220473840
2014-10-22,2.284000,2.304000,2.240000,2.304000,1.277338,189940055
2014-10-23,2.292000,2.338000,2.276000,2.320000,1.286209,187015186
2014-10-24,2.314000,2.360000,2.296000,2.356000,1.306167,175558836
2014-10-27,2.428000,2.430000,2.250000,2.282000,1.265141,246510431
2014-10-28,2.304000,2.340000,2.292000,2.336000,1.295079,122875205
2014-10-29,2.342000,2.350000,2.236000,2.248000,1.246292,159319472
2014-10-30,2.264000,2.278000,2.152000,2.250000,1.247401,247123483
2014-10-31,2.298000,2.346000,2.256000,2.338000,1.296188,193124794
2014-11-03,2.336000,2.356000,2.280000,2.280000,1.264033,149764483
2014-11-04,2.274000,2.306000,2.186000,2.198000,1.218572,190214328
2014-11-05,2.210000,2.264000,2.184000,2.256000,1.250727,175030542
2014-11-06,2.242000,2.330000,2.208000,2.244000,1.244074,251588045
2014-11-07,2.258000,2.260000,2.180000,2.210000,1.225225,188564640
2014-11-10,2.190000,2.246000,2.166000,2.244000,1.244074,167210417
2014-11-11,2.246000,2.316000,2.210000,2.240000,1.241857,215254793
2014-11-12,2.238000,2.238000,2.142000,2.158000,1.196396,216370830
2014-11-13,2.174000,2.196000,2.114000,2.176000,1.206375,195463300
2014-11-14,2.184000,2.220000,2.166000,2.210000,1.225225,159301548
2014-11-17,2.184000,2.276000,2.176000,2.248000,1.246292,162790827
2014-11-18,2.254000,2.288000,2.244000,2.262000,1.254053,148297054
2014-11-19,2.258000,2.302000,2.246000,2.290000,1.269577,151811151
2014-11-20,2.290000,2.290000,2.228000,2.254000,1.249618,150572120
2014-11-21,2.270000,2.368000,2.258000,2.364000,1.310602,239649766
2014-11-24,2.366000,2.428000,2.354000,2.388000,1.323908,223534242
2014-11-25,2.382000,2.460000,2.382000,2.430000,1.347193,200196015
2014-11-26,2.440000,2.458000,2.398000,2.406000,1.333887,135863232
2014-11-27,2.414000,2.458000,2.406000,2.454000,1.360498,122604372
2014-11-28,2.464000,2.486000,2.446000,2.478000,1.373804,140858183
2014-12-01,2.452000,2.474000,2.380000,2.400000,1.330561,213204354
2014-12-02,2.418000,2.444000,2.378000,2.406000,1.333887,149917813
2014-12-03,2.418000,2.450000,2.404000,2.440000,1.352737,117880568
2014-12-04,2.454000,2.476000,2.356000,2.356000,1.306167,255733026
2014-12-05,2.390000,2.522000,2.390000,2.522000,1.398198,259078927
2014-12-08,2.500000,2.586000,2.486000,2.554000,1.415938,181615698
2014-12-09,2.520000,2.564000,2.492000,2.502000,1.387110,261733236
2014-12-10,2.512000,2.522000,2.460000,2.488000,1.379348,238599588
2014-12-11,2.474000,2.528000,2.462000,2.500000,1.386001,189635654
2014-12-12,2.480000,2.510000,2.446000,2.446000,1.356063,191865089
2014-12-15,2.454000,2.472000,2.328000,2.340000,1.297297,229474707
2014-12-16,2.354000,2.446000,2.254000,2.446000,1.356063,394921013
2014-12-17,2.400000,2.438000,2.352000,2.416000,1.339431,197977040
2014-12-18,2.460000,2.508000,2.456000,2.498000,1.384892,222505730
2014-12-19,2.516000,2.524000,2.392000,2.436000,1.350519,278556326
2014-12-22,2.460000,2.484000,2.444000,2.480000,1.374913,92737018
2014-12-23,2.482000,2.496000,2.454000,2.496000,1.383783,88861287
2014-12-29,2.492000,2.498000,2.388000,2.438000,1.351628,131995059
2014-12-30,2.434000,2.460000,2.420000,2.422000,1.342757,76387434
2015-01-02,2.450000,2.476000,2.430000,2.454000,1.360498,120095860
2015-01-05,2.440000,2.464000,2.308000,2.308000,1.279556,196551153
2015-01-06,2.320000,2.370000,2.276000,2.276000,1.261815,176500529
2015-01-07,2.288000,2.306000,2.216000,2.248000,1.246292,201297976
2015-01-08,2.290000,2.380000,2.256000,2.372000,1.315038,215791154
2015-01-09,2.350000,2.384000,2.246000,2.276000,1.261815,226851496
2015-01-12,2.296000,2.332000,2.260000,2.326000,1.289535,129799550
2015-01-13,2.316000,2.410000,2.306000,2.396000,1.328343,143962737
2015-01-14,2.350000,2.448000,2.346000,2.392000,1.326126,189312898
2015-01-15,2.424000,2.488000,2.330000,2.462000,1.364933,240827525
2015-01-16,2.448000,2.498000,2.442000,2.498000,1.384892,203606739
2015-01-19,2.500000,2.550000,2.482000,2.530000,1.402633,152501025
2015-01-20,2.532000,2.568000,2.532000,2.564000,1.421482,171001511
2015-01-21,2.580000,2.586000,2.480000,2.554000,1.415938,210406057
2015-01-22,2.554000,2.634000,2.528000,2.608000,1.445876,318876915
2015-01-23,2.630000,2.680000,2.592000,2.614000,1.449203,247738573
2015-01-26,2.582000,2.638000,2.546000,2.630000,1.458073,138068116
2015-01-27,2.626000,2.636000,2.574000,2.622000,1.453638,144052402
2015-01-28,2.634000,2.646000,2.580000,2.590000,1.435897,162358280
2015-01-29,2.578000,2.634000,2.550000,2.622000,1.453638,185732297
2015-01-30,2.638000,2.638000,2.580000,2.598000,1.440332,167453839
2015-02-02,2.588000,2.594000,2.510000,2.564000,1.421482,170374292
2015-02-03,2.578000,2.640000,2.572000,2.640000,1.463617,181785654
2015-02-04,2.640000,2.644000,2.588000,2.616000,1.450311,142209853
2015-02-05,2.580000,2.592000,2.556000,2.574000,1.427026,127882000
2015-02-06,2.578000,2.596000,2.556000,2.574000,1.427026,103356188
2015-02-09,2.542000,2.548000,2.472000,2.490000,1.380457,173482049
2015-02-10,2.500000,2.616000,2.496000,2.590000,1.435897,200167394
2015-02-11,2.592000,2.618000,2.582000,2.600000,1.441441,135521450
2015-02-12,2.604000,2.738000,2.598000,2.732000,1.514622,253224104
2015-02-13,2.750000,2.824000,2.742000,2.818000,1.562300,225229697
2015-02-16,2.806000,2.828000,2.782000,2.792000,1.547886,88414989
2015-02-17,2.780000,2.844000,2.744000,2.840000,1.574497,148057515
2015-02-18,2.876000,2.906000,2.862000,2.888000,1.601108,156215877
2015-02-19,2.886000,2.902000,2.846000,2.890000,1.602217,186256111
2015-02-20,2.864000,2.904000,2.844000,2.904000,1.609979,182569948
2015-02-23,2.934000,2.950000,2.892000,2.918000,1.617740,140333471
2015-02-24,2.918000,2.934000,2.874000,2.922000,1.619958,126645205
2015-02-25,2.916000,2.920000,2.846000,2.878000,1.595564,129303354
2015-02-26,2.878000,2.950000,2.878000,2.946000,1.633263,130543572
2015-02-27,2.942000,2.996000,2.940000,2.984000,1.654330,207379001
2015-03-02,3.000000,3.026000,2.934000,2.946000,1.633263,142365433
2015-03-03,2.964000,2.966000,2.882000,2.894000,1.604434,126742189
2015-03-04,2.908000,2.914000,2.842000,2.890000,1.602217,145600180
2015-03-05,2.906000,2.956000,2.890000,2.950000,1.635481,131977730
2015-03-06,2.956000,2.982000,2.948000,2.960000,1.641025,112345711
2015-03-09,2.952000,2.998000,2.926000,2.986000,1.655439,141814933
2015-03-10,2.986000,3.000000,2.960000,2.974000,1.648786,127267779
2015-03-11,2.980000,3.018000,2.976000,3.018000,1.673180,147380304
2015-03-12,3.022000,3.052000,3.016000,3.040000,1.685377,124124667
2015-03-13,3.056000,3.074000,3.022000,3.048000,1.689812,91202230
2015-03-16,3.060000,3.158000,3.060000,3.142000,1.741926,158763084
2015-03-17,3.150000,3.154000,3.066000,3.104000,1.720859,115338922
2015-03-18,3.106000,3.116000,3.006000,3.024000,1.676506,181693701
2015-03-19,3.034000,3.070000,3.018000,3.034000,1.682051,132152533
2015-03-20,3.058000,3.126000,3.018000,3.126000,1.733055,171614414
2015-03-23,3.126000,3.134000,3.092000,3.094000,1.715315,95923750
2015-03-24,3.090000,3.226000,3.080000,3.200000,1.774081,150769633
2015-03-25,3.206000,3.240000,3.162000,3.168000,1.756340,111321810
2015-03-26,3.140000,3.154000,3.080000,3.130000,1.735273,132736679
2015-03-27,3.154000,3.162000,3.090000,3.140000,1.740817,104849190
2015-03-30,3.146000,3.216000,3.136000,3.206000,1.777408,117243804
2015-03-31,3.208000,3.218000,3.158000,3.166000,1.755231,130104216
2015-04-01,3.158000,3.220000,3.154000,3.202000,1.775190,134906877
2015-04-02,3.220000,3.220000,3.168000,3.182000,1.764102,86765416
2015-04-07,3.208000,3.240000,3.200000,3.224000,1.787387,99816866
2015-04-08,3.216000,3.236000,3.180000,3.194000,1.770755,85184150
2015-04-09,3.196000,3.216000,3.184000,3.198000,1.772972,76550555
2015-04-10,3.206000,3.208000,3.158000,3.184000,1.765211,90799447
2015-04-13,3.188000,3.202000,3.182000,3.196000,1.771863,58264392
2015-04-14,3.190000,3.206000,3.094000,3.114000,1.726403,141200681
2015-04-15,3.130000,3.186000,3.118000,3.170000,1.757449,98179455
2015-04-16,3.182000,3.184000,3.076000,3.098000,1.717532,147619389
2015-04-17,3.090000,3.130000,2.964000,2.984000,1.654330,201703933
2015-04-20,2.980000,3.064000,2.974000,3.058000,1.695356,116553813
2015-04-21,3.082000,3.104000,2.992000,3.032000,1.680942,142036531
2015-04-22,3.058000,3.108000,3.044000,3.072000,1.703118,143532288
2015-04-23,3.094000,3.104000,3.008000,3.044000,1.687594,119475179
2015-04-24,3.070000,3.128000,2.988000,3.076000,1.705336,170802073
2015-04-27,3.092000,3.158000,3.032000,3.156000,1.749687,132355113
2015-04-28,3.146000,3.154000,3.074000,3.088000,1.711988,115609214
2015-04-29,3.100000,3.106000,2.998000,2.998000,1.662092,153780641
2015-04-30,3.008000,3.048000,2.970000,3.016000,1.672071,156729176
2015-05-04,3.036000,3.086000,2.984000,3.050000,1.690921,97594383
2015-05-05,3.040000,3.084000,2.950000,2.952000,1.636590,137699003
2015-05-06,2.942000,3.034000,2.936000,3.010000,1.668745,145636457
2015-05-07,2.998000,3.078000,2.962000,3.074000,1.704227,137385674
2015-05-08,3.088000,3.146000,3.066000,3.146000,1.744143,131118938
2015-05-11,3.150000,3.240000,3.120000,3.206000,1.777408,196796561
2015-05-12,3.230000,3.232000,3.164000,3.202000,1.775190,234544777
2015-05-13,3.232000,3.282000,3.222000,3.272000,1.813998,238062956
2015-05-14,3.266000,3.294000,3.232000,3.290000,1.823977,224068563
2015-05-15,3.284000,3.354000,3.270000,3.324000,1.842827,195759387
2015-05-18,3.272000,3.292000,3.208000,3.244000,1.837164,126420806
2015-05-19,3.274000,3.342000,3.268000,3.342000,1.892663,142911542
2015-05-20,3.340000,3.372000,3.334000,3.350000,1.897194,111189674
2015-05-21,3.344000,3.358000,3.318000,3.340000,1.891531,115765639
2015-05-22,3.326000,3.360000,3.326000,3.350000,1.897194,61777662
2015-05-25,3.326000,3.326000,3.262000,3.280000,1.857551,52861767
2015-05-26,3.264000,3.316000,3.250000,3.258000,1.845092,152362568
2015-05-27,3.278000,3.376000,3.276000,3.368000,1.907388,198703745
2015-05-28,3.352000,3.374000,3.322000,3.352000,1.898327,93809258
2015-05-29,3.352000,3.366000,3.282000,3.282000,1.858684,127087177
2015-06-01,3.300000,3.340000,3.272000,3.280000,1.857551,94137348
2015-06-02,3.310000,3.352000,3.280000,3.306000,1.872276,119056308
2015-06-03,3.306000,3.360000,3.290000,3.324000,1.882470,109212031
2015-06-04,3.306000,3.338000,3.284000,3.300000,1.868878,109995458
2015-06-05,3.274000,3.290000,3.190000,3.212000,1.819041,136385102
2015-06-08,3.202000,3.228000,3.176000,3.176000,1.798653,71088158
2015-06-09,3.166000,3.204000,3.102000,3.156000,1.787327,88295495
2015-06-10,3.156000,3.288000,3.132000,3.270000,1.851888,110723071
2015-06-11,3.254000,3.334000,3.244000,3.288000,1.862082,103451427
2015-06-12,3.286000,3.318000,3.200000,3.254000,1.842827,113099759
2015-06-15,3.190000,3.196000,3.132000,3.150000,1.783929,111679014
2015-06-16,3.126000,3.176000,3.082000,3.154000,1.786194,126416495
2015-06-17,3.154000,3.198000,3.116000,3.126000,1.770337,111721110
2015-06-18,3.124000,3.180000,3.058000,3.180000,1.800918,136907955
2015-06-19,3.170000,3.246000,3.150000,3.222000,1.824704,150050246
2015-06-22,3.300000,3.386000,3.296000,3.386000,1.917582,172561361
2015-06-23,3.428000,3.456000,3.402000,3.416000,1.934572,124272591
2015-06-24,3.434000,3.440000,3.330000,3.388000,1.918715,122219806
2015-06-25,3.360000,3.480000,3.356000,3.452000,1.954959,146431782
2015-06-26,3.436000,3.502000,3.406000,3.478000,1.969684,116663441
2015-06-29,3.190000,3.354000,3.182000,3.266000,1.849623,217674521
2015-06-30,3.240000,3.336000,3.234000,3.252000,1.841694,176695898
2015-07-01,3.276000,3.384000,3.268000,3.344000,1.893796,166311279
2015-07-02,3.350000,3.374000,3.258000,3.258000,1.845092,102173023
2015-07-03,3.250000,3.306000,3.220000,3.244000,1.837164,84715435
2015-07-06,3.150000,3.166000,3.042000,3.050000,1.727296,198541043
2015-07-07,3.070000,3.106000,2.962000,2.962000,1.677459,174216140
2015-07-08,2.960000,3.082000,2.924000,3.068000,1.737490,145172628
2015-07-09,3.090000,3.224000,3.078000,3.210000,1.817908,149795710
2015-07-10,3.336000,3.352000,3.296000,3.352000,1.898327,163032858
2015-07-13,3.388000,3.440000,3.346000,3.416000,1.934572,153860647
2015-07-14,3.410000,3.430000,3.374000,3.412000,1.932306,93792609
2015-07-15,3.414000,3.462000,3.412000,3.462000,1.960623,111557471
2015-07-16,3.496000,3.544000,3.482000,3.536000,2.002531,129312588
2015-07-17,3.550000,3.560000,3.524000,3.558000,2.014990,101167385
2015-07-20,3.564000,3.654000,3.560000,3.596000,2.036510,109824102
2015-07-21,3.612000,3.634000,3.502000,3.514000,1.990072,103314513
2015-07-22,3.490000,3.554000,3.484000,3.510000,1.987806,89567763
2015-07-23,3.542000,3.568000,3.510000,3.510000,1.987806,74829350
2015-07-24,3.508000,3.554000,3.492000,3.526000,1.996868,87184845
2015-07-27,3.474000,3.484000,3.360000,3.360000,1.902857,150866495
2015-07-28,3.384000,3.454000,3.384000,3.446000,1.951562,91163044
2015-07-29,3.470000,3.478000,3.388000,3.438000,1.947031,76345327
2015-07-30,3.470000,3.476000,3.418000,3.458000,1.958357,71854187
2015-07-31,3.460000,3.534000,3.434000,3.502000,1.983276,127080431
2015-08-03,3.518000,3.546000,3.492000,3.530000,1.999133,86388458
2015-08-04,3.520000,3.524000,3.402000,3.438000,1.947031,130982816
2015-08-05,3.456000,3.480000,3.400000,3.456000,1.957225,114813919
2015-08-06,3.456000,3.506000,3.430000,3.478000,1.969684,95729304
2015-08-07,3.478000,3.484000,3.436000,3.436000,1.945898,60625093
2015-08-10,3.478000,3.494000,3.422000,3.486000,1.974215,55123719
2015-08-11,3.486000,3.506000,3.458000,3.466000,1.962888,81171515
2015-08-12,3.448000,3.448000,3.340000,3.358000,1.901725,131581036
2015-08-13,3.410000,3.464000,3.398000,3.416000,1.934572,112997600
2015-08-14,3.422000,3.452000,3.364000,3.388000,1.918715,71227491
2015-08-17,3.414000,3.442000,3.382000,3.428000,1.941368,68309684
2015-08-18,3.422000,3.468000,3.414000,3.460000,1.959490,66537485
2015-08-19,3.432000,3.456000,3.402000,3.402000,1.926643,79082413
2015-08-20,3.390000,3.428000,3.278000,3.280000,1.857551,126733979
2015-08-21,3.204000,3.288000,3.162000,3.162000,1.790725,138896056
2015-08-24,3.024000,3.124000,2.888000,2.968000,1.680858,253567030
2015-08-25,3.034000,3.220000,3.000000,3.212000,1.819041,228064968
2015-08-26,3.174000,3.262000,3.142000,3.230000,1.829235,137337468
2015-08-27,3.298000,3.334000,3.276000,3.310000,1.874541,143184698
2015-08-28,3.320000,3.328000,3.216000,3.244000,1.837164,91485145
2015-08-31,3.206000,3.254000,3.200000,3.254000,1.842827,58415632
2015-09-01,3.218000,3.238000,3.134000,3.158000,1.788459,127427923
2015-09-02,3.182000,3.262000,3.176000,3.236000,1.832633,114835491
2015-09-03,3.258000,3.318000,3.248000,3.294000,1.865480,127284194
2015-09-04,3.250000,3.256000,3.130000,3.140000,1.778266,165944031
2015-09-07,3.180000,3.188000,3.116000,3.140000,1.778266,62303967
2015-09-08,3.170000,3.246000,3.166000,3.208000,1.816776,99527219
2015-09-09,3.286000,3.294000,3.210000,3.210000,1.817908,106514616
2015-09-10,3.180000,3.232000,3.170000,3.204000,1.814510,79915169
2015-09-11,3.230000,3.232000,3.150000,3.162000,1.790725,76990184
2015-09-14,3.178000,3.188000,3.106000,3.106000,1.759010,85922600
2015-09-15,3.114000,3.194000,3.108000,3.172000,1.796388,95360399
2015-09-16,3.210000,3.222000,3.154000,3.172000,1.796388,86516096
2015-09-17,3.176000,3.210000,3.170000,3.200000,1.812245,78562383
2015-09-18,3.186000,3.186000,3.080000,3.080000,1.744286,193489019
2015-09-21,3.074000,3.188000,3.072000,3.160000,1.789592,118321032
2015-09-22,3.164000,3.174000,3.072000,3.074000,1.740888,118001173
2015-09-23,3.084000,3.128000,3.052000,3.060000,1.732959,105571520
2015-09-24,3.068000,3.116000,3.004000,3.020000,1.710306,119090200
2015-09-25,3.080000,3.154000,3.062000,3.130000,1.772602,114540342
2015-09-28,3.116000,3.126000,3.056000,3.066000,1.736358,88667610
2015-09-29,3.018000,3.094000,3.008000,3.066000,1.736358,98233334
2015-09-30,3.116000,3.164000,3.100000,3.156000,1.787327,108342435
2015-10-01,3.188000,3.188000,3.084000,3.120000,1.766939,109113066
2015-10-02,3.164000,3.200000,3.108000,3.148000,1.782796,119122830
2015-10-05,3.198000,3.250000,3.182000,3.228000,1.828103,123048587
2015-10-06,3.228000,3.264000,3.206000,3.264000,1.848490,83154280
2015-10-07,3.270000,3.276000,3.170000,3.170000,1.795255,147466078
2015-10-08,3.176000,3.208000,3.168000,3.184000,1.803184,81958321
2015-10-09,3.210000,3.216000,3.166000,3.186000,1.804317,91575915
2015-10-12,3.184000,3.192000,3.124000,3.174000,1.797521,70173039
2015-10-13,3.164000,3.206000,3.116000,3.182000,1.802051,75533282
2015-10-14,3.160000,3.192000,3.144000,3.162000,1.790725,66087533
2015-10-15,3.186000,3.224000,3.174000,3.208000,1.816776,88358966
2015-10-16,3.232000,3.258000,3.222000,3.256000,1.843960,96101660
2015-10-19,3.260000,3.294000,3.256000,3.280000,1.857551,68465145
2015-10-20,3.274000,3.298000,3.230000,3.262000,1.847357,69948174
2015-10-21,3.268000,3.274000,3.210000,3.222000,1.824704,69760268
2015-10-22,3.210000,3.242000,3.182000,3.240000,1.834898,110222116
2015-10-23,3.258000,3.272000,3.216000,3.216000,1.821306,115048337
2015-10-26,3.206000,3.238000,3.196000,3.210000,1.817908,56824987
2015-10-27,3.210000,3.260000,3.204000,3.220000,1.823572,62268312
2015-10-28,3.230000,3.280000,3.226000,3.272000,1.853021,68461411
2015-10-29,3.290000,3.296000,3.182000,3.218000,1.822439,102822344
2015-10-30,3.224000,3.232000,3.146000,3.168000,1.794123,101649337
2015-11-02,3.156000,3.212000,3.136000,3.180000,1.800918,83134443
2015-11-03,3.186000,3.228000,3.038000,3.144000,1.780531,213991707
2015-11-04,3.160000,3.170000,3.068000,3.076000,1.742021,125762944
2015-11-05,3.092000,3.134000,3.046000,3.092000,1.751082,96875908
2015-11-06,3.090000,3.178000,3.082000,3.176000,1.798653,103779922
2015-11-09,3.168000,3.188000,3.118000,3.118000,1.765806,62850822
2015-11-10,3.128000,3.170000,3.108000,3.168000,1.794123,65115580
2015-11-11,3.170000,3.206000,3.148000,3.162000,1.790725,70817968
2015-11-12,3.160000,3.194000,3.116000,3.122000,1.768072,84079225
2015-11-13,3.108000,3.140000,3.062000,3.124000,1.769204,83774537
2015-11-16,3.086000,3.152000,3.084000,3.130000,1.772602,60303499
2015-11-17,3.158000,3.178000,3.144000,3.170000,1.795255,70963801
2015-11-18,3.166000,3.174000,3.114000,3.120000,1.766939,66194294
2015-11-19,3.152000,3.182000,3.136000,3.154000,1.786194,78573217
2015-11-20,3.152000,3.168000,3.092000,3.114000,1.763541,91602837
2015-11-23,3.104000,3.160000,3.088000,3.148000,1.782796,61717723
2015-11-24,3.122000,3.136000,3.094000,3.108000,1.760143,77753617
2015-11-25,3.120000,3.188000,3.106000,3.180000,1.800918,95624967
2015-11-26,3.184000,3.208000,3.170000,3.196000,1.809980,46318466
2015-11-27,3.182000,3.246000,3.172000,3.214000,1.820174,62668024
2015-11-30,3.214000,3.270000,3.208000,3.248000,1.839429,65002040
2015-12-01,3.274000,3.296000,3.240000,3.240000,1.834898,75096571
2015-12-02,3.254000,3.278000,3.214000,3.226000,1.826970,75784274
2015-12-03,3.228000,3.248000,3.132000,3.132000,1.773735,154860680
2015-12-04,3.130000,3.182000,3.120000,3.166000,1.792990,100243734
2015-12-07,3.180000,3.218000,3.156000,3.170000,1.795255,63276123
2015-12-08,3.158000,3.172000,3.088000,3.110000,1.761276,84700429
2015-12-09,3.114000,3.128000,3.062000,3.090000,1.749949,75564683
2015-12-10,3.076000,3.092000,3.048000,3.064000,1.735225,78624423
2015-12-11,3.054000,3.066000,3.004000,3.018000,1.709174,89617488
2015-12-14,3.020000,3.064000,2.962000,2.962000,1.677459,80537685
2015-12-15,2.990000,3.096000,2.986000,3.096000,1.753347,100662328
2015-12-16,3.088000,3.102000,3.054000,3.074000,1.740888,69041340
2015-12-17,3.130000,3.160000,3.102000,3.120000,1.766939,122460342
2015-12-18,3.074000,3.126000,3.070000,3.088000,1.748817,115265556
2015-12-21,3.094000,3.130000,3.066000,3.100000,1.755612,68336877
2015-12-22,3.118000,3.132000,3.082000,3.100000,1.755612,59197504
2015-12-23,3.118000,3.120000,3.080000,3.090000,1.749949,65743343
2015-12-28,3.082000,3.096000,3.052000,3.074000,1.740888,36591713
2015-12-29,3.090000,3.136000,3.090000,3.132000,1.773735,49548076
2015-12-30,3.116000,3.132000,3.086000,3.088000,1.748817,48024505
2015-12-31,3.088000,3.088000,3.088000,3.088000,1.748817,0
2016-01-04,3.050000,3.058000,2.982000,2.982000,1.688786,103103922
2016-01-05,3.004000,3.040000,2.986000,3.040000,1.721633,70473223
2016-01-06,3.028000,3.040000,2.958000,2.958000,1.675194,84184856
2016-01-07,2.890000,2.936000,2.824000,2.908000,1.646878,122691238
2016-01-08,2.914000,2.970000,2.898000,2.898000,1.641214,96943673
2016-01-11,2.888000,2.948000,2.858000,2.858000,1.618561,75364956
2016-01-12,2.866000,2.938000,2.852000,2.916000,1.651408,81961998
2016-01-13,2.936000,3.016000,2.936000,2.970000,1.681990,96167028
2016-01-14,2.934000,2.948000,2.876000,2.894000,1.638949,96205377
2016-01-15,2.876000,2.902000,2.782000,2.802000,1.586847,132187909
2016-01-18,2.780000,2.808000,2.652000,2.662000,1.507561,131261310
2016-01-19,2.758000,2.774000,2.622000,2.690000,1.523419,151784491
2016-01-20,2.626000,2.636000,2.506000,2.542000,1.439602,178220318
2016-01-21,2.536000,2.674000,2.492000,2.666000,1.509827,253498471
2016-01-22,2.752000,2.768000,2.688000,2.714000,1.537010,160479064
2016-01-25,2.754000,2.762000,2.624000,2.638000,1.493970,107039611
2016-01-26,2.578000,2.708000,2.560000,2.674000,1.514357,124257062
2016-01-27,2.704000,2.718000,2.618000,2.648000,1.499633,97353493
2016-01-28,2.638000,2.678000,2.484000,2.514000,1.423745,159433030
2016-01-29,2.568000,2.620000,2.544000,2.618000,1.482643,125636501
2016-02-01,2.624000,2.660000,2.542000,2.562000,1.450929,84715632
2016-02-02,2.550000,2.560000,2.456000,2.474000,1.401092,100676804
2016-02-03,2.460000,2.486000,2.274000,2.344000,1.327470,176874960
2016-02-04,2.408000,2.492000,2.328000,2.480000,1.404490,183695403
2016-02-05,2.444000,2.600000,2.382000,2.384000,1.350123,234890436
2016-02-08,2.448000,2.452000,2.252000,2.288000,1.295755,173369219
2016-02-09,2.328000,2.342000,2.124000,2.146000,1.215337,243231645
2016-02-10,2.172000,2.480000,2.162000,2.456000,1.390898,258422129
2016-02-11,2.394000,2.396000,2.274000,2.288000,1.295755,209024344
2016-02-12,2.340000,2.414000,2.294000,2.396000,1.356919,206377215
2016-02-15,2.480000,2.520000,2.446000,2.480000,1.404490,169290142
2016-02-16,2.494000,2.514000,2.404000,2.440000,1.381837,138471368
2016-02-17,2.444000,2.508000,2.420000,2.498000,1.414684,126647062
2016-02-18,2.508000,2.530000,2.346000,2.376000,1.345592,160137980
2016-02-19,2.342000,2.394000,2.270000,2.328000,1.318408,185115483
2016-02-22,2.368000,2.406000,2.358000,2.404000,1.361449,109536216
2016-02-23,2.382000,2.446000,2.340000,2.340000,1.325204,123900714
2016-02-24,2.342000,2.364000,2.244000,2.260000,1.279898,114284300
2016-02-25,2.300000,2.338000,2.284000,2.300000,1.302551,104551512
2016-02-26,2.330000,2.360000,2.306000,2.338000,1.324072,130890070
2016-02-29,2.302000,2.342000,2.264000,2.342000,1.326337,99851290
2016-03-01,2.322000,2.396000,2.318000,2.386000,1.351255,129626106
2016-03-02,2.436000,2.490000,2.424000,2.476000,1.402225,148899259
2016-03-03,2.486000,2.582000,2.476000,2.576000,1.458858,163056237
2016-03-04,2.586000,2.610000,2.488000,2.524000,1.429408,159165029
2016-03-07,2.504000,2.508000,2.402000,2.464000,1.395429,130748965
2016-03-08,2.436000,2.508000,2.394000,2.486000,1.407888,108089089
2016-03-09,2.480000,2.564000,2.480000,2.516000,1.424878,106543628
2016-03-10,2.526000,2.728000,2.490000,2.544000,1.440735,331293137
2016-03-11,2.648000,2.750000,2.624000,2.734000,1.548337,223051653
2016-03-14,2.758000,2.786000,2.640000,2.678000,1.516622,192360706
2016-03-15,2.672000,2.708000,2.628000,2.650000,1.500766,115814014
2016-03-16,2.648000,2.680000,2.582000,2.592000,1.467918,133655466
2016-03-17,2.622000,2.624000,2.456000,2.520000,1.427143,222281833
2016-03-18,2.532000,2.548000,2.474000,2.492000,1.411286,158554622
2016-03-21,2.488000,2.566000,2.466000,2.518000,1.426010,117695550
2016-03-22,2.498000,2.516000,2.440000,2.516000,1.424878,86147194
2016-03-23,2.520000,2.540000,2.434000,2.450000,1.387500,89569124
2016-03-24,2.428000,2.470000,2.402000,2.408000,1.363714,80677070
2016-03-29,2.412000,2.462000,2.378000,2.434000,1.378439,80777724
2016-03-30,2.440000,2.466000,2.404000,2.418000,1.369378,100172534
2016-03-31,2.400000,2.444000,2.362000,2.434000,1.378439,124602284
2016-04-01,2.386000,2.446000,2.372000,2.372000,1.343327,122268037
2016-04-04,2.350000,2.388000,2.310000,2.312000,1.309347,91859136
2016-04-05,2.266000,2.280000,2.212000,2.212000,1.252714,135378493
2016-04-06,2.228000,2.290000,2.206000,2.238000,1.267439,138300926
2016-04-07,2.254000,2.268000,2.148000,2.164000,1.225531,126869273
2016-04-08,2.176000,2.306000,2.176000,2.294000,1.299153,151885875
2016-04-11,2.300000,2.392000,2.270000,2.334000,1.321806,140150138
2016-04-12,2.354000,2.392000,2.170000,2.238000,1.267439,189283026
2016-04-13,2.290000,2.424000,2.282000,2.424000,1.372776,202073509
2016-04-14,2.430000,2.450000,2.356000,2.436000,1.379572,153723498
2016-04-15,2.430000,2.456000,2.388000,2.448000,1.386367,109907197
2016-04-18,2.404000,2.480000,2.396000,2.460000,1.393163,97222328
2016-04-19,2.468000,2.496000,2.378000,2.420000,1.370511,131789843
2016-04-20,2.396000,2.480000,2.366000,2.464000,1.395429,104932193
2016-04-21,2.468000,2.524000,2.454000,2.490000,1.410153,135297478
2016-04-22,2.494000,2.518000,2.452000,2.460000,1.393163,97549594
2016-04-25,2.456000,2.476000,2.380000,2.400000,1.359184,115577142
2016-04-26,2.410000,2.480000,2.394000,2.468000,1.397694,100696024
2016-04-27,2.472000,2.494000,2.428000,2.470000,1.398827,87861439
2016-04-28,2.450000,2.510000,2.438000,2.490000,1.410153,105962943
2016-04-29,2.460000,2.516000,2.416000,2.420000,1.370511,135163413
2016-05-02,2.412000,2.456000,2.338000,2.372000,1.343327,129461621
2016-05-03,2.376000,2.386000,2.292000,2.316000,1.311612,121685603
2016-05-04,2.304000,2.342000,2.264000,2.264000,1.282164,136127641
2016-05-05,2.276000,2.284000,2.188000,2.220000,1.257245,122730639
2016-05-06,2.236000,2.270000,2.164000,2.226000,1.260643,163873945
2016-05-09,2.238000,2.250000,2.182000,2.240000,1.268572,114425736
2016-05-10,2.248000,2.320000,2.236000,2.294000,1.299153,131223997
2016-05-11,2.282000,2.296000,2.200000,2.256000,1.277633,148607931
2016-05-12,2.244000,2.290000,2.226000,2.232000,1.264041,98092472
2016-05-13,2.200000,2.246000,2.182000,2.224000,1.259511,123623945
2016-05-16,2.188000,2.200000,2.170000,2.200000,1.245918,108742535
2016-05-17,2.216000,2.260000,2.166000,2.184000,1.236857,130371900
2016-05-18,2.176000,2.246000,2.166000,2.242000,1.269704,101324658
2016-05-19,2.242000,2.336000,2.232000,2.296000,1.300286,171297089
2016-05-20,2.336000,2.344000,2.296000,2.314000,1.310480,136096908
2016-05-23,2.210000,2.240000,2.170000,2.172000,1.309274,133113625
2016-05-24,2.170000,2.306000,2.156000,2.304000,1.388843,150017604
2016-05-25,2.320000,2.366000,2.306000,2.356000,1.420189,184762850
2016-05-26,2.340000,2.382000,2.316000,2.374000,1.431039,120552504
2016-05-27,2.366000,2.378000,2.344000,2.356000,1.420189,77468084
2016-05-30,2.368000,2.382000,2.358000,2.374000,1.431039,60995325
2016-05-31,2.370000,2.386000,2.282000,2.308000,1.391254,106426219
2016-06-01,2.308000,2.328000,2.238000,2.270000,1.368348,114167556
2016-06-02,2.264000,2.316000,2.246000,2.252000,1.357498,104250743
2016-06-03,2.270000,2.272000,2.170000,2.212000,1.333386,105051540
2016-06-06,2.192000,2.220000,2.164000,2.204000,1.328564,79140232
2016-06-07,2.218000,2.258000,2.216000,2.242000,1.351470,91430041
2016-06-08,2.240000,2.240000,2.176000,2.216000,1.335797,89188896
2016-06-09,2.196000,2.228000,2.178000,2.196000,1.323741,80647075
2016-06-10,2.184000,2.192000,2.092000,2.106000,1.269490,135709680
2016-06-13,2.068000,2.076000,1.982000,1.982000,1.194743,157372377
2016-06-14,1.958000,2.008000,1.902000,1.913000,1.153150,174571939
2016-06-15,1.945000,1.989000,1.931000,1.967000,1.185701,157927246
2016-06-16,1.907000,1.950000,1.891000,1.950000,1.175453,215675671
2016-06-17,1.975000,2.050000,1.971000,2.040000,1.229705,153852361
2016-06-20,2.120000,2.146000,2.086000,2.102000,1.267079,137233792
2016-06-21,2.116000,2.166000,2.096000,2.154000,1.298424,97040905
2016-06-22,2.168000,2.174000,2.118000,2.152000,1.297218,85995919
2016-06-23,2.154000,2.258000,2.132000,2.258000,1.361115,164518857
2016-06-24,1.722000,1.876000,1.681000,1.740000,1.048866,711715261
2016-06-27,1.740000,1.780000,1.522000,1.550000,0.934335,604627013
2016-06-28,1.636000,1.689000,1.600000,1.624000,0.978942,398500065
2016-06-29,1.680000,1.718000,1.601000,1.648000,0.993409,302152856
2016-06-30,1.636000,1.753000,1.560000,1.702000,1.025960,302839633
2016-07-01,1.786000,1.798000,1.653000,1.680000,1.012698,213850023
2016-07-04,1.681000,1.684000,1.597000,1.629000,0.981956,176031686
2016-07-05,1.604000,1.659000,1.587000,1.593000,0.960255,196036667
2016-07-06,1.580000,1.622000,1.557000,1.590000,0.958447,224534048
2016-07-07,1.610000,1.645000,1.581000,1.600000,0.964474,178053175
2016-07-08,1.584000,1.769000,1.576000,1.760000,1.060922,287435372
2016-07-11,1.782000,1.800000,1.718000,1.800000,1.085034,208209394
2016-07-12,1.804000,1.960000,1.798000,1.918000,1.156164,307248423
2016-07-13,1.927000,1.962000,1.874000,1.896000,1.142902,185776016
2016-07-14,1.929000,1.971000,1.915000,1.936000,1.167014,190357448
2016-07-15,1.914000,1.983000,1.908000,1.931000,1.164000,184538306
2016-07-18,1.928000,1.969000,1.894000,1.935000,1.166411,158562028
2016-07-19,1.925000,1.958000,1.853000,1.923000,1.159178,186269328
2016-07-20,1.947000,1.973000,1.932000,1.947000,1.173645,153151982
2016-07-21,1.944000,1.982000,1.922000,1.953000,1.177262,169746590
2016-07-22,1.940000,1.961000,1.930000,1.956000,1.179070,117253631
2016-07-25,1.960000,1.967000,1.912000,1.920000,1.157369,119335485
2016-07-26,1.929000,1.942000,1.878000,1.928000,1.162192,126887659
2016-07-27,1.926000,1.980000,1.925000,1.962000,1.182687,151492958
2016-07-28,1.965000,1.969000,1.891000,1.903000,1.147122,158742676
2016-07-29,1.925000,2.002000,1.917000,1.970000,1.187509,207095017
2016-08-01,2.050000,2.062000,1.901000,1.901000,1.145916,233152925
2016-08-02,1.906000,1.914000,1.813000,1.829000,1.102515,224063328
2016-08-03,1.850000,1.883000,1.802000,1.819000,1.096487,226336039
2016-08-04,1.836000,1.856000,1.804000,1.820000,1.097090,149783348
2016-08-05,1.822000,1.900000,1.820000,1.900000,1.145314,161731029
2016-08-08,1.910000,1.949000,1.910000,1.924000,1.159781,97526175
2016-08-09,1.925000,1.950000,1.916000,1.933000,1.165206,75583961
2016-08-10,1.937000,1.970000,1.927000,1.950000,1.175453,105381446
2016-08-11,1.967000,1.976000,1.941000,1.970000,1.187509,89147112
2016-08-12,1.967000,1.984000,1.967000,1.976000,1.191126,68295368
2016-08-16,1.953000,1.973000,1.935000,1.937000,1.167617,88566682
2016-08-17,1.938000,1.944000,1.886000,1.886000,1.136874,86935317
2016-08-18,1.907000,1.914000,1.857000,1.901000,1.145916,86464995
2016-08-19,1.888000,1.894000,1.809000,1.829000,1.102515,153828821
2016-08-22,1.830000,1.879000,1.824000,1.848000,1.113968,99385093
2016-08-23,1.860000,1.944000,1.857000,1.940000,1.169425,127183919
2016-08-24,1.926000,2.000000,1.913000,1.999000,1.204990,169540039
2016-08-25,1.981000,2.010000,1.967000,1.981000,1.194140,105033476
2016-08-26,1.984000,2.014000,1.949000,2.014000,1.214032,99519411
2016-08-29,2.000000,2.036000,1.983000,1.995000,1.202579,57707494
2016-08-30,2.014000,2.044000,2.008000,2.044000,1.232116,87151804
2016-08-31,2.030000,2.130000,2.028000,2.130000,1.283957,179867217
2016-09-01,2.132000,2.220000,2.112000,2.130000,1.283957,210107062
2016-09-02,2.158000,2.196000,2.126000,2.192000,1.321330,135913209
2016-09-05,2.202000,2.216000,2.172000,2.182000,1.315302,94198206
2016-09-06,2.192000,2.196000,2.138000,2.138000,1.288779,87273122
2016-09-07,2.146000,2.176000,2.102000,2.158000,1.300835,99481646
2016-09-08,2.156000,2.194000,2.140000,2.192000,1.321330,117652073
2016-09-09,2.178000,2.206000,2.164000,2.166000,1.305657,109037970
2016-09-12,2.114000,2.132000,2.094000,2.122000,1.279134,115027726
2016-09-13,2.154000,2.154000,2.082000,2.082000,1.255023,89625213
2016-09-14,2.094000,2.100000,2.050000,2.080000,1.253817,107624855
2016-09-15,2.062000,2.104000,2.044000,2.080000,1.253817,103507018
2016-09-16,2.060000,2.076000,2.012000,2.014000,1.214032,160698501
2016-09-19,2.040000,2.086000,2.028000,2.064000,1.244172,88657610
2016-09-20,2.066000,2.078000,1.993000,2.008000,1.210415,104549445
2016-09-21,2.054000,2.080000,2.034000,2.036000,1.227294,81210246
2016-09-22,2.068000,2.086000,2.044000,2.062000,1.242967,86789533
2016-09-23,2.062000,2.066000,1.996000,1.996000,1.203182,104957421
2016-09-26,1.980000,1.987000,1.916000,1.973000,1.189318,123937909
2016-09-27,1.992000,2.000000,1.922000,1.948000,1.174248,110107255
2016-09-28,1.952000,1.993000,1.943000,1.943000,1.171234,82024339
2016-09-29,1.976000,1.983000,1.928000,1.946000,1.173042,77449123
2016-09-30,1.879000,1.977000,1.852000,1.974000,1.189920,157559050
2016-10-03,1.950000,1.974000,1.915000,1.928000,1.162192,86049596
2016-10-04,1.941000,1.951000,1.915000,1.930000,1.163397,84602428
2016-10-05,1.917000,1.999000,1.911000,1.994000,1.201976,126065903
2016-10-06,2.010000,2.044000,1.998000,2.008000,1.210415,124944891
2016-10-07,2.014000,2.038000,1.984000,2.002000,1.206799,104125206
2016-10-10,1.991000,2.036000,1.965000,2.014000,1.214032,91827267
2016-10-11,2.010000,2.014000,1.971000,1.971000,1.188112,100026131
2016-10-12,1.980000,1.992000,1.954000,1.976000,1.191126,94185748
2016-10-13,1.958000,1.959000,1.911000,1.930000,1.163397,98372077
2016-10-14,1.935000,2.002000,1.929000,1.983000,1.195346,115714230
2016-10-17,1.989000,2.018000,1.985000,2.002000,1.206799,87250141
2016-10-18,2.016000,2.058000,2.012000,2.056000,1.239350,89371706
2016-10-19,2.062000,2.086000,2.044000,2.070000,1.247789,74939591
2016-10-20,2.084000,2.110000,2.058000,2.108000,1.270695,92288662
2016-10-21,2.114000,2.118000,2.092000,2.112000,1.273106,73356218
2016-10-24,2.130000,2.160000,2.124000,2.156000,1.299629,98520424
2016-10-25,2.156000,2.170000,2.116000,2.154000,1.298424,92127060
2016-10-26,2.150000,2.168000,2.136000,2.166000,1.305657,70938799
2016-10-27,2.174000,2.200000,2.158000,2.200000,1.326152,109618941
2016-10-28,2.190000,2.196000,2.154000,2.164000,1.304452,86967216
2016-10-31,2.148000,2.156000,2.104000,2.110000,1.271901,81182968
2016-11-01,2.118000,2.134000,2.072000,2.084000,1.256228,67752427
2016-11-02,2.070000,2.070000,2.012000,2.012000,1.212827,107530236
2016-11-03,2.012000,2.056000,2.002000,2.036000,1.227294,100856039
2016-11-04,2.052000,2.054000,1.998000,2.006000,1.209210,97275422
2016-11-07,2.070000,2.124000,2.060000,2.124000,1.280340,100247631
2016-11-08,2.128000,2.142000,2.102000,2.140000,1.289985,82035203
2016-11-09,2.040000,2.140000,2.030000,2.140000,1.289985,197470096
2016-11-10,2.180000,2.250000,2.166000,2.234000,1.346648,303486753
2016-11-11,2.250000,2.270000,2.198000,2.230000,1.344236,163148385
2016-11-14,2.252000,2.286000,2.200000,2.204000,1.328564,158481571
2016-11-15,2.206000,2.210000,2.132000,2.154000,1.298424,119565234
2016-11-16,2.140000,2.166000,2.086000,2.114000,1.274312,118932395
2016-11-17,2.072000,2.092000,2.016000,2.090000,1.259845,208222101
2016-11-18,2.088000,2.104000,2.000000,2.036000,1.227294,190958487
2016-11-21,2.030000,2.042000,1.997000,2.014000,1.214032,111110202
2016-11-22,2.036000,2.088000,2.030000,2.062000,1.242967,103604368
2016-11-23,2.068000,2.072000,1.984000,2.048000,1.234527,147685689
2016-11-24,2.050000,2.074000,2.024000,2.040000,1.229705,74291194
2016-11-25,2.038000,2.056000,2.010000,2.020000,1.217649,77251499
2016-11-28,2.000000,2.010000,1.936000,1.955000,1.178467,141783660
2016-11-29,1.955000,2.038000,1.949000,2.038000,1.228500,129502053
2016-11-30,2.036000,2.106000,2.028000,2.096000,1.263462,151400275
2016-12-01,2.080000,2.142000,2.058000,2.140000,1.289985,144606280
2016-12-02,2.122000,2.150000,2.108000,2.130000,1.283957,137183225
2016-12-05,2.030000,2.174000,2.010000,2.108000,1.270695,245569053
2016-12-06,2.120000,2.280000,2.112000,2.280000,1.374376,219889540
2016-12-07,2.330000,2.388000,2.298000,2.318000,1.397283,251733778
2016-12-08,2.344000,2.488000,2.318000,2.396000,1.444301,284417540
2016-12-09,2.408000,2.416000,2.320000,2.356000,1.420189,163292010
2016-12-12,2.368000,2.416000,2.330000,2.340000,1.410544,129702761
2016-12-13,2.326000,2.430000,2.304000,2.430000,1.464796,186415486
2016-12-14,2.400000,2.450000,2.366000,2.366000,1.426217,147387080
2016-12-15,2.386000,2.446000,2.372000,2.446000,1.474440,213323091
2016-12-16,2.472000,2.474000,2.404000,2.414000,1.455151,192204649
2016-12-19,2.420000,2.432000,2.378000,2.396000,1.444301,73132941
2016-12-20,2.400000,2.448000,2.394000,2.448000,1.475646,86971075
2016-12-21,2.448000,2.470000,2.408000,2.450000,1.476852,89041031
2016-12-22,2.444000,2.470000,2.404000,2.430000,1.464796,86028804
2016-12-23,2.460000,2.486000,2.440000,2.460000,1.482880,87830763
2016-12-27,2.460000,2.470000,2.440000,2.452000,1.478057,31900456
2016-12-28,2.450000,2.460000,2.422000,2.432000,1.466001,40681048
2016-12-29,2.412000,2.432000,2.394000,2.412000,1.453945,49149698
2016-12-30,2.404000,2.428000,2.392000,2.426000,1.462384,48084836
2017-01-02,2.416000,2.468000,2.412000,2.448000,1.475646,57039371
2017-01-03,2.470000,2.536000,2.452000,2.504000,1.509403,104179098
2017-01-04,2.534000,2.560000,2.512000,2.540000,1.531103,104668526
2017-01-05,2.534000,2.584000,2.520000,2.558000,1.541954,100996502
2017-01-06,2.572000,2.588000,2.536000,2.544000,1.533514,82750043
2017-01-09,2.560000,2.564000,2.452000,2.476000,1.492524,106310296
2017-01-10,2.480000,2.484000,2.408000,2.468000,1.487702,86317082
2017-01-11,2.458000,2.490000,2.424000,2.464000,1.485291,81130755
2017-01-12,2.450000,2.466000,2.418000,2.430000,1.464796,84604778
2017-01-13,2.450000,2.494000,2.434000,2.466000,1.486496,102257407
2017-01-16,2.452000,2.466000,2.416000,2.420000,1.458768,70376417
2017-01-17,2.410000,2.456000,2.400000,2.420000,1.458768,87283600
2017-01-18,2.430000,2.430000,2.394000,2.414000,1.455151,73472153
2017-01-19,2.432000,2.486000,2.404000,2.458000,1.481674,100602856
2017-01-20,2.480000,2.492000,2.448000,2.470000,1.488907,99589201
2017-01-23,2.424000,2.436000,2.376000,2.398000,1.445506,111544515
2017-01-24,2.278000,2.334000,2.264000,2.292000,1.381610,299513500
2017-01-25,2.250000,2.336000,2.200000,2.300000,1.386432,304441135
2017-01-26,2.338000,2.342000,2.234000,2.250000,1.356292,184220072
2017-01-27,2.260000,2.294000,2.216000,2.268000,1.367143,130539326
2017-01-30,2.244000,2.258000,2.196000,2.198000,1.324947,121322301
2017-01-31,2.192000,2.220000,2.156000,2.170000,1.308069,148412022
2017-02-01,2.184000,2.210000,2.158000,2.200000,1.326152,122761008
2017-02-02,2.198000,2.214000,2.174000,2.180000,1.314096,94760794
2017-02-03,2.236000,2.260000,2.184000,2.238000,1.349059,140664219
2017-02-06,2.250000,2.258000,2.168000,2.184000,1.316507,120969529
2017-02-07,2.170000,2.182000,2.142000,2.142000,1.291190,112328415
2017-02-08,2.158000,2.162000,2.078000,2.138000,1.288779,164959236
2017-02-09,2.150000,2.164000,2.116000,2.148000,1.294807,109552593
2017-02-10,2.166000,2.168000,2.100000,2.134000,1.286368,113826217
2017-02-13,2.128000,2.156000,2.124000,2.144000,1.292396,96710563
2017-02-14,2.140000,2.178000,2.124000,2.172000,1.309274,88888831
2017-02-15,2.180000,2.222000,2.180000,2.190000,1.320124,109848852
2017-02-16,2.196000,2.220000,2.182000,2.196000,1.323741,79907440
2017-02-17,2.190000,2.212000,2.130000,2.170000,1.308069,147869408
2017-02-20,2.186000,2.200000,2.158000,2.166000,1.305657,58685334
2017-02-21,2.170000,2.196000,2.136000,2.162000,1.303246,72090328
2017-02-22,2.168000,2.176000,2.106000,2.140000,1.289985,114542223
2017-02-23,2.140000,2.146000,2.114000,2.124000,1.280340,83405388
2017-02-24,2.124000,2.136000,2.064000,2.076000,1.251406,146199480
2017-02-27,2.200000,2.210000,2.150000,2.190000,1.320124,214018601
2017-02-28,2.206000,2.220000,2.186000,2.200000,1.326152,129028281
2017-03-01,2.220000,2.326000,2.216000,2.292000,1.381610,218944435
2017-03-02,2.300000,2.320000,2.278000,2.290000,1.380404,119659621
2017-03-03,2.280000,2.346000,2.268000,2.336000,1.408133,187803202
2017-03-06,2.326000,2.342000,2.308000,2.322000,1.399694,101939333
2017-03-07,2.336000,2.340000,2.312000,2.328000,1.403311,83450681
2017-03-08,2.326000,2.348000,2.316000,2.332000,1.405722,96634813
2017-03-09,2.330000,2.412000,2.328000,2.390000,1.440684,199880605
2017-03-10,2.414000,2.466000,2.408000,2.432000,1.466001,222200620
2017-03-13,2.448000,2.460000,2.426000,2.456000,1.480468,96096562
2017-03-14,2.458000,2.458000,2.406000,2.422000,1.459973,134448739
2017-03-15,2.418000,2.456000,2.412000,2.448000,1.475646,106541795
2017-03-16,2.480000,2.496000,2.468000,2.472000,1.490113,191680908
2017-03-17,2.490000,2.504000,2.480000,2.482000,1.496141,196407999
2017-03-20,2.472000,2.508000,2.468000,2.482000,1.496141,109271525
2017-03-21,2.500000,2.550000,2.490000,2.504000,1.509403,188221155
2017-03-22,2.476000,2.536000,2.456000,2.506000,1.510608,161566080
2017-03-23,2.534000,2.556000,2.528000,2.546000,1.534720,157784579
2017-03-24,2.548000,2.554000,2.524000,2.538000,1.529898,106787956
2017-03-27,2.514000,2.542000,2.502000,2.532000,1.526281,113871917
2017-03-28,2.546000,2.554000,2.518000,2.540000,1.531103,98369291
2017-03-29,2.550000,2.562000,2.498000,2.520000,1.519047,125811060
2017-03-30,2.514000,2.526000,2.496000,2.526000,1.522664,72832152
2017-03-31,2.516000,2.546000,2.512000,2.546000,1.534720,91411956
2017-04-03,2.546000,2.546000,2.494000,2.506000,1.510608,122681562
2017-04-04,2.490000,2.524000,2.480000,2.524000,1.521458,104191279
2017-04-05,2.510000,2.548000,2.508000,2.516000,1.516636,108671556
2017-04-06,2.500000,2.538000,2.490000,2.532000,1.526281,98415184
2017-04-07,2.518000,2.548000,2.516000,2.540000,1.531103,94166030
2017-04-10,2.540000,2.540000,2.514000,2.526000,1.522664,80152799
2017-04-11,2.502000,2.518000,2.474000,2.502000,1.508197,131082034
2017-04-12,2.506000,2.518000,2.462000,2.478000,1.493730,118482538
2017-04-13,2.460000,2.464000,2.426000,2.438000,1.469618,125298633
2017-04-18,2.446000,2.452000,2.388000,2.388000,1.439478,126846688
2017-04-19,2.396000,2.496000,2.394000,2.474000,1.491319,153468216
2017-04-20,2.468000,2.510000,2.466000,2.490000,1.500963,125128242
2017-04-21,2.504000,2.516000,2.460000,2.514000,1.515431,162662447
2017-04-24,2.638000,2.736000,2.628000,2.702000,1.628756,416365323
2017-04-25,2.724000,2.766000,2.690000,2.756000,1.661307,155543350
2017-04-26,2.750000,2.754000,2.706000,2.736000,1.649251,126934887
2017-04-27,2.720000,2.738000,2.670000,2.672000,1.610673,144908232
2017-04-28,2.680000,2.720000,2.660000,2.674000,1.611878,133623785
2017-05-02,2.698000,2.702000,2.658000,2.678000,1.614289,102127186
2017-05-03,2.684000,2.698000,2.676000,2.692000,1.622728,90750103
2017-05-04,2.702000,2.768000,2.694000,2.760000,1.663719,164949834
2017-05-05,2.780000,2.868000,2.770000,2.842000,1.713148,220120701
2017-05-08,2.894000,2.898000,2.826000,2.852000,1.719176,157803137
2017-05-09,2.868000,2.898000,2.842000,2.848000,1.716765,137669866
2017-05-10,2.858000,2.880000,2.802000,2.850000,1.717970,120195181
2017-05-11,2.860000,2.870000,2.804000,2.832000,1.707120,155522363
2017-05-12,2.836000,2.856000,2.824000,2.828000,1.704709,118410666
2017-05-15,2.840000,2.856000,2.820000,2.842000,1.713148,98832438
2017-05-16,2.856000,2.860000,2.820000,2.840000,1.711942,114616421
2017-05-17,2.820000,2.834000,2.776000,2.798000,1.686625,148516817
2017-05-18,2.794000,2.810000,2.722000,2.786000,1.679391,199153679
2017-05-19,2.810000,2.828000,2.782000,2.800000,1.687830,149846902
2017-05-22,2.686000,2.714000,2.668000,2.684000,1.727741,144069656
2017-05-23,2.680000,2.714000,2.676000,2.692000,1.732891,105029719
2017-05-24,2.694000,2.694000,2.660000,2.686000,1.729029,81385390
2017-05-25,2.690000,2.692000,2.636000,2.664000,1.714867,101639098
2017-05-26,2.646000,2.652000,2.578000,2.622000,1.687830,139082310
2017-05-29,2.620000,2.626000,2.548000,2.568000,1.653070,103145427
2017-05-30,2.550000,2.588000,2.522000,2.552000,1.642770,147227637
2017-05-31,2.560000,2.598000,2.530000,2.548000,1.640195,155350049
2017-06-01,2.556000,2.604000,2.538000,2.572000,1.655644,102737657
2017-06-02,2.596000,2.636000,2.570000,2.590000,1.667231,116711081
2017-06-05,2.592000,2.604000,2.544000,2.556000,1.645345,70547796
2017-06-06,2.532000,2.556000,2.516000,2.556000,1.645345,118166092
2017-06-07,2.548000,2.594000,2.528000,2.544000,1.637620,107753154
2017-06-08,2.548000,2.604000,2.514000,2.570000,1.654357,150823585
2017-06-09,2.572000,2.616000,2.552000,2.586000,1.664656,122776251
2017-06-12,2.584000,2.630000,2.568000,2.574000,1.656932,106719263
2017-06-13,2.578000,2.600000,2.572000,2.586000,1.664656,80332316
2017-06-14,2.582000,2.592000,2.566000,2.578000,1.659507,120257845
2017-06-15,2.574000,2.592000,2.544000,2.566000,1.651782,163326223
2017-06-16,2.590000,2.598000,2.520000,2.556000,1.645345,182729527
2017-06-19,2.556000,2.576000,2.536000,2.544000,1.637620,84649705
2017-06-20,2.554000,2.562000,2.528000,2.534000,1.631183,72738656
2017-06-21,2.528000,2.610000,2.496000,2.596000,1.671094,161703044
2017-06-22,2.596000,2.616000,2.582000,2.614000,1.682681,99069752
2017-06-23,2.618000,2.638000,2.598000,2.616000,1.683968,88354585
2017-06-26,2.710000,2.754000,2.694000,2.708000,1.743190,237928533
2017-06-27,2.704000,2.772000,2.692000,2.756000,1.774089,182826113
2017-06-28,2.772000,2.826000,2.730000,2.812000,1.810137,205523356
2017-06-29,2.834000,2.850000,2.770000,2.774000,1.785676,198067972
2017-06-30,2.784000,2.820000,2.758000,2.776000,1.786963,138186264
2017-07-03,2.788000,2.856000,2.786000,2.850000,1.834598,153228730
2017-07-04,2.846000,2.876000,2.834000,2.850000,1.834598,104838226
2017-07-05,2.854000,2.862000,2.824000,2.844000,1.830736,114972668
2017-07-06,2.834000,2.866000,2.822000,2.866000,1.844898,126602600
2017-07-07,2.866000,2.868000,2.836000,2.840000,1.828161,93650885
2017-07-10,2.854000,2.868000,2.846000,2.860000,1.841035,79378701
2017-07-11,2.862000,2.876000,2.834000,2.834000,1.824299,92861865
2017-07-12,2.844000,2.868000,2.834000,2.848000,1.833311,84232460
2017-07-13,2.850000,2.856000,2.834000,2.852000,1.835886,70172930
2017-07-14,2.856000,2.864000,2.822000,2.864000,1.843610,101283656
2017-07-17,2.862000,2.876000,2.854000,2.870000,1.847473,103514974
2017-07-18,2.860000,2.874000,2.838000,2.870000,1.847473,121548961
2017-07-19,2.872000,2.874000,2.842000,2.856000,1.838460,80369208
2017-07-20,2.856000,2.890000,2.848000,2.868000,1.846185,109119319
2017-07-21,2.860000,2.874000,2.830000,2.852000,1.835886,107467830
2017-07-24,2.842000,2.878000,2.828000,2.864000,1.843610,92116392
2017-07-25,2.860000,2.906000,2.860000,2.886000,1.857772,118162321
2017-07-26,2.890000,2.904000,2.878000,2.902000,1.868072,73224727
2017-07-27,2.888000,2.920000,2.888000,2.906000,1.870647,83951917
2017-07-28,2.908000,2.908000,2.870000,2.904000,1.869359,113507107
2017-07-31,2.896000,2.946000,2.894000,2.912000,1.874509,102230997
2017-08-01,2.940000,2.942000,2.856000,2.916000,1.877084,160302556
2017-08-02,2.928000,2.932000,2.890000,2.900000,1.866784,77470279
2017-08-03,2.894000,2.900000,2.862000,2.900000,1.866784,88930731
2017-08-04,2.896000,2.938000,2.878000,2.920000,1.879659,90863117
2017-08-07,2.926000,2.934000,2.914000,2.928000,1.884808,53693917
2017-08-08,2.920000,2.936000,2.918000,2.922000,1.880946,52534853
2017-08-09,2.910000,2.916000,2.866000,2.884000,1.856485,102310435
2017-08-10,2.874000,2.886000,2.860000,2.876000,1.851335,78191309
2017-08-11,2.852000,2.868000,2.828000,2.846000,1.832024,90060855
2017-08-14,2.858000,2.886000,2.848000,2.864000,1.843610,71652377
2017-08-16,2.886000,2.946000,2.882000,2.926000,1.883521,105442094
2017-08-17,2.920000,2.942000,2.900000,2.916000,1.877084,101001514
2017-08-18,2.880000,2.922000,2.876000,2.916000,1.877084,75646361
2017-08-21,2.904000,2.912000,2.876000,2.896000,1.864209,71319789
2017-08-22,2.908000,2.920000,2.862000,2.876000,1.851335,89857113
2017-08-23,2.874000,2.892000,2.826000,2.834000,1.824299,92453760
2017-08-24,2.848000,2.868000,2.832000,2.840000,1.828161,76697582
2017-08-25,2.840000,2.872000,2.836000,2.840000,1.828161,61166965
2017-08-28,2.830000,2.874000,2.830000,2.864000,1.843610,53578785
2017-08-29,2.846000,2.866000,2.808000,2.812000,1.810137,116232429
2017-08-30,2.834000,2.840000,2.812000,2.816000,1.812712,58382689
2017-08-31,2.824000,2.862000,2.822000,2.836000,1.825586,72814163
2017-09-01,2.850000,2.862000,2.842000,2.842000,1.829449,61133251
2017-09-04,2.824000,2.842000,2.818000,2.836000,1.825586,36965318
2017-09-05,2.834000,2.852000,2.802000,2.816000,1.812712,59599727
2017-09-06,2.796000,2.832000,2.788000,2.812000,1.810137,66275247
2017-09-07,2.822000,2.834000,2.800000,2.806000,1.806275,91483360
2017-09-08,2.798000,2.832000,2.780000,2.812000,1.810137,73009297
2017-09-11,2.828000,2.864000,2.828000,2.854000,1.837173,87252887
2017-09-12,2.870000,2.884000,2.858000,2.882000,1.855197,93932148
2017-09-13,2.886000,2.922000,2.880000,2.902000,1.868072,86102638
2017-09-14,2.900000,2.934000,2.898000,2.926000,1.883521,90191023
2017-09-15,2.934000,2.934000,2.914000,2.914000,1.875796,144233911
2017-09-18,2.928000,2.946000,2.924000,2.932000,1.887383,70253215
2017-09-19,2.936000,2.944000,2.930000,2.944000,1.895108,49497463
2017-09-20,2.940000,2.956000,2.924000,2.932000,1.887383,60799415
2017-09-21,2.942000,2.980000,2.942000,2.970000,1.911845,88959303
2017-09-22,2.960000,2.998000,2.956000,2.972000,1.913132,77132051
2017-09-25,2.970000,2.986000,2.942000,2.956000,1.902833,72374991
2017-09-26,2.954000,2.978000,2.950000,2.974000,1.914419,58803044
2017-09-27,2.978000,3.000000,2.976000,2.990000,1.924719,91985139
2017-09-28,2.998000,3.008000,2.980000,2.986000,1.922144,79785040
2017-09-29,2.990000,2.998000,2.982000,2.992000,1.926006,69469762
2017-10-02,2.986000,2.994000,2.966000,2.994000,1.927294,67747634
2017-10-03,2.998000,3.006000,2.980000,2.984000,1.920857,47344472
2017-10-04,2.982000,2.984000,2.910000,2.934000,1.888671,120487389
2017-10-05,2.916000,2.940000,2.886000,2.940000,1.892533,110554554
2017-10-06,2.936000,2.942000,2.898000,2.930000,1.886096,80959512
2017-10-09,2.922000,2.942000,2.900000,2.912000,1.874509,57840409
2017-10-10,2.892000,2.896000,2.860000,2.888000,1.859060,83984245
2017-10-11,2.888000,2.896000,2.840000,2.886000,1.857772,117787172
2017-10-12,2.880000,2.888000,2.846000,2.858000,1.839748,61371154
2017-10-13,2.852000,2.878000,2.838000,2.860000,1.841035,77477558
2017-10-16,2.852000,2.876000,2.840000,2.866000,1.844898,113365807
2017-10-17,2.866000,2.880000,2.850000,2.858000,1.839748,67692339
2017-10-18,2.862000,2.880000,2.840000,2.880000,1.853910,69421857
2017-10-19,2.882000,2.896000,2.834000,2.850000,1.834598,88786797
2017-10-20,2.854000,2.878000,2.852000,2.868000,1.846185,73397536
2017-10-23,2.872000,2.890000,2.846000,2.868000,1.846185,56718908
2017-10-24,2.870000,2.916000,2.858000,2.902000,1.868072,78847783
2017-10-25,2.900000,2.934000,2.890000,2.896000,1.864209,69141177
2017-10-26,2.904000,2.940000,2.888000,2.924000,1.882234,87160626
2017-10-27,2.940000,2.948000,2.886000,2.916000,1.877084,91959369
2017-10-30,2.926000,2.934000,2.898000,2.912000,1.874509,59530492
2017-10-31,2.908000,2.910000,2.872000,2.886000,1.857772,69879883
2017-11-01,2.894000,2.902000,2.874000,2.878000,1.852622,67290043
2017-11-02,2.878000,2.888000,2.846000,2.866000,1.844898,79726883
2017-11-03,2.872000,2.874000,2.834000,2.850000,1.834598,65831433
2017-11-06,2.848000,2.850000,2.818000,2.842000,1.829449,64147976
2017-11-07,2.850000,2.890000,2.840000,2.850000,1.834598,91361017
2017-11-08,2.858000,2.860000,2.814000,2.858000,1.839748,83782883
2017-11-09,2.860000,2.878000,2.840000,2.848000,1.833311,71929872
2017-11-10,2.848000,2.868000,2.826000,2.830000,1.821724,68616832
2017-11-13,2.836000,2.838000,2.772000,2.806000,1.806275,80322994
2017-11-14,2.810000,2.824000,2.780000,2.800000,1.802412,54149762
2017-11-15,2.782000,2.812000,2.742000,2.800000,1.802412,89744664
2017-11-16,2.808000,2.818000,2.772000,2.802000,1.803700,72099308
2017-11-17,2.800000,2.820000,2.760000,2.772000,1.784388,85492028
2017-11-20,2.760000,2.778000,2.748000,2.768000,1.781813,65061478
2017-11-21,2.762000,2.798000,2.752000,2.768000,1.781813,65018462
2017-11-22,2.774000,2.830000,2.766000,2.812000,1.810137,81295987
2017-11-23,2.806000,2.832000,2.792000,2.816000,1.812712,52404257
2017-11-24,2.806000,2.858000,2.806000,2.818000,1.813999,61665398
2017-11-27,2.810000,2.824000,2.766000,2.766000,1.780526,66423487
2017-11-28,2.768000,2.784000,2.754000,2.776000,1.786963,52726583
2017-11-29,2.794000,2.834000,2.792000,2.820000,1.815287,82168490
2017-11-30,2.834000,2.856000,2.816000,2.822000,1.816574,74965769
2017-12-01,2.830000,2.832000,2.768000,2.768000,1.781813,84177750
2017-12-04,2.804000,2.820000,2.792000,2.816000,1.812712,65214084
2017-12-05,2.810000,2.834000,2.794000,2.800000,1.802412,60393276
2017-12-06,2.776000,2.798000,2.764000,2.774000,1.785676,71577216
2017-12-07,2.780000,2.818000,2.772000,2.806000,1.806275,57434956
2017-12-08,2.822000,2.906000,2.822000,2.880000,1.853910,125815870
2017-12-11,2.882000,2.914000,2.870000,2.876000,1.851335,84532241
2017-12-12,2.884000,2.912000,2.852000,2.906000,1.870647,109952546
2017-12-13,2.906000,2.936000,2.864000,2.872000,1.848760,116782411
2017-12-14,2.858000,2.878000,2.808000,2.808000,1.807562,113620705
2017-12-15,2.784000,2.802000,2.746000,2.802000,1.803700,179327730
2017-12-18,2.816000,2.836000,2.800000,2.818000,1.813999,77616210
2017-12-19,2.810000,2.826000,2.792000,2.792000,1.797263,56598868
2017-12-20,2.794000,2.804000,2.772000,2.788000,1.794688,63374469
2017-12-21,2.788000,2.840000,2.768000,2.830000,1.821724,83732327
2017-12-22,2.816000,2.844000,2.796000,2.840000,1.828161,63983318
2017-12-27,2.846000,2.850000,2.812000,2.818000,1.813999,41058003
2017-12-28,2.810000,2.816000,2.790000,2.790000,1.795975,56512100
2017-12-29,2.794000,2.796000,2.754000,2.770000,1.783101,73906621
2018-01-02,2.770000,2.786000,2.738000,2.754000,1.772801,81991381
2018-01-03,2.758000,2.764000,2.714000,2.750000,1.770226,64884639
2018-01-04,2.754000,2.840000,2.748000,2.822000,1.816574,99301235
2018-01-05,2.818000,2.838000,2.788000,2.816000,1.812712,67577007
2018-01-08,2.820000,2.828000,2.798000,2.808000,1.807562,57196438
2018-01-09,2.808000,2.842000,2.806000,2.840000,1.828161,59647496
2018-01-10,2.842000,2.982000,2.840000,2.970000,1.911845,190999413
2018-01-11,2.970000,3.010000,2.962000,2.988000,1.923432,126866120
2018-01-12,3.006000,3.046000,2.992000,3.026000,1.947893,96420364
2018-01-15,3.028000,3.056000,3.004000,3.038000,1.955618,59442616
2018-01-16,3.044000,3.064000,3.026000,3.044000,1.959480,85883671
2018-01-17,3.018000,3.060000,3.012000,3.058000,1.968492,78418759
2018-01-18,3.058000,3.094000,3.044000,3.094000,1.991666,90380357
2018-01-19,3.080000,3.112000,3.072000,3.088000,1.987803,100442963
2018-01-22,3.080000,3.136000,3.074000,3.126000,2.012264,86151823
2018-01-23,3.140000,3.170000,3.116000,3.128000,2.013552,73579464
2018-01-24,3.126000,3.146000,3.082000,3.082000,1.983941,66438793
2018-01-25,3.092000,3.134000,3.086000,3.122000,2.009690,90788171
2018-01-26,3.122000,3.160000,3.116000,3.160000,2.034151,81859611
2018-01-29,3.160000,3.186000,3.155000,3.185000,2.050244,101609018
2018-01-30,3.158500,3.193500,3.124000,3.146000,2.025139,93792617
2018-01-31,3.156000,3.167500,3.126500,3.160500,2.034473,67978842
2018-02-01,3.178000,3.183000,3.120500,3.138500,2.020311,90384495
2018-02-02,3.135000,3.143000,3.070500,3.115500,2.005506,96470900
2018-02-05,3.100500,3.118000,3.059000,3.083500,1.984907,104099682
2018-02-06,3.000000,3.175500,2.982000,3.104000,1.998103,295915516
2018-02-07,3.174500,3.230000,3.139000,3.210000,2.066337,212445236
2018-02-08,3.201000,3.217500,3.127500,3.147500,2.026104,151329118
2018-02-09,3.123000,3.145500,3.050000,3.083500,1.984907,169635676
2018-02-12,3.127500,3.144000,3.081000,3.105000,1.998747,93087594
2018-02-13,3.099500,3.103500,3.061000,3.074500,1.979113,87771019
2018-02-14,3.099500,3.117500,3.038000,3.101000,1.996172,173898869
2018-02-15,3.118500,3.147000,3.076000,3.097000,1.993597,109790420
2018-02-16,3.126000,3.147000,3.111500,3.137500,2.019668,108623253
2018-02-19,3.149500,3.154500,3.104000,3.107500,2.000356,53593576
2018-02-20,3.108500,3.118000,3.067000,3.089000,1.988447,88577821
2018-02-21,3.076000,3.102000,3.055000,3.098000,1.994241,59097508
2018-02-22,3.080000,3.088000,3.035500,3.058500,1.968814,99979510
2018-02-23,3.055500,3.087500,3.036000,3.083000,1.984584,69910537
2018-02-26,3.086500,3.102000,3.061000,3.085000,1.985872,52879394
2018-02-27,3.094000,3.130500,3.077000,3.102000,1.996815,102932473
2018-02-28,3.090500,3.128000,3.087500,3.096000,1.992953,81781752
2018-03-01,3.086000,3.091500,3.054000,3.073000,1.978148,83239350
2018-03-02,3.051500,3.056500,2.972500,3.006500,1.935340,145067426
2018-03-05,2.929000,2.985000,2.900000,2.964000,1.907982,135834799
2018-03-06,2.984500,3.000000,2.947500,2.991500,1.925684,92747840
2018-03-07,2.980000,3.041000,2.971500,3.025500,1.947571,75922016
2018-03-08,3.036500,3.074500,3.015000,3.042500,1.958514,85101505
2018-03-09,3.031000,3.052000,3.020500,3.038000,1.955618,76854534
2018-03-12,3.053500,3.063000,3.036500,3.051500,1.964308,45642846
2018-03-13,3.048000,3.056500,3.015500,3.043000,1.958836,78538306
2018-03-14,3.040000,3.045500,2.990000,2.997500,1.929547,80136735
2018-03-15,3.000000,3.025000,2.983500,3.018000,1.942743,100303717
2018-03-16,3.024500,3.096500,3.020500,3.077000,1.980722,234461130
2018-03-19,3.075000,3.093000,3.028000,3.040000,1.956905,76062430
2018-03-20,3.041000,3.077500,3.041000,3.059000,1.969136,68742134
2018-03-21,3.063000,3.066500,3.005500,3.041000,1.957548,77133191
2018-03-22,3.027000,3.041500,2.946500,2.987000,1.922788,117634923
2018-03-23,2.940000,2.964500,2.910000,2.952500,1.900580,126038145
2018-03-26,2.956000,2.959000,2.905500,2.924000,1.882234,85543439
2018-03-27,2.967000,2.972000,2.915000,2.926500,1.883843,78143695
2018-03-28,2.905000,2.953000,2.894500,2.953000,1.900901,91493660
2018-03-29,2.954500,2.979000,2.953500,2.953500,1.901223,69943006
2018-04-03,2.948000,2.976500,2.933500,2.957000,1.903476,68040935
2018-04-04,2.956500,2.962000,2.911500,2.946500,1.896717,81469484
2018-04-05,2.977500,3.015500,2.977000,3.003000,1.933088,83202420
2018-04-06,3.000000,3.005500,2.981000,2.995500,1.928259,64304778
2018-04-09,2.999500,3.034500,2.996000,3.021000,1.944674,59040817
2018-04-10,3.037500,3.052000,3.021000,3.036000,1.954330,68200984
2018-04-11,3.036000,3.039000,3.000000,3.015000,1.940812,55766432
2018-04-12,3.019500,3.050000,3.008000,3.050000,1.963342,62114753
2018-04-13,3.054000,3.108000,3.044500,3.067000,1.974285,100391796
2018-04-16,3.067500,3.084000,3.064500,3.076000,1.980079,53119076
2018-04-17,3.086000,3.138000,3.086000,3.105000,1.998747,101079897
2018-04-18,3.134500,3.137000,3.090500,3.110000,2.001965,76822705
2018-04-19,3.109500,3.121000,3.102000,3.111500,2.002931,58863428
2018-04-20,3.124000,3.149000,3.108000,3.135000,2.018058,82250850
2018-04-23,3.135000,3.170000,3.134500,3.168000,2.039301,85610795
2018-04-24,3.170000,3.200000,3.161500,3.195500,2.057003,93437136
2018-04-25,3.185000,3.199500,3.134000,3.153500,2.029967,92667131
2018-04-26,3.160500,3.181500,3.150500,3.173000,2.042519,60695344
2018-04-27,3.172500,3.181000,3.132000,3.153000,2.029645,74106248
2018-04-30,3.164500,3.177500,3.147000,3.157000,2.032220,72177707
2018-05-02,3.161000,3.178000,3.151000,3.168500,2.039623,76396540
2018-05-03,3.168000,3.174000,3.140000,3.153000,2.029645,67002503
2018-05-04,3.155000,3.158500,3.124000,3.150500,2.028036,75904508
2018-05-07,3.158500,3.177000,3.142000,3.161500,2.035116,57959608
2018-05-08,3.165500,3.168500,3.087000,3.143500,2.023530,155650712
2018-05-09,3.153500,3.182000,3.148500,3.160000,2.034151,112507959
2018-05-10,3.160000,3.170000,3.111500,3.131000,2.015483,114481736
2018-05-11,3.138000,3.148000,3.116500,3.146000,2.025139,60259451
2018-05-14,3.150000,3.150500,3.113500,3.150000,2.027714,70081725
2018-05-15,3.143000,3.180000,3.140500,3.178000,2.045738,88694144
2018-05-16,3.156000,3.163500,3.066000,3.100000,1.995528,194978071
2018-05-17,3.094000,3.120000,3.035000,3.075500,1.979757,134659097
2018-05-18,3.087000,3.087500,2.982500,3.000000,1.931156,222493112
2018-05-21,2.800000,2.845500,2.762500,2.780000,1.919419,174633405
2018-05-22,2.796000,2.824000,2.762000,2.799000,1.932537,159117521
2018-05-23,2.792000,2.792000,2.741000,2.750000,1.898705,129946214
2018-05-24,2.769000,2.787000,2.700000,2.724500,1.881099,120848258
2018-05-25,2.720000,2.720000,2.595000,2.638000,1.821377,246039655
2018-05-28,2.691000,2.719500,2.507500,2.552500,1.762344,211952766
2018-05-29,2.480000,2.493000,2.381000,2.448000,1.690193,331224162
2018-05-30,2.479500,2.547500,2.444500,2.521000,1.740595,259393413
2018-05-31,2.563500,2.583500,2.467000,2.514500,1.736107,239100403
2018-06-01,2.600000,2.660000,2.580000,2.597500,1.793414,227519520
2018-06-04,2.644000,2.656000,2.558000,2.597000,1.793068,145346806
2018-06-05,2.573000,2.613500,2.488500,2.497500,1.724370,178269995
2018-06-06,2.492500,2.515500,2.413500,2.484500,1.715394,197198018
2018-06-07,2.518000,2.527500,2.432500,2.455000,1.695026,135756543
2018-06-08,2.404000,2.431500,2.390500,2.425000,1.674313,132646746
2018-06-11,2.526500,2.592500,2.502000,2.586000,1.785473,203010305
2018-06-12,2.600000,2.620000,2.566500,2.584500,1.784438,119025826
2018-06-13,2.587000,2.622500,2.578500,2.598000,1.793759,113513534
2018-06-14,2.586500,2.604000,2.552500,2.594000,1.790997,166461180
2018-06-15,2.609000,2.609500,2.513000,2.547500,1.758892,180104551
2018-06-18,2.533000,2.575500,2.530500,2.553500,1.763034,86012432
2018-06-19,2.517500,2.587500,2.502000,2.566000,1.771665,90819711
2018-06-20,2.590000,2.627500,2.589000,2.613500,1.804461,111670303
2018-06-21,2.616000,2.631000,2.555500,2.562000,1.768903,97067062
2018-06-22,2.581000,2.614000,2.560000,2.588000,1.786854,70011217
2018-06-25,2.569500,2.570000,2.504000,2.504000,1.728858,80965272
2018-06-26,2.536500,2.536500,2.462000,2.478000,1.710906,93486491
2018-06-27,2.474000,2.479500,2.398500,2.440000,1.684670,145788464
2018-06-28,2.421500,2.488000,2.406500,2.488000,1.717811,107924201
2018-06-29,2.518000,2.560000,2.486500,2.486500,1.716775,109861742
2018-07-02,2.457500,2.479000,2.413500,2.468500,1.704347,85086529
2018-07-03,2.492500,2.538000,2.468000,2.519000,1.739214,93656586
2018-07-04,2.510000,2.533000,2.507000,2.531500,1.747845,44211759
2018-07-05,2.540000,2.588500,2.539500,2.565000,1.770974,88984452
2018-07-06,2.573500,2.579000,2.551000,2.561500,1.768558,58805112
2018-07-09,2.579000,2.581000,2.555500,2.566500,1.772010,49033767
2018-07-10,2.569000,2.577000,2.512500,2.525500,1.743702,64415483
2018-07-11,2.510000,2.517500,2.467000,2.475000,1.708835,77143039
2018-07-12,2.480000,2.489000,2.445000,2.446000,1.688812,81375847
2018-07-13,2.464000,2.471500,2.435000,2.460500,1.698824,69891811
2018-07-16,2.460500,2.496500,2.455500,2.455500,1.695371,53989460
2018-07-17,2.463500,2.490500,2.441000,2.480000,1.712287,66562214
2018-07-18,2.482000,2.486000,2.448000,2.463500,1.700895,77920836
2018-07-19,2.454000,2.472000,2.416500,2.423500,1.673277,75956986
2018-07-20,2.410000,2.420500,2.384500,2.405500,1.660849,115260340
2018-07-23,2.402000,2.431000,2.387000,2.401000,1.657743,65406832
2018-07-24,2.427000,2.475000,2.425500,2.475000,1.708835,84896023
2018-07-25,2.470000,2.485500,2.444000,2.446500,1.689157,63411094
2018-07-26,2.454500,2.477500,2.448000,2.477500,1.710561,57633017
2018-07-27,2.482000,2.521000,2.470000,2.509500,1.732655,61124770
2018-07-30,2.506000,2.530000,2.499000,2.530000,1.746809,54239795
2018-07-31,2.525000,2.634000,2.525000,2.634000,1.818615,150133167
2018-08-01,2.635000,2.659000,2.511000,2.513000,1.735072,154014473
2018-08-02,2.510000,2.511500,2.400000,2.416000,1.668099,161620465
2018-08-03,2.433500,2.451500,2.366000,2.445000,1.688122,111477320
2018-08-06,2.458000,2.459000,2.431000,2.440000,1.684670,100161455
2018-08-07,2.450000,2.455000,2.433500,2.440000,1.684670,67345994
2018-08-08,2.445000,2.445500,2.409500,2.410500,1.664302,85027282
2018-08-09,2.408500,2.417000,2.380500,2.385000,1.646695,78293517
2018-08-10,2.366000,2.367500,2.262000,2.298000,1.586627,167747835
2018-08-13,2.270000,2.287000,2.225000,2.260000,1.560391,116866376
2018-08-14,2.289000,2.294500,2.232500,2.240000,1.546582,86709631
2018-08-16,2.220000,2.245500,2.192500,2.199500,1.518619,107773448
2018-08-17,2.200000,2.201500,2.147500,2.182500,1.506882,114516530
2018-08-20,2.180500,2.204000,2.160500,2.169000,1.497561,64763105
2018-08-21,2.169000,2.242500,2.168500,2.242500,1.548308,95819045
2018-08-22,2.237500,2.264000,2.203500,2.210500,1.526214,75475476
2018-08-23,2.207000,2.212500,2.183500,2.200000,1.518964,67007382
2018-08-24,2.199500,2.217000,2.189500,2.203500,1.521381,54916832
2018-08-27,2.205500,2.207000,2.173000,2.203000,1.521036,54383636
2018-08-28,2.202000,2.213500,2.151500,2.179000,1.504465,92874377
2018-08-29,2.168000,2.208000,2.156500,2.208000,1.524488,76722184
2018-08-30,2.200000,2.209000,2.156000,2.156000,1.488585,89771346
2018-08-31,2.160000,2.172000,2.111500,2.127500,1.468908,102691706
2018-09-03,2.130000,2.171000,2.129000,2.171000,1.498941,68602255
2018-09-04,2.190500,2.290500,2.175500,2.283500,1.576616,165665193
2018-09-05,2.272500,2.380000,2.269500,2.331500,1.609757,196201234
2018-09-06,2.326500,2.362500,2.300000,2.300000,1.588008,87353943
2018-09-07,2.310000,2.317000,2.236000,2.262500,1.562117,107148746
2018-09-10,2.278000,2.386500,2.266500,2.365000,1.632887,141861817
2018-09-11,2.393500,2.399500,2.318500,2.327500,1.606995,99138309
2018-09-12,2.326500,2.343000,2.255000,2.340000,1.615626,145195760
2018-09-13,2.320000,2.354500,2.311500,2.329000,1.608031,75319527
2018-09-14,2.337000,2.345000,2.306500,2.344000,1.618388,66268611
2018-09-17,2.340000,2.400000,2.340000,2.398500,1.656016,103913487
2018-09-18,2.389500,2.398000,2.359000,2.395500,1.653945,86070222
2018-09-19,2.401000,2.435000,2.368500,2.427500,1.676039,118116879
2018-09-20,2.424000,2.456000,2.400000,2.415500,1.667754,151498643
2018-09-21,2.438500,2.460000,2.418500,2.448500,1.690538,277832823
2018-09-24,2.437000,2.440000,2.395500,2.397000,1.654981,84039167
2018-09-25,2.409500,2.470000,2.406500,2.470000,1.705383,111388105
2018-09-26,2.460500,2.467500,2.432500,2.432500,1.679491,113650396
2018-09-27,2.386500,2.407500,2.332000,2.404000,1.659814,136048301
2018-09-28,2.270000,2.322000,2.194000,2.201000,1.519655,304694035
2018-10-01,2.189000,2.242000,2.099500,2.115000,1.460277,171356411
2018-10-02,2.072000,2.122500,2.022000,2.108000,1.455444,201658035
2018-10-03,2.193500,2.199500,2.106000,2.119500,1.463384,165957646
2018-10-04,2.140000,2.174000,2.113000,2.165000,1.494799,147886699
2018-10-05,2.150500,2.153500,2.090000,2.098500,1.448885,136760214
2018-10-08,2.066500,2.068000,2.010500,2.030000,1.401590,160514698
2018-10-09,2.038000,2.074500,1.999200,2.074500,1.432315,221949297
2018-10-10,2.034000,2.134000,2.034000,2.085500,1.439909,136924449
2018-10-11,2.053000,2.099000,2.026500,2.034000,1.404352,154777212
2018-10-12,2.052500,2.087000,2.025500,2.026000,1.398828,128190371
2018-10-15,2.024500,2.066000,2.021000,2.041500,1.409530,85600627
2018-10-16,2.045500,2.078500,2.027500,2.070000,1.429207,109539983
2018-10-17,2.079500,2.096000,2.043000,2.046500,1.412982,105194643
2018-10-18,2.032000,2.052000,1.979000,1.979000,1.366377,147961068
2018-10-19,1.972400,2.015000,1.908800,1.984200,1.369968,210807750
2018-10-22,2.046000,2.078000,1.938600,1.967600,1.358506,169099784
2018-10-23,1.937000,2.004000,1.930000,1.968200,1.358921,147732658
2018-10-24,1.975400,1.978400,1.900600,1.900600,1.312247,127689962
2018-10-25,1.899600,1.960400,1.884000,1.953200,1.348564,156501370
2018-10-26,1.942000,1.947000,1.902400,1.937800,1.337931,130691190
2018-10-29,1.983800,2.025500,1.965000,1.996600,1.378529,138948024
2018-10-30,2.004000,2.037500,1.976600,1.992000,1.375353,139416219
2018-10-31,2.016000,2.016500,1.952600,1.953000,1.348426,143916292
2018-11-01,1.948800,1.989800,1.941400,1.985800,1.371072,91713172
2018-11-02,2.014000,2.024000,1.998800,2.006500,1.385365,109052982
2018-11-05,1.993000,1.998000,1.952400,1.976200,1.364444,103652678
2018-11-06,1.965800,2.047000,1.943200,2.001500,1.381912,132803129
2018-11-07,2.003000,2.058500,2.000000,2.055000,1.418851,125316058
2018-11-08,2.060000,2.084000,2.013000,2.029000,1.400899,106216198
2018-11-09,2.010000,2.020500,1.983000,2.005500,1.384674,98184591
2018-11-12,2.005500,2.009000,1.960200,1.960200,1.353397,79170654
2018-11-13,1.963800,2.008000,1.946600,2.002500,1.382603,105234290
2018-11-14,1.979800,2.004500,1.953200,1.978800,1.366239,76374993
2018-11-15,1.985800,2.003500,1.928400,1.953800,1.348978,104677883
2018-11-16,1.955600,1.969400,1.906000,1.919400,1.325227,139676738
2018-11-19,1.912000,1.964400,1.912000,1.926200,1.329922,88806183
2018-11-20,1.916000,1.921600,1.862000,1.878800,1.297196,127619731
2018-11-21,1.920000,1.951000,1.899000,1.932000,1.333927,125373323
2018-11-22,1.923800,1.962800,1.899000,1.931800,1.333789,97234477
2018-11-23,1.940000,1.973000,1.935200,1.952200,1.347874,87275762
2018-11-26,2.020500,2.073000,2.012500,2.040500,1.408840,166858254
2018-11-27,2.032000,2.071500,2.024000,2.039500,1.408149,116192459
2018-11-28,2.040000,2.074000,2.040000,2.054000,1.418160,125809191
2018-11-29,2.080000,2.093000,2.021500,2.032500,1.403316,125288930
2018-11-30,2.039000,2.048000,2.003000,2.048000,1.414018,100495146
2018-12-03,2.095500,2.123000,2.090000,2.112500,1.458551,147050057
2018-12-04,2.104500,2.116500,2.064000,2.064000,1.425065,107007794
2018-12-05,2.040000,2.089500,2.026500,2.080500,1.436457,110688306
2018-12-06,2.054000,2.059000,1.965400,1.973400,1.362511,191779021
2018-12-07,1.993600,2.001500,1.976200,1.982000,1.368449,98272066
2018-12-10,1.970400,1.999000,1.939600,1.939600,1.339174,109203349
2018-12-11,1.946000,1.955800,1.926200,1.934000,1.335308,98428574
2018-12-12,1.941800,2.022500,1.933600,2.013000,1.389852,132886707
2018-12-13,2.050000,2.096000,2.024000,2.032000,1.402971,144099680
2018-12-14,2.022000,2.029000,1.984200,2.014000,1.390543,81335907
2018-12-17,2.020000,2.021500,1.973000,1.973000,1.362235,91045602
2018-12-18,1.959600,2.008000,1.951200,1.985000,1.370520,95631383
2018-12-19,2.034500,2.087000,2.017000,2.019000,1.393995,155252646
2018-12-20,1.989000,1.995400,1.945000,1.945000,1.342903,191159766
2018-12-21,1.932600,1.941200,1.894000,1.912200,1.320256,228601040
2018-12-27,1.900000,1.915200,1.881400,1.909000,1.318047,131601243
2018-12-28,1.920200,1.961800,1.913600,1.939800,1.339312,101913177
2019-01-02,1.927600,1.933000,1.882800,1.906400,1.316252,98236797
2019-01-03,1.895200,1.945800,1.895000,1.901400,1.312799,120516423
2019-01-04,1.923000,1.999200,1.920000,1.999200,1.380324,135132352
2019-01-07,2.010000,2.043000,2.001000,2.033000,1.403661,106166510
2019-01-08,2.037000,2.057000,2.004000,2.009500,1.387436,110672611
2019-01-09,2.024500,2.029500,1.993000,2.006500,1.385365,105878636
2019-01-10,1.996200,2.026000,1.988600,2.021000,1.395376,73505445
2019-01-11,2.020500,2.025000,1.990200,2.011000,1.388471,82192921
2019-01-14,1.999800,2.009000,1.958800,1.981800,1.368311,106073872
2019-01-15,1.998000,2.008000,1.923400,1.957000,1.351188,137344144
2019-01-16,1.966600,2.030000,1.966600,2.030000,1.401590,131053327
2019-01-17,2.010000,2.038000,1.998200,2.013500,1.390198,93866981
2019-01-18,2.036000,2.047000,2.024500,2.038500,1.407459,113360522
2019-01-21,2.033000,2.039000,2.017000,2.039000,1.407804,44841235
2019-01-22,2.016500,2.030000,2.007000,2.026500,1.399173,83454859
2019-01-23,2.015500,2.065500,2.001000,2.039000,1.407804,95948108
2019-01-24,2.049500,2.070000,2.014500,2.028000,1.400209,126587456
2019-01-25,2.048000,2.068000,2.031500,2.064500,1.425410,112174223
2019-01-28,2.051000,2.054500,2.035000,2.045500,1.412292,99402495
2019-01-29,2.041000,2.059000,2.028000,2.048500,1.414363,78962784
2019-01-30,2.047500,2.061000,2.034500,2.061000,1.422994,90439865
2019-01-31,2.068000,2.074000,1.973000,1.994800,1.377286,230822472
2019-02-01,1.994800,2.011000,1.928200,1.962600,1.355054,151095232
2019-02-04,1.957800,1.979000,1.938200,1.961600,1.354364,104941723
2019-02-05,1.968800,2.025000,1.954000,1.992800,1.375905,217949783
2019-02-06,1.970200,2.048000,1.967000,2.040500,1.408840,163685712
2019-02-07,2.023500,2.059000,1.984400,1.984400,1.370106,173132240
2019-02-08,1.975400,2.003000,1.956400,1.975400,1.363892,119326417
2019-02-11,1.975200,2.028500,1.974400,1.999600,1.380600,128091867
2019-02-12,2.015000,2.021000,1.987200,2.006000,1.385019,125391300
2019-02-13,2.011000,2.024500,1.996000,2.013000,1.389852,111583633
2019-02-14,2.023500,2.023500,1.980000,1.984000,1.369830,133836477
2019-02-15,1.970000,2.050000,1.967000,2.047000,1.413327,199670916
2019-02-18,2.050500,2.079500,2.050000,2.065000,1.425755,123201050
2019-02-19,2.057000,2.073000,2.032000,2.055500,1.419196,128775029
2019-02-20,2.058000,2.058500,2.034000,2.056500,1.419886,93228353
2019-02-21,2.056000,2.066500,2.027000,2.040000,1.408494,109980712
2019-02-22,2.036500,2.055000,2.036000,2.042000,1.409875,64899447
2019-02-25,2.065000,2.089500,2.062500,2.084500,1.439219,128508271
2019-02-26,2.075000,2.087000,2.068000,2.076500,1.433695,130698068
2019-02-27,2.069500,2.143000,2.069000,2.131500,1.471669,173552692
2019-02-28,2.127000,2.189000,2.123500,2.169000,1.497561,203535962
2019-03-01,2.183000,2.193000,2.158000,2.158000,1.489966,119028692
2019-03-04,2.172500,2.179500,2.144000,2.165500,1.495144,94725899
2019-03-05,2.168500,2.188500,2.150000,2.161500,1.492383,99429968
2019-03-06,2.161500,2.196500,2.149500,2.182000,1.506536,106400334
2019-03-07,2.183500,2.219000,2.113000,2.133500,1.473050,221736467
2019-03-08,2.120000,2.145000,2.101500,2.119000,1.463039,168691981
2019-03-11,2.134000,2.146000,2.121000,2.137500,1.475812,85171778
2019-03-12,2.156000,2.162500,2.125000,2.136000,1.474776,87876437
2019-03-13,2.130500,2.156000,2.127000,2.154500,1.487549,76477729
2019-03-14,2.153500,2.190000,2.153500,2.170000,1.498251,139716426
2019-03-15,2.182000,2.199000,2.165000,2.199000,1.518274,237234002
2019-03-18,2.210000,2.253000,2.203500,2.233000,1.541749,134126834
2019-03-19,2.240500,2.262000,2.214500,2.236000,1.543820,115295140
2019-03-20,2.234500,2.252500,2.230000,2.230000,1.539678,83955242
2019-03-21,2.221000,2.233500,2.212500,2.215000,1.529321,114219444
2019-03-22,2.221000,2.226000,2.135500,2.156500,1.488930,213039394
2019-03-25,2.140500,2.174000,2.127500,2.149000,1.483752,99232056
2019-03-26,2.155000,2.166000,2.137000,2.143500,1.479955,99513116
2019-03-27,2.144500,2.208500,2.126500,2.160000,1.491347,157251906
2019-03-28,2.153500,2.164000,2.140500,2.164000,1.494109,92092637
2019-03-29,2.175500,2.183500,2.157000,2.171000,1.498941,94054310
2019-04-01,2.186500,2.211500,2.178500,2.205500,1.522762,124898782
2019-04-02,2.202000,2.209000,2.186000,2.198000,1.517583,81454830
2019-04-03,2.208000,2.233000,2.203500,2.217500,1.531047,121115740
2019-04-04,2.217000,2.245500,2.205500,2.234000,1.542439,113821584
2019-04-05,2.240500,2.246000,2.222000,2.234000,1.542439,84301002
2019-04-08,2.236500,2.245500,2.223500,2.233000,1.541749,78481294
2019-04-09,2.236000,2.256000,2.222500,2.236500,1.544165,97383914
2019-04-10,2.237500,2.247500,2.213500,2.221500,1.533809,94117125
2019-04-11,2.223500,2.250000,2.200500,2.234500,1.542785,136897066
2019-04-12,2.234000,2.305000,2.225500,2.283500,1.576616,183635824
2019-04-15,2.299500,2.327000,2.291000,2.301000,1.588699,107414847
2019-04-16,2.310500,2.333000,2.297000,2.322500,1.603543,125716775
2019-04-17,2.334000,2.355000,2.321000,2.342000,1.617007,121671772
2019-04-18,2.341000,2.350000,2.306500,2.332500,1.610447,140068617
2019-04-23,2.332000,2.341000,2.304500,2.321000,1.602507,89368925
2019-04-24,2.312500,2.314500,2.253500,2.275000,1.570747,158537341
2019-04-25,2.277000,2.290500,2.263000,2.277000,1.572128,75413729
2019-04-26,2.271500,2.288000,2.262000,2.285000,1.577652,85149827
2019-04-29,2.305500,2.339000,2.300500,2.332000,1.610102,131399255
2019-04-30,2.326000,2.346500,2.318500,2.337000,1.613554,119004026
2019-05-02,2.330000,2.358500,2.313500,2.327000,1.606650,107183606
2019-05-03,2.335000,2.337000,2.306000,2.322000,1.603198,82241391
2019-05-06,2.270000,2.296000,2.259500,2.289500,1.580759,118420285
2019-05-07,2.295500,2.325000,2.222000,2.242000,1.547963,186608688
2019-05-08,2.220000,2.228000,2.194000,2.216000,1.530011,148629660
2019-05-09,2.195000,2.205000,2.152000,2.164500,1.494454,157669237
2019-05-10,2.182000,2.202500,2.150500,2.159500,1.491001,111898694
2019-05-13,2.160000,2.162500,2.118000,2.118000,1.462348,135034656
2019-05-14,2.132000,2.150000,2.102000,2.150000,1.484442,125122222
2019-05-15,2.145500,2.148500,2.096000,2.131500,1.471669,168757165
2019-05-16,2.126000,2.183500,2.116500,2.183500,1.507572,159902179
2019-05-17,2.189500,2.193000,2.160500,2.170500,1.498596,193412988
2019-05-20,2.010000,2.030000,1.978000,1.978000,1.502013,267555796
2019-05-21,1.990000,1.992400,1.951400,1.977000,1.501254,149315227
2019-05-22,1.970000,1.976000,1.935600,1.941600,1.474373,141454533
2019-05-23,1.925000,1.930000,1.893200,1.903000,1.445062,172501432
2019-05-24,1.915600,1.941600,1.909800,1.918800,1.457059,129010405
2019-05-27,1.929600,1.949400,1.895000,1.908200,1.449010,72898819
2019-05-28,1.901000,1.902200,1.858400,1.887000,1.432912,163043820
2019-05-29,1.861000,1.878200,1.850600,1.865800,1.416813,129483038
2019-05-30,1.875800,1.887000,1.846400,1.865200,1.416358,100855754
2019-05-31,1.837200,1.843400,1.803400,1.833800,1.392514,182606976
2019-06-03,1.815400,1.830000,1.805400,1.826000,1.386591,106396116
2019-06-04,1.818000,1.877200,1.815200,1.866200,1.417117,133987183
2019-06-05,1.865600,1.867400,1.814800,1.850000,1.404815,112388136
2019-06-06,1.850000,1.884000,1.804600,1.826400,1.386895,142311859
2019-06-07,1.835000,1.845200,1.821200,1.832800,1.391755,86088119
2019-06-10,1.839000,1.854800,1.828200,1.845800,1.401626,68321992
2019-06-11,1.841200,1.859400,1.832000,1.847200,1.402689,83232508
2019-06-12,1.830000,1.842800,1.819000,1.828000,1.388110,93685838
2019-06-13,1.822000,1.844600,1.808000,1.842000,1.398741,71513585
2019-06-14,1.832000,1.844600,1.825000,1.837400,1.395248,74125611
2019-06-17,1.841000,1.848400,1.831000,1.831000,1.390388,62716233
2019-06-18,1.828200,1.874400,1.804000,1.873400,1.422585,162257949
2019-06-19,1.877600,1.909000,1.870600,1.907200,1.448251,119271192
2019-06-20,1.917600,1.929000,1.887000,1.890800,1.435797,187776642
2019-06-21,1.898600,1.913800,1.871600,1.875000,1.423799,224296291
2019-06-24,1.868400,1.897800,1.863600,1.874800,1.423648,74685911
2019-06-25,1.869200,1.879400,1.854000,1.868400,1.418788,72294208
2019-06-26,1.862600,1.887800,1.857400,1.877800,1.425926,83972073
2019-06-27,1.889000,1.904000,1.876600,1.878600,1.426533,100106160
2019-06-28,1.881400,1.887000,1.871200,1.882000,1.429115,103490414
2019-07-01,1.900000,1.903800,1.866200,1.867600,1.418180,94089515
2019-07-02,1.882000,1.892800,1.857000,1.885000,1.431393,88887870
2019-07-03,1.875400,1.980800,1.871000,1.980800,1.504140,204963830
2019-07-04,1.990000,2.043500,1.990000,2.026000,1.538463,185480060
2019-07-05,2.035000,2.042500,2.008000,2.032000,1.543019,112994574
2019-07-08,2.018000,2.039500,2.003500,2.017500,1.532008,91326320
2019-07-09,2.011500,2.015000,1.984600,2.006500,1.523655,102829883
2019-07-10,2.013500,2.052000,2.009500,2.031000,1.542259,109618769
2019-07-11,2.043500,2.062000,2.032000,2.055500,1.560864,83113779
2019-07-12,2.062500,2.074500,2.051000,2.051000,1.557447,80930633
2019-07-15,2.057500,2.065000,2.030500,2.048500,1.555549,65898461
2019-07-16,2.041000,2.073500,2.041000,2.062000,1.565800,91533799
2019-07-17,2.060500,2.074000,2.042000,2.043000,1.551372,78455921
2019-07-18,2.036000,2.064000,2.024500,2.050000,1.556687,88689210
2019-07-19,2.070500,2.073000,1.995200,2.008000,1.524794,157351048
2019-07-22,1.999800,2.018000,1.995400,2.011500,1.527452,93385489
2019-07-23,2.016500,2.049000,2.015000,2.035000,1.545297,83007946
2019-07-24,2.037000,2.044500,2.011500,2.035000,1.545297,72952685
2019-07-25,2.038500,2.080000,2.007000,2.020000,1.533907,153440321
2019-07-26,2.021000,2.024000,2.001000,2.010000,1.526313,88679828
2019-07-29,2.006500,2.017000,1.991200,1.991200,1.512037,62197711
2019-07-30,1.990000,1.991400,1.932000,1.966000,1.492901,157098759
2019-07-31,1.969800,2.003000,1.953400,1.960400,1.488649,122878586
2019-08-01,1.960400,2.022500,1.960400,2.000000,1.518719,135656648
2019-08-02,1.962400,1.982000,1.942000,1.952600,1.482726,138987735
2019-08-05,1.948000,1.979800,1.937400,1.967800,1.494268,136389086
2019-08-06,1.976000,1.979400,1.944600,1.944600,1.476651,75338356
2019-08-07,1.952200,1.957000,1.898800,1.910000,1.450377,140309575
2019-08-08,1.930800,1.952000,1.908200,1.945400,1.477258,85942153
2019-08-09,1.894600,1.894600,1.852600,1.874800,1.423648,200288827
2019-08-12,1.888200,1.895400,1.836000,1.836000,1.394184,111863461
2019-08-13,1.831000,1.890000,1.811000,1.887200,1.433064,133437048
2019-08-14,1.880000,1.886600,1.832400,1.845600,1.401474,136479920
2019-08-16,1.856000,1.892000,1.840200,1.882000,1.429115,196454418
2019-08-19,1.910800,1.936000,1.907400,1.914200,1.453566,123200051
2019-08-20,1.910000,1.914000,1.881600,1.903400,1.445365,88106928
2019-08-21,1.908000,1.941400,1.908000,1.922600,1.459945,90895847
2019-08-22,1.921000,1.963400,1.915000,1.941800,1.474525,99222242
2019-08-23,1.962600,1.965400,1.903200,1.903200,1.445214,123055215
2019-08-26,1.901200,1.952400,1.900000,1.940000,1.473158,118697120
2019-08-27,1.954000,1.966800,1.935000,1.948200,1.479385,107341856
2019-08-28,1.950000,1.976200,1.938000,1.968600,1.494876,165815557
2019-08-29,1.978000,2.032500,1.971800,2.013500,1.528971,175020992
2019-08-30,2.019000,2.027500,1.982400,1.993200,1.513556,139750829
2019-09-02,2.000000,2.019000,1.994200,2.003500,1.521377,61050423
2019-09-03,2.010000,2.015000,1.978600,2.000500,1.519099,76534306
2019-09-04,2.041500,2.048000,2.021000,2.027500,1.539602,123880188
2019-09-05,2.041000,2.056000,2.028000,2.056000,1.561244,125926029
2019-09-06,2.060000,2.077000,2.043500,2.067000,1.569596,118252483
2019-09-09,2.076500,2.102000,2.071000,2.101500,1.595794,104915430
2019-09-10,2.101500,2.137500,2.088500,2.123500,1.612500,137847475
2019-09-11,2.132500,2.147500,2.081000,2.108000,1.600730,163934956
2019-09-12,2.104000,2.139000,2.072000,2.122500,1.611741,175115719
2019-09-13,2.140000,2.185000,2.136500,2.182000,1.656923,178917743
2019-09-16,2.170000,2.188000,2.138500,2.143500,1.627688,139357713
2019-09-17,2.140500,2.146000,2.114500,2.125000,1.613639,121961163
2019-09-18,2.131000,2.144000,2.126000,2.126000,1.614399,76733066
2019-09-19,2.132000,2.170000,2.127000,2.164000,1.643254,113216968
2019-09-20,2.164000,2.182000,2.155000,2.166000,1.644773,180464891
2019-09-23,2.166000,2.167000,2.122500,2.140500,1.625409,103355544
2019-09-24,2.148000,2.157000,2.130000,2.130000,1.617436,85999164
2019-09-25,2.119500,2.135000,2.075000,2.135000,1.621233,118517774
2019-09-26,2.130000,2.154500,2.122500,2.143000,1.627308,101312867
2019-09-27,2.154500,2.166500,2.145000,2.160500,1.640597,76134291
2019-09-30,2.165000,2.178500,2.157000,2.175500,1.651987,95370401
2019-10-01,2.180500,2.199500,2.147000,2.155000,1.636420,117614257
2019-10-02,2.148000,2.156000,2.094000,2.094000,1.590099,140336521
2019-10-03,2.095000,2.108500,2.062000,2.091000,1.587821,114191476
2019-10-04,2.091000,2.102000,2.073500,2.095500,1.591238,79152046
2019-10-07,2.090500,2.108000,2.079000,2.108000,1.600730,62008746
2019-10-08,2.114500,2.115500,2.068000,2.086000,1.584024,76194525
2019-10-09,2.079000,2.117000,2.079000,2.103500,1.597313,70218069
2019-10-10,2.105500,2.152000,2.100000,2.149500,1.632244,110513867
2019-10-11,2.157000,2.186000,2.145500,2.186000,1.659961,151538267
2019-10-14,2.170500,2.184000,2.164000,2.180000,1.655404,78616650
2019-10-15,2.194000,2.216000,2.181000,2.210000,1.678185,137438957
2019-10-16,2.209000,2.261000,2.206000,2.238500,1.699827,182533638
2019-10-17,2.230500,2.275000,2.229000,2.231500,1.694511,142521621
2019-10-18,2.241500,2.245500,2.220000,2.234500,1.696789,108436013
2019-10-21,2.234500,2.271000,2.230000,2.253000,1.710837,118457476
2019-10-22,2.265000,2.275000,2.248000,2.275000,1.727543,118319268
2019-10-23,2.263000,2.279000,2.248000,2.270000,1.723747,135750647
2019-10-24,2.274000,2.286000,2.258000,2.271000,1.724506,115864605
2019-10-25,2.271000,2.277000,2.253500,2.272500,1.725645,70881348
2019-10-28,2.265500,2.282500,2.249000,2.278500,1.730201,83098734
2019-10-29,2.282000,2.290000,2.271500,2.272000,1.725265,77790299
2019-10-30,2.274500,2.281000,2.216500,2.248500,1.707420,120392255
2019-10-31,2.250000,2.254500,2.224500,2.246000,1.705522,102364086
2019-11-01,2.250000,2.273000,2.237500,2.273000,1.726025,77603854
2019-11-04,2.280000,2.306000,2.277000,2.306000,1.751084,138915066
2019-11-05,2.314500,2.349500,2.310000,2.340000,1.776902,187207343
2019-11-06,2.345500,2.367000,2.319500,2.337500,1.775004,149437952
2019-11-07,2.350500,2.377000,2.344500,2.356000,1.789052,134439711
2019-11-08,2.356500,2.358000,2.321000,2.343000,1.779180,126002191
2019-11-11,2.330000,2.357000,2.320000,2.357000,1.789811,87593952
2019-11-12,2.367000,2.389500,2.359500,2.378000,1.805757,122892061
2019-11-13,2.369000,2.373000,2.325000,2.345000,1.780699,115224834
2019-11-14,2.340500,2.352500,2.324000,2.326000,1.766271,80699701
2019-11-15,2.341500,2.346500,2.321000,2.338000,1.775383,87576665
2019-11-18,2.345000,2.358500,2.334000,2.350000,1.784495,91393189
2019-11-19,2.352000,2.377000,2.340500,2.347500,1.782597,96904250
2019-11-20,2.336500,2.348500,2.324500,2.345000,1.780699,86053281
2019-11-21,2.334000,2.358000,2.328000,2.354000,1.787533,75237410
2019-11-22,2.359500,2.371500,2.339000,2.343500,1.779559,77801082
2019-11-25,2.356500,2.363500,2.342500,2.352500,1.786394,41444685
2019-11-26,2.349000,2.353500,2.332000,2.342000,1.778421,82290353
2019-11-27,2.344000,2.347000,2.327500,2.327500,1.767410,62688089
2019-11-28,2.320000,2.325000,2.297000,2.310000,1.754121,64034958
2019-11-29,2.296000,2.315500,2.292000,2.300500,1.746907,70270722
2019-12-02,2.306500,2.336000,2.264000,2.271000,1.724506,104503483
2019-12-03,2.277000,2.291500,2.168000,2.245000,1.704762,102108853
2019-12-04,2.255000,2.291000,2.248000,2.291000,1.739693,77054982
2019-12-05,2.294000,2.311500,2.281500,2.288000,1.737415,60910523
2019-12-06,2.299500,2.320000,2.281000,2.313500,1.756779,81039977
2019-12-09,2.320000,2.321000,2.276000,2.297000,1.744249,75045173
2019-12-10,2.294000,2.307500,2.275500,2.304000,1.749565,67906401
2019-12-11,2.297000,2.316500,2.295000,2.311000,1.754880,55054038
2019-12-12,2.317000,2.363500,2.314500,2.352500,1.786394,110830282
2019-12-13,2.383500,2.390000,2.317500,2.328000,1.767789,146026134
2019-12-16,2.343500,2.352500,2.333000,2.346500,1.781838,65642064
2019-12-17,2.341500,2.364000,2.340000,2.363000,1.794367,84817545
2019-12-18,2.364000,2.374500,2.356500,2.366000,1.796645,70191489
2019-12-19,2.361000,2.380000,2.358000,2.380000,1.807276,87441143
2019-12-20,2.400000,2.405000,2.374500,2.405000,1.826260,220630496
2019-12-23,2.393000,2.402500,2.380500,2.400500,1.822843,59129289
2019-12-27,2.390500,2.399500,2.355000,2.355000,1.788292,85908015
2019-12-30,2.355000,2.366500,2.348500,2.348500,1.783356,45563575
2020-01-02,2.367500,2.384000,2.359000,2.381000,1.808036,71760019
2020-01-03,2.372000,2.373000,2.337000,2.349500,1.784116,86629018
2020-01-06,2.326500,2.343000,2.286000,2.340000,1.776902,86463465
2020-01-07,2.350000,2.358500,2.334000,2.345000,1.780699,62600412
2020-01-08,2.322500,2.360000,2.315500,2.338000,1.775383,97035178
2020-01-09,2.365000,2.379500,2.357500,2.374000,1.802720,90032175
2020-01-10,2.376000,2.378500,2.355500,2.357000,1.789811,65528049
2020-01-13,2.363500,2.367000,2.334000,2.341000,1.777661,71221102
2020-01-14,2.340000,2.348500,2.311000,2.347000,1.782217,90239786
2020-01-15,2.345000,2.345000,2.310000,2.320000,1.761714,96739311
2020-01-16,2.325000,2.334000,2.298000,2.322500,1.763613,90772913
2020-01-17,2.331000,2.349000,2.323500,2.336500,1.774244,66933164
2020-01-20,2.328500,2.334000,2.310000,2.318500,1.760576,49611652
2020-01-21,2.308000,2.310000,2.288500,2.304000,1.749565,80836422
2020-01-22,2.299000,2.306000,2.263000,2.280000,1.731340,102424188
2020-01-23,2.271000,2.297500,2.255000,2.268000,1.722228,77107388
2020-01-24,2.279000,2.302000,2.271000,2.278000,1.729822,70441500
2020-01-27,2.269500,2.318000,2.252500,2.255000,1.712356,147158071
2020-01-28,2.265000,2.314000,2.239500,2.305500,1.750704,112703643
2020-01-29,2.303000,2.324500,2.295500,2.320000,1.761714,69010236
2020-01-30,2.296000,2.302000,2.262000,2.291500,1.740073,108764240
2020-01-31,2.300000,2.302500,2.238500,2.245500,1.705142,132575712
2020-02-03,2.250500,2.289500,2.246500,2.285000,1.735137,92218747
2020-02-04,2.319000,2.377000,2.305000,2.351500,1.785635,184520579
2020-02-05,2.360000,2.449500,2.357000,2.449500,1.860052,241842028
2020-02-06,2.476500,2.514500,2.469000,2.471500,1.876757,179797081
2020-02-07,2.465000,2.477500,2.451000,2.476000,1.880175,86604351
2020-02-10,2.466500,2.486000,2.457000,2.459000,1.867266,72979804
2020-02-11,2.474000,2.496500,2.461500,2.482500,1.885111,103714466
2020-02-12,2.482000,2.529500,2.482000,2.507500,1.904094,121747624
2020-02-13,2.500000,2.510000,2.470000,2.510000,1.905993,103493811
2020-02-14,2.511000,2.512000,2.493000,2.507500,1.904094,86112424
2020-02-17,2.511500,2.540000,2.511500,2.540000,1.928774,87460739
2020-02-18,2.550000,2.632500,2.534500,2.600000,1.974335,281544891
2020-02-19,2.620000,2.624000,2.600000,2.603500,1.976993,129181068
2020-02-20,2.605000,2.615000,2.550000,2.550000,1.936367,120096111
2020-02-21,2.539500,2.557500,2.505000,2.521500,1.914726,151947458
2020-02-24,2.395500,2.423500,2.352000,2.376500,1.804618,299262443
2020-02-25,2.393000,2.398500,2.329000,2.330000,1.769308,193928270
2020-02-26,2.324000,2.404500,2.296000,2.381000,1.808036,213617351
2020-02-27,2.341000,2.345000,2.256500,2.288500,1.737795,255436464
2020-02-28,2.221500,2.249000,2.161500,2.198500,1.669452,332036718
2020-03-02,2.239000,2.239000,2.076000,2.136500,1.622372,299767078
2020-03-03,2.183500,2.212000,2.106500,2.119000,1.609083,222749857
2020-03-04,2.125000,2.183000,2.087000,2.127500,1.615538,197266498
2020-03-05,2.143500,2.143500,2.039000,2.046500,1.554030,240842467
2020-03-06,1.998000,2.009500,1.961400,1.977200,1.501406,271576259
2020-03-09,1.760000,1.837800,1.716600,1.750000,1.328879,393565793
2020-03-10,1.780000,1.863000,1.686600,1.708800,1.297594,353038018
2020-03-11,1.730200,1.805000,1.716400,1.779200,1.351053,242753578
2020-03-12,1.680000,1.740000,1.456400,1.462800,1.110791,451776106
2020-03-13,1.570200,1.735000,1.490000,1.554400,1.180349,375441607
2020-03-16,1.480000,1.480000,1.306200,1.402800,1.065230,369552585
2020-03-17,1.444200,1.484400,1.352200,1.451400,1.102135,289715404
2020-03-18,1.390000,1.440000,1.350400,1.408600,1.069634,247550491
2020-03-19,1.462600,1.476000,1.395200,1.425200,1.082239,315594543
2020-03-20,1.450000,1.506000,1.450000,1.465400,1.112766,374425005
2020-03-23,1.395400,1.480000,1.386000,1.448800,1.100160,227269682
2020-03-24,1.512200,1.583600,1.501400,1.583600,1.202522,264310315
2020-03-25,1.627800,1.705000,1.553000,1.616200,1.227277,278462019
2020-03-26,1.591800,1.637200,1.564000,1.631000,1.238516,178227536
2020-03-27,1.591200,1.624000,1.544400,1.566600,1.189613,179037412
2020-03-30,1.526000,1.543400,1.443000,1.470800,1.116866,215074452
2020-03-31,1.494600,1.515000,1.421000,1.488400,1.130231,218397233
2020-04-01,1.435000,1.462600,1.426000,1.434800,1.089529,143552849
2020-04-02,1.433000,1.444400,1.385000,1.437800,1.091807,199640211
2020-04-03,1.424000,1.431400,1.329200,1.329200,1.009341,262955606
2020-04-06,1.410000,1.458200,1.393200,1.458200,1.107298,202326407
2020-04-07,1.510000,1.546400,1.442800,1.469000,1.115499,242662247
2020-04-08,1.442000,1.455000,1.418600,1.449200,1.100464,182965178
2020-04-09,1.473000,1.484600,1.420800,1.445000,1.097275,208140147
2020-04-14,1.455000,1.456000,1.397200,1.406200,1.067812,131457273
2020-04-15,1.395000,1.417000,1.348400,1.348400,1.023921,175870841
2020-04-16,1.365600,1.406800,1.346800,1.360200,1.032881,142549890
2020-04-17,1.406600,1.412800,1.364800,1.376200,1.045031,158362300
2020-04-20,1.382400,1.388400,1.344000,1.383000,1.050195,110025074
2020-04-21,1.359000,1.366200,1.317200,1.320000,1.002355,150440268
2020-04-22,1.337800,1.350800,1.324400,1.338200,1.016175,110627074
2020-04-23,1.352000,1.404600,1.340000,1.384400,1.051257,133348849
2020-04-24,1.360000,1.385800,1.341600,1.343800,1.020428,118161733
2020-04-27,1.405200,1.408000,1.373000,1.395200,1.059459,107918673
2020-04-28,1.395400,1.481800,1.394600,1.447200,1.098945,189203015
2020-04-29,1.440000,1.480400,1.421400,1.480400,1.124156,138159186
2020-04-30,1.487200,1.494600,1.413000,1.423000,1.080569,211954391
2020-05-04,1.377600,1.402400,1.360000,1.376000,1.044879,145102162
2020-05-05,1.400000,1.454800,1.385000,1.451000,1.101831,164031679
2020-05-06,1.450000,1.462200,1.413000,1.420200,1.078443,132177064
2020-05-07,1.424400,1.430400,1.376600,1.404400,1.066445,122975183
2020-05-08,1.417000,1.422600,1.385200,1.414000,1.073735,82768667
2020-05-11,1.436400,1.449000,1.402000,1.409400,1.070241,95640755
2020-05-12,1.406600,1.432000,1.405800,1.420800,1.078898,82324684
2020-05-13,1.405800,1.428600,1.393600,1.393600,1.058244,98680076
2020-05-14,1.385000,1.399800,1.342000,1.383600,1.050650,130668548
2020-05-15,1.400000,1.408800,1.364400,1.383800,1.050802,97665720
2020-05-18,1.400000,1.463200,1.394200,1.452200,1.280395,127928045
2020-05-19,1.485000,1.490600,1.398400,1.430800,1.261527,187102087
2020-05-20,1.426400,1.450000,1.387000,1.439000,1.268757,150520818
2020-05-21,1.426000,1.443800,1.407200,1.422000,1.253768,105857401
2020-05-22,1.407000,1.469000,1.394400,1.444600,1.273694,135928077
2020-05-25,1.465000,1.465000,1.437200,1.457600,1.285156,75260084
2020-05-26,1.475000,1.506400,1.472200,1.501200,1.323598,173502752
2020-05-27,1.509200,1.580000,1.504000,1.538400,1.356397,256405188
2020-05-28,1.568800,1.571600,1.528000,1.558600,1.374207,174141556
2020-05-29,1.545000,1.574800,1.538400,1.552400,1.368741,175482363
2020-06-01,1.585000,1.587000,1.553600,1.580000,1.393075,108370965
2020-06-02,1.590200,1.644200,1.580200,1.625000,1.432752,177941891
2020-06-03,1.650000,1.682000,1.637400,1.673200,1.475249,218128390
2020-06-04,1.665000,1.722000,1.646200,1.693800,1.493412,240920046
2020-06-05,1.740000,1.783800,1.734600,1.772800,1.563066,296117466
2020-06-08,1.790000,1.836000,1.780200,1.803400,1.590046,233912546
2020-06-09,1.767000,1.780000,1.701400,1.720000,1.516512,264743879
2020-06-10,1.740000,1.757200,1.675000,1.702600,1.501171,166853775
2020-06-11,1.638000,1.653800,1.605400,1.617800,1.426403,226182636
2020-06-12,1.600000,1.648800,1.583000,1.622000,1.430107,152139463
2020-06-15,1.557000,1.642200,1.551800,1.626600,1.434162,142553754
2020-06-16,1.689400,1.735200,1.655000,1.699200,1.498173,213849652
2020-06-17,1.700000,1.738800,1.693200,1.703800,1.502229,143731254
2020-06-18,1.703600,1.735000,1.670000,1.685800,1.486358,153642688
2020-06-19,1.704000,1.712000,1.669200,1.684800,1.485477,269682632
2020-06-22,1.669200,1.702000,1.660200,1.682400,1.483361,95640120
2020-06-23,1.699600,1.725600,1.684000,1.711400,1.508930,135888266
2020-06-24,1.708800,1.738000,1.662000,1.666800,1.469606,160943897
2020-06-25,1.654000,1.692000,1.631000,1.684800,1.485477,123185666
2020-06-26,1.694800,1.705800,1.653800,1.660000,1.463611,102581414
2020-06-29,1.659400,1.718000,1.650000,1.702000,1.500642,110018394
2020-06-30,1.704000,1.714000,1.674400,1.703600,1.502053,111657567
2020-07-01,1.714800,1.718800,1.661400,1.690600,1.490591,98513384
2020-07-02,1.714000,1.773000,1.705200,1.752800,1.545432,176355143
2020-07-03,1.764000,1.774600,1.732600,1.746800,1.540142,91429484
2020-07-06,1.790000,1.814000,1.780000,1.792200,1.580171,143329053
2020-07-07,1.779800,1.800000,1.762400,1.786600,1.575233,89300618
2020-07-08,1.780000,1.790800,1.754400,1.763000,1.554425,88582311
2020-07-09,1.770600,1.774600,1.718200,1.731200,1.526387,76171288
2020-07-10,1.705400,1.767200,1.705000,1.765400,1.556541,77483420
2020-07-13,1.795000,1.800000,1.752000,1.781400,1.570648,108503588
2020-07-14,1.774800,1.799000,1.766000,1.781000,1.570296,108648168
2020-07-15,1.798000,1.834800,1.780200,1.814400,1.599744,137514596
2020-07-16,1.809800,1.852200,1.807000,1.839400,1.621787,119840772
2020-07-17,1.836000,1.843200,1.814800,1.831800,1.615086,117930603
2020-07-20,1.811200,1.866600,1.804000,1.854400,1.635012,108464272
2020-07-21,1.890000,1.934000,1.880000,1.884800,1.661815,197556694
2020-07-22,1.889200,1.907600,1.867000,1.876200,1.654233,125285070
2020-07-23,1.887000,1.889600,1.832000,1.849200,1.630427,112593688
2020-07-24,1.834600,1.843400,1.807000,1.815400,1.600626,109836342
2020-07-27,1.815200,1.835800,1.795400,1.801400,1.588282,66507298
2020-07-28,1.801000,1.821200,1.771600,1.786200,1.574881,103878255
2020-07-29,1.814000,1.824000,1.755600,1.789400,1.577702,96529926
2020-07-30,1.790000,1.801400,1.710000,1.735000,1.529738,146308486
2020-07-31,1.735200,1.764000,1.705000,1.707200,1.505227,128429624
2020-08-03,1.705800,1.709000,1.677600,1.708200,1.506109,128397929
2020-08-04,1.719000,1.828200,1.714000,1.793600,1.581405,190588902
2020-08-05,1.830000,1.874600,1.826200,1.834400,1.617378,167060427
2020-08-06,1.835400,1.870800,1.796400,1.813800,1.599215,373355516
2020-08-07,1.795000,1.813800,1.769200,1.805400,1.591809,135207231
2020-08-10,1.824000,1.824000,1.788800,1.814000,1.599392,75727210
2020-08-11,1.830000,1.869400,1.829000,1.861200,1.641007,140499318
2020-08-12,1.862000,1.900000,1.856200,1.882800,1.660052,133847221
2020-08-13,1.888400,1.895800,1.865600,1.865600,1.644887,84260497
2020-08-14,1.853600,1.864000,1.815200,1.851600,1.632543,88927105
2020-08-17,1.850000,1.858200,1.818200,1.824400,1.608561,79692132
2020-08-18,1.811800,1.842200,1.795000,1.814800,1.600097,78819802
2020-08-19,1.811400,1.846200,1.802200,1.845000,1.626724,58788991
2020-08-20,1.825000,1.829800,1.803200,1.816200,1.601331,80668988
2020-08-21,1.821200,1.825000,1.791000,1.811600,1.597275,106953840
2020-08-24,1.820800,1.841200,1.817000,1.839200,1.621610,90530814
2020-08-25,1.857400,1.867800,1.834000,1.834000,1.617025,99564956
2020-08-26,1.830000,1.847000,1.820000,1.842600,1.624608,70646008
2020-08-27,1.840000,1.841000,1.793200,1.803800,1.590398,124410217
2020-08-28,1.817200,1.836800,1.797000,1.825000,1.609090,108545631
2020-08-31,1.830000,1.845000,1.800200,1.805200,1.591633,98310423
2020-09-01,1.815000,1.818000,1.778800,1.801800,1.588635,119210233
2020-09-02,1.811000,1.821200,1.788000,1.793600,1.581405,111812142
2020-09-03,1.806600,1.823600,1.768000,1.778800,1.568356,118440833
2020-09-04,1.779000,1.808000,1.764400,1.778600,1.568180,146523583
2020-09-07,1.789000,1.799400,1.770200,1.793800,1.581581,82477553
2020-09-08,1.796800,1.804800,1.753400,1.762000,1.553544,110542135
2020-09-09,1.761000,1.793400,1.754600,1.790200,1.578407,110094048
2020-09-10,1.791000,1.822400,1.777800,1.801200,1.588106,124584492
2020-09-11,1.801200,1.801200,1.771000,1.779200,1.568709,108164503
2020-09-14,1.792000,1.794000,1.766600,1.779000,1.568532,64880606
2020-09-15,1.772000,1.786400,1.756200,1.768800,1.559539,80928281
2020-09-16,1.772600,1.778800,1.740200,1.760200,1.551956,109613437
2020-09-17,1.730000,1.750000,1.720400,1.743400,1.537144,95421734
2020-09-18,1.733000,1.761600,1.712200,1.714800,1.511927,207838368
2020-09-21,1.702000,1.710000,1.622200,1.635600,1.442098,180491201
2020-09-22,1.654800,1.667000,1.631000,1.641800,1.447564,94910480
2020-09-23,1.646000,1.667000,1.611000,1.612200,1.421466,99590996
2020-09-24,1.586200,1.630000,1.563000,1.608000,1.417763,107212603
2020-09-25,1.610000,1.614600,1.560000,1.579000,1.392194,105136110
2020-09-28,1.603400,1.625000,1.590200,1.624600,1.432399,95432083
2020-09-29,1.618000,1.627600,1.605800,1.606800,1.416705,76581863
2020-09-30,1.594000,1.620000,1.582400,1.603000,1.413354,77738940
2020-10-01,1.620000,1.633000,1.581400,1.586400,1.398718,87296782
2020-10-02,1.562800,1.592400,1.551200,1.592400,1.404008,76231897
2020-10-05,1.606400,1.633200,1.601000,1.633200,1.439982,93311289
2020-10-06,1.634000,1.678600,1.623200,1.668400,1.471017,110406496
2020-10-07,1.668000,1.673000,1.640200,1.648800,1.453736,81994791
2020-10-08,1.660000,1.686000,1.654000,1.675400,1.477189,96169137
2020-10-09,1.680000,1.689600,1.668000,1.679000,1.480363,77198886
2020-10-12,1.684600,1.687200,1.663800,1.670600,1.472957,67156093
2020-10-13,1.670000,1.670000,1.622400,1.633200,1.439982,84595184
2020-10-14,1.635800,1.655600,1.612800,1.617400,1.426051,69796550
2020-10-15,1.600000,1.600000,1.536000,1.537600,1.355692,156074761
2020-10-16,1.551800,1.564600,1.506000,1.555800,1.371738,124618921
2020-10-19,1.558200,1.581400,1.552000,1.559800,1.375265,62306184
2020-10-20,1.551200,1.594600,1.545400,1.580000,1.393075,83275039
2020-10-21,1.593400,1.593400,1.532000,1.535800,1.354104,86002609
2020-10-22,1.526200,1.540000,1.508400,1.536800,1.354986,67584614
2020-10-23,1.545200,1.573400,1.542800,1.561200,1.376500,82438494
2020-10-26,1.526400,1.565000,1.522200,1.527000,1.346346,78169010
2020-10-27,1.539200,1.543400,1.485200,1.490600,1.314252,103296987
2020-10-28,1.462000,1.465200,1.412000,1.418000,1.250241,180017236
2020-10-29,1.425800,1.438800,1.380800,1.399200,1.233665,126331783
2020-10-30,1.380000,1.419600,1.378600,1.419600,1.251652,119203735
2020-11-02,1.427200,1.487600,1.411400,1.482400,1.307022,126197482
2020-11-03,1.502000,1.548600,1.491200,1.540600,1.358337,144194448
2020-11-04,1.508400,1.615000,1.499000,1.597800,1.408769,203803920
2020-11-05,1.620000,1.650800,1.613600,1.637200,1.443508,148729237
2020-11-06,1.625600,1.658000,1.589600,1.616800,1.425522,128221808
2020-11-09,1.650000,1.783600,1.638400,1.765800,1.556894,350239730
2020-11-10,1.787000,1.860000,1.765800,1.844200,1.626019,372697750
2020-11-11,1.863000,1.872200,1.816800,1.824800,1.608914,164347113
2020-11-12,1.800000,1.825400,1.773000,1.802000,1.588811,137226115
2020-11-13,1.785400,1.833000,1.785400,1.817800,1.602742,120909519
2020-11-16,1.857400,1.870000,1.826600,1.840000,1.622316,182429381
2020-11-17,1.848800,1.858200,1.830000,1.849200,1.630427,133645925
2020-11-18,1.855600,1.885000,1.844600,1.873400,1.651764,168494137
2020-11-19,1.859800,1.872000,1.845000,1.854200,1.634836,130608010
2020-11-20,1.851000,1.888400,1.846400,1.870400,1.649119,124032958
2020-11-23,1.886000,1.918400,1.860400,1.863400,1.642947,134749213
2020-11-24,1.891000,1.922000,1.886200,1.916000,1.689324,194365001
2020-11-25,1.954000,1.964800,1.895000,1.942200,1.712425,187349775
2020-11-26,1.949800,1.950000,1.921000,1.929200,1.700963,90618411
2020-11-27,1.921200,1.955000,1.921200,1.944600,1.714541,122489030
2020-11-30,1.935000,1.951600,1.912400,1.925400,1.697612,149149925
2020-12-01,1.955000,1.990000,1.940400,1.977000,1.743108,181361467
2020-12-02,1.969800,1.973600,1.927200,1.971000,1.737817,139952774
2020-12-03,1.960200,1.989000,1.948400,1.986200,1.751219,133461005
2020-12-04,1.988000,2.027000,1.982400,1.990600,1.755099,172492636
2020-12-07,1.982000,1.984800,1.954000,1.971200,1.737994,111289747
2020-12-08,1.959000,1.980600,1.957200,1.969000,1.736054,63430700
2020-12-09,1.987400,2.003000,1.974200,1.976000,1.742226,115470755
2020-12-10,1.984000,2.000000,1.935000,1.960800,1.728824,135112365
2020-12-11,1.960800,1.969800,1.914000,1.935800,1.706782,109870005
2020-12-14,1.960200,1.988600,1.939200,1.939200,1.709780,115933387
2020-12-15,1.933600,1.975000,1.926000,1.975000,1.741344,106282966
2020-12-16,1.952000,1.981400,1.920000,1.943000,1.713130,152874195
2020-12-17,1.946200,1.956000,1.932800,1.944400,1.714364,105481938
2020-12-18,1.931200,1.967600,1.928200,1.935200,1.706253,209180263
2020-12-21,1.894000,1.900000,1.836400,1.867600,1.646650,167425912
2020-12-22,1.880000,1.903400,1.874800,1.881200,1.658641,72374137
2020-12-23,1.889200,1.920600,1.876200,1.913000,1.686679,83841658
2020-12-28,1.940000,1.955600,1.917800,1.922400,1.694967,64994533
2020-12-29,1.935000,1.937000,1.909200,1.919800,1.692675,54797247
2020-12-30,1.930000,1.930000,1.912600,1.912600,1.686327,44767538
2021-01-04,1.920000,1.928400,1.876800,1.905200,1.679802,97808522
2021-01-05,1.883000,1.898000,1.870000,1.884400,1.661463,107336916
2021-01-06,1.910000,1.975800,1.904800,1.948200,1.717715,180135138
2021-01-07,1.979400,1.980000,1.943200,1.968000,1.735172,111016785
2021-01-08,1.980000,1.988800,1.944400,1.955000,1.723710,99293459
2021-01-11,1.943600,1.966400,1.916600,1.942800,1.712954,79562489
2021-01-12,1.950000,1.951600,1.927000,1.938200,1.708898,86415439
2021-01-13,1.928600,1.935000,1.903800,1.929200,1.700963,73053957
2021-01-14,1.920200,1.938400,1.899000,1.915000,1.688443,100024989
2021-01-15,1.913000,1.946000,1.886000,1.902000,1.676980,109717434
2021-01-18,1.893600,1.927600,1.888400,1.917200,1.690382,58589324
2021-01-19,1.924400,1.930800,1.903800,1.910400,1.684387,70624807
2021-01-20,1.918000,1.934000,1.913200,1.926400,1.698494,70031580
2021-01-21,1.934000,1.939000,1.905800,1.917200,1.690382,82073015
2021-01-22,1.891600,1.905200,1.855000,1.884200,1.661286,108164424
2021-01-25,1.894400,1.896800,1.816400,1.823200,1.607503,107676051
2021-01-26,1.820000,1.849800,1.805000,1.839600,1.621963,97547299
2021-01-27,1.834000,1.841800,1.783000,1.807600,1.593749,117536076
2021-01-28,1.787200,1.842000,1.781800,1.833600,1.616673,112474022
2021-01-29,1.804000,1.824600,1.786400,1.805200,1.591633,114407663
2021-02-01,1.822000,1.842000,1.810400,1.822000,1.606445,85626417
2021-02-02,1.830000,1.885600,1.830000,1.871000,1.649648,111577562
2021-02-03,2.000000,2.011500,1.937200,1.951200,1.720360,284805919
2021-02-04,1.964400,2.038000,1.940200,2.008500,1.770881,208148447
2021-02-05,2.035000,2.095500,2.024000,2.061000,1.817170,271387397
2021-02-08,2.100000,2.136000,2.090000,2.090000,1.842739,207752994
2021-02-09,2.100000,2.102500,2.065500,2.087000,1.840094,111885967
2021-02-10,2.099500,2.104500,2.074500,2.080000,1.833922,109587009
2021-02-11,2.080000,2.096000,2.070000,2.086500,1.839653,109116541
2021-02-12,2.085000,2.096000,2.060500,2.096000,1.848029,93475043
2021-02-15,2.129000,2.134000,2.111000,2.117500,1.866985,121949112
2021-02-16,2.120000,2.125000,2.086500,2.112500,1.862577,90023354
2021-02-17,2.105500,2.117000,2.081500,2.096000,1.848029,112830764
2021-02-18,2.087000,2.103000,2.061000,2.080000,1.833922,91104219
2021-02-19,2.088500,2.121000,2.079000,2.108500,1.859050,127889187
2021-02-22,2.100000,2.108500,2.081000,2.100000,1.851556,77500902
2021-02-23,2.107000,2.119000,2.074500,2.112000,1.862136,111519517
2021-02-24,2.105500,2.139000,2.100000,2.127500,1.875803,116661586
2021-02-25,2.142000,2.181500,2.142000,2.152000,1.897404,173565516
2021-02-26,2.110500,2.145500,2.103000,2.134000,1.881534,126272077
2021-03-01,2.156500,2.168000,2.146000,2.160000,1.904457,107371755
2021-03-02,2.153000,2.171000,2.151500,2.154500,1.899608,91366774
2021-03-03,2.166500,2.205500,2.166000,2.203000,1.942370,165022674
2021-03-04,2.191000,2.200500,2.169500,2.192000,1.932672,99498924
2021-03-05,2.181000,2.237000,2.158500,2.194500,1.934876,156204277
2021-03-08,2.215500,2.281000,2.208500,2.268000,1.999680,183260416
2021-03-09,2.273000,2.287000,2.245000,2.269500,2.001003,127355533
2021-03-10,2.262000,2.281500,2.257000,2.274000,2.004971,99199260
2021-03-11,2.278500,2.294500,2.242000,2.266500,1.998358,129883931
2021-03-12,2.274000,2.284000,2.265000,2.280500,2.010701,86509649
2021-03-15,2.280500,2.304000,2.251000,2.265000,1.997036,97473419
2021-03-16,2.273000,2.299500,2.270000,2.294000,2.022604,133215619
2021-03-17,2.299000,2.332000,2.296000,2.315000,2.041120,125777219
2021-03-18,2.342000,2.354000,2.331000,2.349000,2.071097,127305992
2021-03-19,2.302500,2.351500,2.295500,2.314000,2.040238,185205153
2021-03-22,2.295500,2.327500,2.286000,2.298500,2.026572,80282586
2021-03-23,2.286000,2.292500,2.266500,2.289000,2.018196,85263128
2021-03-24,2.267000,2.302500,2.253500,2.295500,2.023927,83143926
2021-03-25,2.295000,2.300000,2.268000,2.294500,2.023045,75903228
2021-03-26,2.305000,2.318000,2.288500,2.297500,2.025690,66753359
2021-03-29,2.290500,2.304000,2.278000,2.286000,2.015551,62197968
2021-03-30,2.296000,2.343000,2.294000,2.323500,2.048614,93292845
2021-03-31,2.326000,2.335000,2.304000,2.310500,2.037152,74090748
2021-04-01,2.320000,2.321000,2.309000,2.318000,2.043765,45900385
2021-04-06,2.324000,2.328500,2.295500,2.303000,2.030540,93212545
2021-04-07,2.299000,2.311500,2.277500,2.300500,2.028335,68544001
2021-04-08,2.307000,2.324500,2.255500,2.263000,1.995272,97993978
2021-04-09,2.267500,2.276000,2.238500,2.253500,1.986896,64674105
2021-04-12,2.249500,2.269000,2.230500,2.260500,1.993068,53202736
2021-04-13,2.267000,2.297500,2.256500,2.274000,2.004971,72902211
2021-04-14,2.270000,2.290000,2.262000,2.281000,2.011142,62902420
2021-04-15,2.283000,2.296500,2.270500,2.275000,2.005852,67549197
2021-04-16,2.277500,2.298500,2.274000,2.295500,2.023927,88404974
2021-04-19,2.291000,2.313000,2.285500,2.310000,2.036711,69375128
2021-04-20,2.305000,2.309500,2.232000,2.245000,1.979401,114504829
2021-04-21,2.250000,2.262500,2.195000,2.220000,1.957359,86693360
2021-04-22,2.221000,2.232500,2.206500,2.226000,1.962649,55624137
2021-04-23,2.217000,2.231500,2.201000,2.221000,1.958241,47894610
2021-04-26,2.227500,2.284000,2.218000,2.272500,2.003648,94471904
2021-04-27,2.270000,2.289000,2.260500,2.285000,2.014669,76304447
2021-04-28,2.295500,2.307500,2.275000,2.296500,2.024809,77477398
2021-04-29,2.306500,2.338000,2.299000,2.317500,2.043324,124749996
2021-04-30,2.320000,2.337000,2.310500,2.321000,2.046410,69852424
2021-05-03,2.321000,2.340000,2.319500,2.334000,2.057872,76047467
2021-05-04,2.339000,2.358500,2.297500,2.308000,2.034948,119313491
2021-05-05,2.320000,2.360000,2.314000,2.341000,2.064044,110708385
2021-05-06,2.358000,2.392500,2.350500,2.359000,2.079914,146510696
2021-05-07,2.378000,2.378000,2.342000,2.362000,2.082559,86648440
2021-05-10,2.379000,2.392500,2.370000,2.389500,2.106806,116646738
2021-05-11,2.371000,2.388500,2.362000,2.380500,2.098871,110968200
2021-05-12,2.380000,2.392000,2.355000,2.382500,2.100634,130242977
2021-05-13,2.363500,2.378000,2.311000,2.372500,2.091817,128218509
2021-05-14,2.384500,2.392000,2.367500,2.387500,2.105043,101869130
2021-05-17,2.392000,2.410000,2.379500,2.410000,2.124881,98362315
2021-05-18,2.421000,2.436500,2.395500,2.402500,2.118268,99201107
2021-05-19,2.380000,2.411500,2.332500,2.351500,2.073302,101957155
2021-05-20,2.360000,2.365000,2.327000,2.355000,2.076388,81362055
2021-05-21,2.356000,2.374000,2.332500,2.374000,2.093140,109141186
2021-05-24,2.356000,2.376500,2.351000,2.363000,2.115250,55638454
2021-05-25,2.370000,2.377000,2.357000,2.361000,2.113460,77645937
2021-05-26,2.361000,2.377000,2.318000,2.346000,2.100033,102208340
2021-05-27,2.340000,2.397000,2.335000,2.394000,2.143000,126456450
2021-05-28,2.395000,2.410500,2.394000,2.409000,2.156427,80054302
2021-05-31,2.409000,2.431500,2.406000,2.416500,2.163141,71176865
2021-06-01,2.426000,2.465500,2.426000,2.445500,2.189100,93212903
2021-06-02,2.441000,2.482500,2.435000,2.472500,2.213269,82224347
2021-06-03,2.470000,2.483000,2.457000,2.476000,2.216403,83191255
2021-06-04,2.472000,2.487500,2.472000,2.480500,2.220431,93160555
2021-06-07,2.478000,2.487000,2.457000,2.485500,2.224907,89536520
2021-06-08,2.480000,2.485500,2.446500,2.460000,2.202080,84743621
2021-06-09,2.456500,2.467500,2.435000,2.453500,2.196262,49579243
2021-06-10,2.446000,2.460000,2.428500,2.439000,2.183282,90654080
2021-06-11,2.433000,2.436000,2.408500,2.425000,2.170750,72788025
2021-06-14,2.424000,2.451000,2.424000,2.450000,2.193129,61388649
2021-06-15,2.458000,2.458000,2.424500,2.451000,2.194024,70737185
2021-06-16,2.453000,2.456000,2.410000,2.415000,2.161798,79226829
2021-06-17,2.421000,2.455000,2.415000,2.416500,2.163141,99599526
2021-06-18,2.408500,2.424500,2.344000,2.344000,2.098242,213790594
2021-06-21,2.315000,2.366500,2.310000,2.366500,2.118383,78928239
2021-06-22,2.367500,2.369500,2.336500,2.342000,2.096452,65807390
2021-06-23,2.344000,2.354500,2.316000,2.316000,2.073178,58963662
2021-06-24,2.328500,2.364000,2.320500,2.364000,2.116145,74554826
2021-06-25,2.368500,2.389500,2.368000,2.385500,2.135391,72087580
2021-06-28,2.387000,2.389000,2.329500,2.329500,2.085263,58119540
2021-06-29,2.334500,2.373000,2.331500,2.356500,2.109432,73128346
2021-06-30,2.344000,2.359500,2.304500,2.329500,2.085263,85971308
2021-07-01,2.335000,2.369000,2.325500,2.355500,2.108536,65307958
2021-07-02,2.358000,2.365000,2.335500,2.336000,2.091081,59243634
2021-07-05,2.336000,2.380000,2.327000,2.369000,2.120621,55738707
2021-07-06,2.374000,2.375000,2.310500,2.320500,2.077206,73029996
2021-07-07,2.325500,2.335000,2.282500,2.303500,2.061988,70896220
2021-07-08,2.280000,2.292500,2.214500,2.236000,2.001565,130219087
2021-07-09,2.250000,2.293500,2.237500,2.284000,2.044533,82854284
2021-07-12,2.291500,2.308000,2.254500,2.305500,2.063779,51980584
2021-07-13,2.314000,2.318500,2.259500,2.270000,2.032001,79671103
2021-07-14,2.262500,2.304000,2.259500,2.284500,2.044980,46046095
2021-07-15,2.274000,2.277500,2.244000,2.256000,2.019469,69027681
2021-07-16,2.257000,2.272000,2.222000,2.232000,1.997985,67070993
2021-07-19,2.208500,2.214000,2.130000,2.137500,1.913393,107766949
2021-07-20,2.160000,2.183000,2.125500,2.179000,1.950541,89079539
2021-07-21,2.190000,2.242000,2.177000,2.236500,2.002013,94782700
2021-07-22,2.250000,2.274000,2.236000,2.250500,2.014545,72042721
2021-07-23,2.262500,2.302000,2.258000,2.285000,2.045428,71928434
2021-07-26,2.284500,2.337500,2.259000,2.337500,2.092424,111098708
2021-07-27,2.335000,2.337000,2.291500,2.313500,2.070940,77938752
2021-07-28,2.321000,2.344000,2.313500,2.320000,2.076758,67034136
2021-07-29,2.333500,2.359000,2.320000,2.347000,2.100928,66063635
2021-07-30,2.334000,2.352500,2.327000,2.331500,2.087053,81389220
2021-08-02,2.345000,2.372000,2.314500,2.314500,2.071835,60263018
2021-08-03,2.315500,2.348000,2.313500,2.326500,2.082577,57092163
2021-08-04,2.342000,2.367500,2.293000,2.340000,2.094661,94571026
2021-08-05,2.349500,2.349500,2.312500,2.345000,2.099137,77169519
2021-08-06,2.348500,2.399000,2.344000,2.398500,2.147028,114998932
2021-08-09,2.400000,2.420000,2.391000,2.404500,2.152399,69734544
2021-08-10,2.400000,2.414000,2.392000,2.408000,2.155532,50798853
2021-08-11,2.416500,2.458000,2.406000,2.449000,2.192233,95439749
2021-08-12,2.449500,2.452500,2.432500,2.439000,2.183282,66285729
2021-08-13,2.435500,2.458000,2.428500,2.448000,2.191338,53623200
2021-08-16,2.437000,2.442000,2.418000,2.421500,2.167617,64908462
2021-08-17,2.406000,2.408000,2.375000,2.388500,2.138077,79330596
2021-08-18,2.391000,2.412500,2.382000,2.407500,2.155085,57206320
2021-08-19,2.371000,2.380500,2.352000,2.356500,2.109432,87747524
2021-08-20,2.354500,2.369000,2.336500,2.369000,2.120621,70227968
2021-08-23,2.388000,2.396000,2.372500,2.386000,2.135839,63945074
2021-08-24,2.398000,2.400500,2.364500,2.380000,2.130468,53916610
2021-08-25,2.380000,2.390000,2.369500,2.390000,2.139419,48254761
2021-08-26,2.378000,2.386000,2.359000,2.364000,2.116145,73692888
2021-08-27,2.360000,2.380000,2.354500,2.378000,2.128678,44028348
2021-08-30,2.382500,2.384000,2.362000,2.369000,2.120621,31114337
2021-08-31,2.372000,2.401500,2.362500,2.397500,2.146133,92717758
2021-09-01,2.410000,2.438500,2.400000,2.421500,2.167617,97353965
2021-09-02,2.428500,2.428500,2.401500,2.409500,2.156875,49131925
2021-09-03,2.404000,2.415500,2.378000,2.387500,2.137181,63676170
2021-09-06,2.394000,2.407500,2.388000,2.403000,2.151057,44203753
2021-09-07,2.402000,2.409500,2.375500,2.383500,2.133601,54698041
2021-09-08,2.370500,2.378000,2.338500,2.359000,2.111669,71959305
2021-09-09,2.346000,2.378000,2.332000,2.371500,2.122859,68355632
2021-09-10,2.376000,2.387500,2.338000,2.346500,2.100480,60624597
2021-09-13,2.356000,2.398000,2.354500,2.394000,2.143000,87276101
2021-09-14,2.394000,2.409000,2.369000,2.386500,2.136286,90586956
2021-09-15,2.381000,2.394000,2.365500,2.377000,2.127782,69845097
2021-09-16,2.387500,2.416500,2.381000,2.407500,2.155085,78699432
2021-09-17,2.420000,2.429000,2.374000,2.374000,2.125097,160810560
2021-09-20,2.340000,2.343000,2.273000,2.302000,2.060646,145981965
2021-09-21,2.313500,2.348000,2.309000,2.322000,2.078549,81089212
2021-09-22,2.340000,2.373000,2.340000,2.373000,2.124202,85984698
2021-09-23,2.388000,2.432000,2.386500,2.427500,2.172987,118034675
2021-09-24,2.417500,2.441000,2.408500,2.424500,2.170302,80834608
2021-09-27,2.440000,2.483000,2.436500,2.472000,2.212822,152224860
2021-09-28,2.484000,2.501500,2.428000,2.429500,2.174778,126732769
2021-09-29,2.451000,2.462000,2.430000,2.459000,2.201185,67083531
2021-09-30,2.474500,2.479000,2.442000,2.453500,2.196262,101277895
2021-10-01,2.420000,2.456000,2.401500,2.449000,2.192233,98871046
2021-10-04,2.440500,2.457500,2.420000,2.421500,2.167617,67444990
2021-10-05,2.434000,2.505500,2.425500,2.503000,2.240572,187008221
2021-10-06,2.491000,2.499500,2.450500,2.475000,2.215507,163270472
2021-10-07,2.496000,2.527000,2.480500,2.510000,2.246838,147595779
2021-10-08,2.512000,2.527000,2.507500,2.517500,2.253551,88033927
2021-10-11,2.523000,2.531500,2.491500,2.503500,2.241019,85990708
2021-10-12,2.473000,2.517000,2.463500,2.512500,2.249076,75650093
2021-10-13,2.510500,2.522500,2.486000,2.495000,2.233410,88519826
2021-10-14,2.502000,2.525500,2.496500,2.523500,2.258923,137176210
2021-10-15,2.540000,2.592500,2.532000,2.575000,2.305023,205770330
2021-10-18,2.520000,2.525000,2.478000,2.491500,2.320014,148999911
2021-10-19,2.489000,2.496500,2.451000,2.451000,2.282302,108016834
2021-10-20,2.450000,2.478500,2.444000,2.467000,2.297201,68353785
2021-10-21,2.455000,2.462500,2.442000,2.445000,2.276715,62365726
2021-10-22,2.449500,2.460500,2.442500,2.451500,2.282768,61645319
2021-10-25,2.461500,2.483000,2.455500,2.463000,2.293476,71624405
2021-10-26,2.470000,2.485500,2.462500,2.481500,2.310703,67581431
2021-10-27,2.476000,2.479500,2.450500,2.453000,2.284165,67731861
2021-10-28,2.447500,2.454500,2.425500,2.438000,2.270197,71843270
2021-10-29,2.438000,2.457500,2.416000,2.457500,2.288355,75046745
2021-11-01,2.460000,2.517000,2.460000,2.495000,2.323274,89918632
2021-11-02,2.495000,2.516000,2.490500,2.512000,2.339104,75535829
2021-11-03,2.517000,2.519000,2.484500,2.502000,2.329792,92554399
2021-11-04,2.516500,2.518000,2.441000,2.456500,2.287424,140613581
2021-11-05,2.465500,2.499500,2.451500,2.483500,2.312565,96180503
2021-11-08,2.483500,2.513000,2.477500,2.492500,2.320946,79553517
2021-11-09,2.486500,2.492500,2.470500,2.470500,2.300460,60377250
2021-11-10,2.479500,2.493000,2.464000,2.477000,2.306513,60307148
2021-11-11,2.477000,2.491000,2.463000,2.472000,2.301857,48876774
2021-11-12,2.470000,2.473500,2.455000,2.471500,2.301391,47158916
2021-11-15,2.462000,2.490000,2.458000,2.490000,2.318618,50364935
2021-11-16,2.490000,2.494000,2.473500,2.482500,2.311634,53248503
2021-11-17,2.480000,2.488500,2.474000,2.482000,2.311169,50526482
2021-11-18,2.481500,2.496000,2.460000,2.467000,2.297201,69180454
2021-11-19,2.475000,2.481500,2.360000,2.384000,2.219914,153999062
2021-11-22,2.339500,2.341000,2.306000,2.327000,2.234413,115114669
2021-11-23,2.318500,2.337500,2.296500,2.302000,2.210408,74246215
2021-11-24,2.305000,2.322000,2.287000,2.302500,2.210888,77475065
2021-11-25,2.311000,2.315500,2.283000,2.288000,2.196965,46513961
2021-11-26,2.200000,2.210500,2.156500,2.156500,2.070697,186685908
2021-11-29,2.193000,2.203000,2.132000,2.143000,2.057734,116561166
2021-11-30,2.105000,2.150500,2.083000,2.115500,2.031328,152236488
2021-12-01,2.132000,2.180000,2.131500,2.168500,2.082219,94332635
2021-12-02,2.145000,2.162000,2.125500,2.147500,2.062055,83918494
2021-12-03,2.169500,2.175000,2.125500,2.146500,2.061095,72590456
2021-12-06,2.161500,2.218000,2.159500,2.213000,2.124949,71379187
2021-12-07,2.230500,2.269000,2.223000,2.258000,2.168158,89002541
2021-12-08,2.250000,2.267000,2.225500,2.231000,2.142232,65648259
2021-12-09,2.238000,2.255500,2.215500,2.225000,2.136471,67842869
2021-12-10,2.221500,2.238500,2.204000,2.215500,2.127349,55644231
2021-12-13,2.218000,2.248000,2.200000,2.205000,2.117267,60010376
2021-12-14,2.213500,2.238500,2.211000,2.224500,2.135991,85998694
2021-12-15,2.226500,2.239000,2.201500,2.201500,2.113906,71768908
2021-12-16,2.230000,2.262000,2.220000,2.242500,2.153275,86922597
2021-12-17,2.228000,2.238000,2.183000,2.205500,2.117747,123788028
2021-12-20,2.160000,2.193000,2.127000,2.182000,2.095182,75024668
2021-12-21,2.203500,2.232500,2.181500,2.232500,2.143673,55379091
2021-12-22,2.229500,2.241500,2.215000,2.230500,2.141752,53159232
2021-12-23,2.240000,2.255000,2.231000,2.251000,2.161437,46808722
2021-12-27,2.250000,2.268500,2.243500,2.262500,2.172479,38903377
2021-12-28,2.263500,2.330000,2.263000,2.283500,2.192644,51805910
2021-12-29,2.288000,2.292000,2.261500,2.277000,2.186402,47138572
2021-12-30,2.278500,2.283500,2.270000,2.274000,2.183522,46996417
2022-01-03,2.287500,2.347500,2.284000,2.345000,2.251697,100071576
2022-01-04,2.355000,2.404000,2.340500,2.394000,2.298747,109773020
2022-01-05,2.399500,2.425000,2.391000,2.418000,2.321792,100244360
2022-01-06,2.393500,2.446500,2.382000,2.433000,2.336195,104835421
2022-01-07,2.443000,2.461000,2.429500,2.451500,2.353959,107325762
2022-01-10,2.469000,2.482000,2.459500,2.463000,2.365002,98655905
2022-01-11,2.475000,2.484000,2.454500,2.482000,2.383246,78079690
2022-01-12,2.499500,2.545500,2.489000,2.545500,2.444219,159597055
2022-01-13,2.535000,2.560500,2.521000,2.560500,2.458622,101354060
2022-01-14,2.542000,2.573000,2.520500,2.562000,2.460063,105602145
2022-01-17,2.580000,2.589500,2.565000,2.577500,2.474946,72427932
2022-01-18,2.565500,2.584500,2.533000,2.575000,2.472545,92849184
2022-01-19,2.564500,2.569500,2.523500,2.534000,2.433177,99165998
2022-01-20,2.525000,2.551500,2.520000,2.551500,2.449980,89571701
2022-01-21,2.553000,2.588500,2.520000,2.552000,2.450461,140162006
2022-01-24,2.540000,2.559000,2.446000,2.466500,2.368362,108566464
2022-01-25,2.490000,2.500000,2.447500,2.489000,2.389967,80527001
2022-01-26,2.503500,2.573000,2.496000,2.564500,2.462463,114966373
2022-01-27,2.540000,2.636500,2.536000,2.612500,2.508553,140783761
2022-01-28,2.608000,2.611000,2.553000,2.597000,2.493670,105147045
2022-01-31,2.670000,2.675000,2.593000,2.619500,2.515275,141955805
2022-02-01,2.636000,2.670000,2.632000,2.670000,2.563766,126513539
2022-02-02,2.686000,2.741000,2.676500,2.697000,2.589691,173050195
2022-02-03,2.708000,2.728000,2.666500,2.728000,2.619458,159875762
2022-02-04,2.779000,2.785000,2.645500,2.667000,2.560885,179274593
2022-02-07,2.695000,2.720500,2.632000,2.715000,2.606975,127227231
2022-02-08,2.720000,2.771000,2.719500,2.769500,2.659307,145016799
2022-02-09,2.780000,2.853500,2.757000,2.853500,2.739964,206623550
2022-02-10,2.849000,2.920000,2.844000,2.920000,2.803818,221256820
2022-02-11,2.876500,2.893000,2.821000,2.853500,2.739964,158380102
2022-02-14,2.760000,2.773000,2.675500,2.767500,2.657386,212759865
2022-02-15,2.765500,2.854500,2.753500,2.853000,2.739484,159155445
2022-02-16,2.859000,2.869000,2.770000,2.791000,2.679951,117092289
2022-02-17,2.780000,2.785500,2.719000,2.739000,2.630020,111674644
2022-02-18,2.733500,2.776500,2.713000,2.722000,2.613696,102033376
2022-02-21,2.741000,2.752500,2.646000,2.674000,2.567606,91928126
2022-02-22,2.600000,2.704000,2.588000,2.660000,2.554163,152285081
2022-02-23,2.672500,2.705000,2.606000,2.620500,2.516235,92284663
2022-02-24,2.490000,2.528500,2.363000,2.412000,2.316031,276738423
2022-02-25,2.426000,2.498000,2.338500,2.477500,2.378925,214078265
2022-02-28,2.354000,2.375000,2.255000,2.293500,2.202246,267012043
2022-03-01,2.290000,2.337500,2.116500,2.116500,2.032288,265223138
2022-03-02,2.070000,2.159500,2.022000,2.146000,2.060614,244964398
2022-03-03,2.150000,2.174000,2.077500,2.084000,2.001081,146984826
2022-03-04,2.060000,2.062500,1.896200,1.896200,1.820754,263849787
2022-03-07,1.786400,1.909200,1.681600,1.843200,1.769862,286679922
2022-03-08,1.812200,1.966000,1.810800,1.865600,1.791371,250249097
2022-03-09,1.983000,2.072500,1.942600,2.072500,1.990039,284368758
2022-03-10,2.100000,2.106000,1.909000,1.914800,1.838614,242662604
2022-03-11,1.921200,2.016500,1.852000,1.919400,1.843031,196708793
2022-03-14,1.972000,2.018500,1.938600,1.990000,1.910822,138012223
2022-03-15,1.965000,2.037500,1.933800,2.008000,1.928105,146874422
2022-03-16,2.080000,2.166500,2.062500,2.148000,2.062535,249784468
2022-03-17,2.160500,2.173500,2.017500,2.072000,1.989559,184646155
2022-03-18,2.078000,2.096000,2.027000,2.086000,2.003002,166844591
2022-03-21,2.077000,2.121000,2.065000,2.066500,1.984278,101038503
2022-03-22,2.081500,2.120000,2.075000,2.100000,2.016445,95960950
2022-03-23,2.113500,2.118500,2.036500,2.048000,1.966514,116587190
2022-03-24,2.050000,2.060000,2.023500,2.031000,1.950190,86262852
2022-03-25,2.030000,2.044000,2.000500,2.033000,1.952111,87563653
2022-03-28,2.035000,2.114500,2.035000,2.044500,1.963153,110952011
2022-03-29,2.084000,2.188000,2.077000,2.161000,2.075018,188276099
2022-03-30,2.150000,2.158000,2.110000,2.134000,2.049092,112895255
2022-03-31,2.132000,2.145000,2.078000,2.083500,2.000601,94608133
2022-04-01,2.094000,2.119500,2.070000,2.105000,2.021246,86491264
2022-04-04,2.101500,2.104000,2.061000,2.095000,2.011644,82479152
2022-04-05,2.081000,2.093000,2.035500,2.042000,1.960753,93829143
2022-04-06,2.037000,2.057500,1.952200,1.982200,1.903332,148549215
2022-04-07,1.989000,2.032000,1.951600,1.951600,1.873949,87376256
2022-04-08,1.990000,2.019000,1.968000,1.982000,1.903140,100604126
2022-04-11,1.990800,1.998000,1.956600,1.980800,1.901988,78429599
2022-04-12,1.942800,1.967400,1.916200,1.941200,1.863963,109265046
2022-04-13,1.940000,1.954800,1.924400,1.944200,1.866844,73561429
2022-04-14,2.008000,2.008000,1.954400,1.971000,1.892577,97532496
2022-04-19,1.970000,1.981200,1.942600,1.973000,1.894498,71444615
2022-04-20,1.972000,2.047000,1.967000,2.020500,1.940108,100571602
2022-04-21,2.028500,2.044500,2.011000,2.025000,1.944429,66884456
2022-04-22,1.998600,2.014000,1.966000,1.982800,1.903908,97479819
2022-04-25,1.949000,1.976400,1.930000,1.948600,1.871069,85495161
2022-04-26,1.960000,1.967200,1.911000,1.918000,1.841686,87503390
2022-04-27,1.920000,1.928000,1.876800,1.920800,1.844375,133946403
2022-04-28,1.940000,1.965000,1.903800,1.926000,1.849368,79017610
2022-04-29,1.941200,1.962400,1.919800,1.954800,1.877022,99110634
2022-05-02,1.936200,1.948000,1.896200,1.922400,1.845911,80377626
2022-05-03,1.939800,1.974600,1.932800,1.960200,1.882207,89245697
2022-05-04,1.965400,1.972000,1.923800,1.925200,1.848600,70175915
2022-05-05,1.970000,1.994400,1.917800,1.924600,1.848024,116750113
2022-05-06,1.920000,1.940000,1.846600,1.880000,1.805198,171259083
2022-05-09,1.872400,1.878800,1.830000,1.830000,1.757188,116306775
2022-05-10,1.855600,1.900800,1.848600,1.861600,1.787530,132537709
2022-05-11,1.880000,1.955400,1.857600,1.940000,1.862811,138506255
2022-05-12,1.902000,1.981200,1.889800,1.962200,1.884128,123853719
2022-05-13,1.975000,1.981200,1.962000,1.972400,1.893922,87591938
2022-05-16,1.964000,1.978000,1.940200,1.954400,1.876638,78594805
2022-05-17,1.970000,2.021000,1.958600,1.990000,1.910822,110168925
2022-05-18,1.998000,2.004000,1.975000,1.990400,1.911206,95392138
2022-05-19,1.966000,1.988000,1.948600,1.988000,1.908901,115222027
2022-05-20,2.000000,2.023000,1.971000,1.983000,1.904100,123804849
2022-05-23,1.935000,1.975200,1.926800,1.975200,1.975200,129740997
2022-05-24,1.954000,2.005500,1.946600,1.979200,1.979200,118434792
2022-05-25,1.999000,2.034500,1.979400,2.033000,2.033000,118694156
2022-05-26,2.033000,2.058500,2.019500,2.051500,2.051500,85012361
2022-05-27,2.053000,2.062000,2.025000,2.047000,2.047000,84982308
2022-05-30,2.055000,2.081500,2.046000,2.059500,2.059500,84372383
2022-05-31,2.046500,2.057000,2.013000,2.030500,2.030500,127421864
2022-06-01,2.048000,2.054500,1.998000,2.000000,2.000000,85115326
2022-06-02,2.016000,2.017500,1.980800,2.000000,2.000000,50245570
2022-06-03,2.010000,2.011000,1.958200,1.973000,1.973000,76855312
2022-06-06,1.988800,2.041000,1.982000,2.037500,2.037500,84050321
2022-06-07,2.027000,2.030000,1.988600,2.002500,2.002500,78735205
2022-06-08,2.001000,2.006000,1.978200,1.990000,1.990000,74428268
2022-06-09,1.980000,2.018000,1.960400,1.966800,1.966800,97060920
2022-06-10,1.950000,1.954000,1.805400,1.821600,1.821600,228037211
2022-06-13,1.767000,1.767000,1.728000,1.759000,1.759000,171971979
2022-06-14,1.783800,1.807600,1.743800,1.770000,1.770000,124577741
2022-06-15,1.890000,1.903400,1.821400,1.851400,1.851400,168241320
2022-06-16,1.847000,1.847000,1.770800,1.793000,1.793000,148971742
2022-06-17,1.801000,1.891000,1.797800,1.803600,1.803600,222626497
2022-06-20,1.808200,1.881200,1.808000,1.872600,1.872600,116079461
2022-06-21,1.890000,1.934000,1.875600,1.886000,1.886000,119462093
2022-06-22,1.853200,1.910800,1.844000,1.880600,1.880600,103192172
2022-06-23,1.883800,1.901800,1.828200,1.840000,1.840000,164285824
2022-06-24,1.857000,1.892000,1.835200,1.882200,1.882200,121400748
2022-06-27,1.925000,1.955000,1.888000,1.893400,1.893400,147678067
2022-06-28,1.904800,1.935800,1.898600,1.898600,1.898600,114640001
2022-06-29,1.878000,1.897800,1.866000,1.876000,1.876000,92133124
2022-06-30,1.842000,1.846000,1.759600,1.780000,1.780000,193939309
2022-07-01,1.759800,1.793400,1.738600,1.767600,1.767600,149502743
2022-07-04,1.766000,1.767800,1.702400,1.725200,1.725200,149919583
2022-07-05,1.735800,1.752600,1.668000,1.671400,1.671400,154084169
2022-07-06,1.698600,1.713400,1.658200,1.678200,1.678200,136773354
2022-07-07,1.703200,1.749800,1.686600,1.745200,1.745200,125880068
2022-07-08,1.745600,1.777000,1.723200,1.762600,1.762600,111679647
2022-07-11,1.726800,1.766400,1.718800,1.732000,1.732000,105799711
2022-07-12,1.710000,1.720000,1.662000,1.707600,1.707600,157261239
2022-07-13,1.700600,1.713400,1.677400,1.700800,1.700800,110683557
2022-07-14,1.666800,1.672600,1.605800,1.606600,1.606600,179537785
2022-07-15,1.601000,1.662800,1.588000,1.632000,1.632000,176257473
2022-07-18,1.643400,1.704600,1.639800,1.674000,1.674000,156621774
2022-07-19,1.669800,1.776400,1.663800,1.772600,1.772600,161406979
2022-07-20,1.785400,1.813600,1.701400,1.710400,1.710400,186150352
2022-07-21,1.632000,1.699600,1.584200,1.663000,1.663000,259407424
2022-07-22,1.656600,1.690000,1.644000,1.660000,1.660000,169481257
2022-07-25,1.659000,1.701600,1.657600,1.688000,1.688000,102787503
2022-07-26,1.676200,1.680000,1.650000,1.656800,1.656800,102787399
2022-07-27,1.669800,1.685000,1.646800,1.677200,1.677200,117272482
2022-07-28,1.695000,1.731200,1.693200,1.705800,1.705800,150997246
2022-07-29,1.730000,1.755600,1.717200,1.728600,1.728600,178060526
2022-08-01,1.736400,1.776600,1.729000,1.749200,1.749200,113674111
2022-08-02,1.750000,1.768600,1.732200,1.747000,1.747000,111573069
2022-08-03,1.756600,1.776000,1.750600,1.773800,1.773800,94723322
2022-08-04,1.780200,1.794000,1.763600,1.783000,1.783000,114143403
2022-08-05,1.783400,1.824600,1.783400,1.814000,1.814000,106798358
2022-08-08,1.821600,1.832600,1.792000,1.817200,1.817200,85229500
2022-08-09,1.810200,1.832800,1.807400,1.816000,1.816000,70940368
2022-08-10,1.813200,1.835200,1.808600,1.832600,1.832600,92842885
2022-08-11,1.840000,1.851600,1.829000,1.840000,1.840000,82985477
2022-08-12,1.841000,1.859000,1.841000,1.853800,1.853800,94750701
2022-08-16,1.853000,1.864800,1.830000,1.854800,1.854800,83286392
2022-08-17,1.858400,1.867600,1.822000,1.828600,1.828600,110163210
2022-08-18,1.823200,1.842800,1.823200,1.827000,1.827000,89083505
2022-08-19,1.822400,1.823000,1.766200,1.773200,1.773200,131113327